  0
SECTION
  2
HEADER
  9
$ACADVER
  1
AC1032
  9
$ACADMAINTVER
 90
4
  9
$DWGCODEPAGE
  3
ANSI_1252
  9
$LASTSAVEDBY
  1
ezdxf
  9
$REQUIREDVERSIONS
160
0
  9
$INSBASE
 10
0.0
 20
0.0
 30
0.0
  9
$EXTMIN
 10
1e+20
 20
1e+20
 30
1e+20
  9
$EXTMAX
 10
-1e+20
 20
-1e+20
 30
-1e+20
  9
$LIMMIN
 10
0.0
 20
0.0
  9
$LIMMAX
 10
420.0
 20
297.0
  9
$ORTHOMODE
 70
0
  9
$REGENMODE
 70
1
  9
$FILLMODE
 70
1
  9
$QTEXTMODE
 70
0
  9
$MIRRTEXT
 70
1
  9
$LTSCALE
 40
1.0
  9
$ATTMODE
 70
1
  9
$TEXTSIZE
 40
2.5
  9
$TRACEWID
 40
1.0
  9
$TEXTSTYLE
  7
OpenSans
  9
$CLAYER
  8
0
  9
$CELTYPE
  6
ByLayer
  9
$CECOLOR
 62
256
  9
$CELTSCALE
 40
1.0
  9
$DISPSILH
 70
0
  9
$DIMSCALE
 40
1.0
  9
$DIMASZ
 40
0.175
  9
$DIMEXO
 40
0.125
  9
$DIMDLI
 40
3.75
  9
$DIMRND
 40
0.0
  9
$DIMDLE
 40
0.0
  9
$DIMEXE
 40
0.375
  9
$DIMTP
 40
0.0
  9
$DIMTM
 40
0.0
  9
$DIMTXT
 40
0.25
  9
$DIMCEN
 40
2.5
  9
$DIMTSZ
 40
0.0
  9
$DIMTOL
 70
0
  9
$DIMLIM
 70
0
  9
$DIMTIH
 70
0
  9
$DIMTOH
 70
0
  9
$DIMSE1
 70
0
  9
$DIMSE2
 70
0
  9
$DIMTAD
 70
1
  9
$DIMZIN
 70
12
  9
$DIMBLK
  1
ARCHTICK
  9
$DIMASO
 70
1
  9
$DIMSHO
 70
1
  9
$DIMPOST
  1

  9
$DIMAPOST
  1

  9
$DIMALT
 70
0
  9
$DIMALTD
 70
3
  9
$DIMALTF
 40
0.03937007874
  9
$DIMLFAC
 40
100.0
  9
$DIMTOFL
 70
1
  9
$DIMTVP
 40
0.0
  9
$DIMTIX
 70
0
  9
$DIMSOXD
 70
0
  9
$DIMSAH
 70
0
  9
$DIMBLK1
  1

  9
$DIMBLK2
  1

  9
$DIMSTYLE
  2
EZDXF
  9
$DIMCLRD
 70
0
  9
$DIMCLRE
 70
0
  9
$DIMCLRT
 70
0
  9
$DIMTFAC
 40
0.5
  9
$DIMGAP
 40
0.1
  9
$DIMJUST
 70
0
  9
$DIMSD1
 70
0
  9
$DIMSD2
 70
0
  9
$DIMTOLJ
 70
0
  9
$DIMTZIN
 70
8
  9
$DIMALTZ
 70
0
  9
$DIMALTTZ
 70
0
  9
$DIMUPT
 70
1
  9
$DIMDEC
 70
2
  9
$DIMTDEC
 70
2
  9
$DIMALTU
 70
2
  9
$DIMALTTD
 70
3
  9
$DIMTXSTY
  7
OpenSansCondensed-Light
  9
$DIMAUNIT
 70
0
  9
$DIMADEC
 70
2
  9
$DIMALTRND
 40
0.0
  9
$DIMAZIN
 70
3
  9
$DIMDSEP
 70
46
  9
$DIMATFIT
 70
3
  9
$DIMFRAC
 70
0
  9
$DIMLDRBLK
  1

  9
$DIMLUNIT
 70
2
  9
$DIMLWD
 70
-2
  9
$DIMLWE
 70
-2
  9
$DIMTMOVE
 70
2
  9
$DIMFXL
 40
1.0
  9
$DIMFXLON
 70
0
  9
$DIMJOGANG
 40
0.785398163397
  9
$DIMTFILL
 70
0
  9
$DIMTFILLCLR
 70
0
  9
$DIMARCSYM
 70
0
  9
$DIMLTYPE
  6

  9
$DIMLTEX1
  6

  9
$DIMLTEX2
  6

  9
$DIMTXTDIRECTION
 70
0
  9
$LUNITS
 70
2
  9
$LUPREC
 70
4
  9
$SKETCHINC
 40
1.0
  9
$FILLETRAD
 40
10.0
  9
$AUNITS
 70
0
  9
$AUPREC
 70
2
  9
$MENU
  1
.
  9
$ELEVATION
 40
0.0
  9
$PELEVATION
 40
0.0
  9
$THICKNESS
 40
0.0
  9
$LIMCHECK
 70
0
  9
$CHAMFERA
 40
0.0
  9
$CHAMFERB
 40
0.0
  9
$CHAMFERC
 40
0.0
  9
$CHAMFERD
 40
0.0
  9
$SKPOLY
 70
0
  9
$TDCREATE
 40
2461203.9851041664
  9
$TDUCREATE
 40
2458532.153996898
  9
$TDUPDATE
 40
2461203.985115741
  9
$TDUUPDATE
 40
2458532.1544311
  9
$TDINDWG
 40
0.0
  9
$TDUSRTIMER
 40
0.0
  9
$USRTIMER
 70
1
  9
$ANGBASE
 50
0.0
  9
$ANGDIR
 70
0
  9
$PDMODE
 70
0
  9
$PDSIZE
 40
0.0
  9
$PLINEWID
 40
0.0
  9
$SPLFRAME
 70
0
  9
$SPLINETYPE
 70
6
  9
$SPLINESEGS
 70
8
  9
$HANDSEED
  5
5D9
  9
$SURFTAB1
 70
6
  9
$SURFTAB2
 70
6
  9
$SURFTYPE
 70
6
  9
$SURFU
 70
6
  9
$SURFV
 70
6
  9
$UCSBASE
  2

  9
$UCSNAME
  2

  9
$UCSORG
 10
0.0
 20
0.0
 30
0.0
  9
$UCSXDIR
 10
1.0
 20
0.0
 30
0.0
  9
$UCSYDIR
 10
0.0
 20
1.0
 30
0.0
  9
$UCSORTHOREF
  2

  9
$UCSORTHOVIEW
 70
0
  9
$UCSORGTOP
 10
0.0
 20
0.0
 30
0.0
  9
$UCSORGBOTTOM
 10
0.0
 20
0.0
 30
0.0
  9
$UCSORGLEFT
 10
0.0
 20
0.0
 30
0.0
  9
$UCSORGRIGHT
 10
0.0
 20
0.0
 30
0.0
  9
$UCSORGFRONT
 10
0.0
 20
0.0
 30
0.0
  9
$UCSORGBACK
 10
0.0
 20
0.0
 30
0.0
  9
$PUCSBASE
  2

  9
$PUCSNAME
  2

  9
$PUCSORG
 10
0.0
 20
0.0
 30
0.0
  9
$PUCSXDIR
 10
1.0
 20
0.0
 30
0.0
  9
$PUCSYDIR
 10
0.0
 20
1.0
 30
0.0
  9
$PUCSORTHOREF
  2

  9
$PUCSORTHOVIEW
 70
0
  9
$PUCSORGTOP
 10
0.0
 20
0.0
 30
0.0
  9
$PUCSORGBOTTOM
 10
0.0
 20
0.0
 30
0.0
  9
$PUCSORGLEFT
 10
0.0
 20
0.0
 30
0.0
  9
$PUCSORGRIGHT
 10
0.0
 20
0.0
 30
0.0
  9
$PUCSORGFRONT
 10
0.0
 20
0.0
 30
0.0
  9
$PUCSORGBACK
 10
0.0
 20
0.0
 30
0.0
  9
$USERI1
 70
0
  9
$USERI2
 70
0
  9
$USERI3
 70
0
  9
$USERI4
 70
0
  9
$USERI5
 70
0
  9
$USERR1
 40
0.0
  9
$USERR2
 40
0.0
  9
$USERR3
 40
0.0
  9
$USERR4
 40
0.0
  9
$USERR5
 40
0.0
  9
$WORLDVIEW
 70
1
  9
$SHADEDGE
 70
3
  9
$SHADEDIF
 70
70
  9
$TILEMODE
 70
1
  9
$MAXACTVP
 70
64
  9
$PINSBASE
 10
0.0
 20
0.0
 30
0.0
  9
$PLIMCHECK
 70
0
  9
$PEXTMIN
 10
1e+20
 20
1e+20
 30
1e+20
  9
$PEXTMAX
 10
-1e+20
 20
-1e+20
 30
-1e+20
  9
$PLIMMIN
 10
0.0
 20
0.0
  9
$PLIMMAX
 10
420.0
 20
297.0
  9
$UNITMODE
 70
0
  9
$VISRETAIN
 70
1
  9
$PLINEGEN
 70
0
  9
$PSLTSCALE
 70
1
  9
$TREEDEPTH
 70
3020
  9
$CMLSTYLE
  2
Standard
  9
$CMLJUST
 70
0
  9
$CMLSCALE
 40
20.0
  9
$PROXYGRAPHICS
 70
1
  9
$MEASUREMENT
 70
1
  9
$CELWEIGHT
370
-1
  9
$ENDCAPS
280
0
  9
$JOINSTYLE
280
0
  9
$LWDISPLAY
290
0
  9
$INSUNITS
 70
6
  9
$HYPERLINKBASE
  1

  9
$STYLESHEET
  1

  9
$XEDIT
290
1
  9
$CEPSNTYPE
380
0
  9
$PSTYLEMODE
290
1
  9
$FINGERPRINTGUID
  2
{17E14C02-B54A-440A-8DC4-B742FF163F02}
  9
$VERSIONGUID
  2
{8F14915B-F3F5-44AE-AE1E-43CCC0E3CAAE}
  9
$EXTNAMES
290
1
  9
$PSVPSCALE
 40
0.0
  9
$OLESTARTUP
290
0
  9
$SORTENTS
280
127
  9
$INDEXCTL
280
0
  9
$HIDETEXT
280
1
  9
$XCLIPFRAME
280
1
  9
$HALOGAP
280
0
  9
$OBSCOLOR
 70
257
  9
$OBSLTYPE
280
0
  9
$INTERSECTIONDISPLAY
280
0
  9
$INTERSECTIONCOLOR
 70
257
  9
$DIMASSOC
280
2
  9
$PROJECTNAME
  1

  9
$CAMERADISPLAY
290
0
  9
$LENSLENGTH
 40
50.0
  9
$CAMERAHEIGHT
 40
0.0
  9
$STEPSPERSEC
 40
24.0
  9
$STEPSIZE
 40
100.0
  9
$3DDWFPREC
 40
2.0
  9
$PSOLWIDTH
 40
0.005
  9
$PSOLHEIGHT
 40
0.08
  9
$LOFTANG1
 40
1.570796326795
  9
$LOFTANG2
 40
1.570796326795
  9
$LOFTMAG1
 40
0.0
  9
$LOFTMAG2
 40
0.0
  9
$LOFTPARAM
 70
7
  9
$LOFTNORMALS
280
1
  9
$LATITUDE
 40
37.795
  9
$LONGITUDE
 40
-122.394
  9
$NORTHDIRECTION
 40
0.0
  9
$TIMEZONE
 70
-8000
  9
$LIGHTGLYPHDISPLAY
280
1
  9
$TILEMODELIGHTSYNCH
280
1
  9
$CMATERIAL
347
20
  9
$SOLIDHIST
280
0
  9
$SHOWHIST
280
1
  9
$DWFFRAME
280
2
  9
$DGNFRAME
280
2
  9
$REALWORLDSCALE
290
1
  9
$INTERFERECOLOR
 62
256
  9
$CSHADOW
280
0
  9
$SHADOWPLANELOCATION
 40
0.0
  0
ENDSEC
  0
SECTION
  2
CLASSES
  0
CLASS
  1
ACDBDICTIONARYWDFLT
  2
AcDbDictionaryWithDefault
  3
ObjectDBX Classes
 90
0
 91
0
280
0
281
0
  0
CLASS
  1
SUN
  2
AcDbSun
  3
SCENEOE
 90
1153
 91
0
280
0
281
0
  0
CLASS
  1
VISUALSTYLE
  2
AcDbVisualStyle
  3
ObjectDBX Classes
 90
4095
 91
0
280
0
281
0
  0
CLASS
  1
MATERIAL
  2
AcDbMaterial
  3
ObjectDBX Classes
 90
1153
 91
0
280
0
281
0
  0
CLASS
  1
SCALE
  2
AcDbScale
  3
ObjectDBX Classes
 90
1153
 91
0
280
0
281
0
  0
CLASS
  1
TABLESTYLE
  2
AcDbTableStyle
  3
ObjectDBX Classes
 90
4095
 91
0
280
0
281
0
  0
CLASS
  1
MLEADERSTYLE
  2
AcDbMLeaderStyle
  3
ACDB_MLEADERSTYLE_CLASS
 90
4095
 91
0
280
0
281
0
  0
CLASS
  1
DICTIONARYVAR
  2
AcDbDictionaryVar
  3
ObjectDBX Classes
 90
0
 91
0
280
0
281
0
  0
CLASS
  1
CELLSTYLEMAP
  2
AcDbCellStyleMap
  3
ObjectDBX Classes
 90
1152
 91
0
280
0
281
0
  0
CLASS
  1
MENTALRAYRENDERSETTINGS
  2
AcDbMentalRayRenderSettings
  3
SCENEOE
 90
1024
 91
0
280
0
281
0
  0
CLASS
  1
ACDBDETAILVIEWSTYLE
  2
AcDbDetailViewStyle
  3
ObjectDBX Classes
 90
1025
 91
0
280
0
281
0
  0
CLASS
  1
ACDBSECTIONVIEWSTYLE
  2
AcDbSectionViewStyle
  3
ObjectDBX Classes
 90
1025
 91
0
280
0
281
0
  0
CLASS
  1
RASTERVARIABLES
  2
AcDbRasterVariables
  3
ISM
 90
0
 91
0
280
0
281
0
  0
CLASS
  1
IMAGE
  2
AcDbRasterImage
  3
ISM
 90
2175
 91
0
280
0
281
1
  0
CLASS
  1
IMAGEDEF
  2
AcDbRasterImageDef
  3
ISM
 90
0
 91
0
280
0
281
0
  0
CLASS
  1
IMAGEDEF_REACTOR
  2
AcDbRasterImageDefReactor
  3
ISM
 90
1
 91
0
280
0
281
0
  0
CLASS
  1
LAYOUT
  2
AcDbLayout
  3
ObjectDBX Classes
 90
0
 91
0
280
0
281
0
  0
CLASS
  1
ACDBPLACEHOLDER
  2
AcDbPlaceHolder
  3
ObjectDBX Classes
 90
0
 91
0
280
0
281
0
  0
ENDSEC
  0
SECTION
  2
TABLES
  0
TABLE
  2
VPORT
  5
8
330
0
100
AcDbSymbolTable
 70
1
  0
VPORT
  5
23
330
8
100
AcDbSymbolTableRecord
100
AcDbViewportTableRecord
  2
*Active
 70
0
 10
0.0
 20
0.0
 11
1.0
 21
1.0
 12
0.0
 22
0.0
 13
0.0
 23
0.0
 14
0.5
 24
0.5
 15
0.5
 25
0.5
 16
0.0
 26
0.0
 36
1.0
 17
0.0
 27
0.0
 37
0.0
 40
1000.0
 41
1.34
 42
50.0
 43
0.0
 44
0.0
 50
0.0
 51
0.0
 71
0
 72
1000
 73
1
 74
3
 75
0
 76
0
 77
0
 78
0
281
0
 65
0
146
0.0
  0
ENDTAB
  0
TABLE
  2
LTYPE
  5
2
330
0
100
AcDbSymbolTable
 70
21
  0
LTYPE
  5
24
330
2
100
AcDbSymbolTableRecord
100
AcDbLinetypeTableRecord
  2
ByBlock
 70
0
  3

 72
65
 73
0
 40
0.0
  0
LTYPE
  5
25
330
2
100
AcDbSymbolTableRecord
100
AcDbLinetypeTableRecord
  2
ByLayer
 70
0
  3

 72
65
 73
0
 40
0.0
  0
LTYPE
  5
26
330
2
100
AcDbSymbolTableRecord
100
AcDbLinetypeTableRecord
  2
Continuous
 70
0
  3

 72
65
 73
0
 40
0.0
  0
LTYPE
  5
2F
330
2
100
AcDbSymbolTableRecord
100
AcDbLinetypeTableRecord
  2
CENTER
 70
0
  3
Center ____ _ ____ _ ____ _ ____ _ ____ _ ____
 72
65
 73
4
 40
5.08
 49
3.175
 74
0
 49
-0.635
 74
0
 49
0.635
 74
0
 49
-0.635
 74
0
  0
LTYPE
  5
30
330
2
100
AcDbSymbolTableRecord
100
AcDbLinetypeTableRecord
  2
CENTERX2
 70
0
  3
Center (2x) ________  __  ________  __  ________
 72
65
 73
4
 40
8.89
 49
6.35
 74
0
 49
-0.635
 74
0
 49
1.27
 74
0
 49
-0.635
 74
0
  0
LTYPE
  5
31
330
2
100
AcDbSymbolTableRecord
100
AcDbLinetypeTableRecord
  2
CENTER2
 70
0
  3
Center (.5x) ____ _ ____ _ ____ _ ____ _ ____
 72
65
 73
4
 40
2.54
 49
1.587
 74
0
 49
-0.318
 74
0
 49
0.318
 74
0
 49
-0.318
 74
0
  0
LTYPE
  5
32
330
2
100
AcDbSymbolTableRecord
100
AcDbLinetypeTableRecord
  2
DASHED
 70
0
  3
Dashed __ __ __ __ __ __ __ __ __ __ __ __ __ _
 72
65
 73
2
 40
1.524
 49
1.27
 74
0
 49
-0.254
 74
0
  0
LTYPE
  5
33
330
2
100
AcDbSymbolTableRecord
100
AcDbLinetypeTableRecord
  2
DASHEDX2
 70
0
  3
Dashed (2x) ____  ____  ____  ____  ____  ____
 72
65
 73
2
 40
3.048
 49
2.54
 74
0
 49
-0.508
 74
0
  0
LTYPE
  5
34
330
2
100
AcDbSymbolTableRecord
100
AcDbLinetypeTableRecord
  2
DASHED2
 70
0
  3
Dashed (.5x) _ _ _ _ _ _ _ _ _ _ _ _ _ _
 72
65
 73
2
 40
0.762
 49
0.635
 74
0
 49
-0.127
 74
0
  0
LTYPE
  5
35
330
2
100
AcDbSymbolTableRecord
100
AcDbLinetypeTableRecord
  2
PHANTOM
 70
0
  3
Phantom ______  __  __  ______  __  __  ______
 72
65
 73
6
 40
6.35
 49
3.175
 74
0
 49
-0.635
 74
0
 49
0.635
 74
0
 49
-0.635
 74
0
 49
0.635
 74
0
 49
-0.635
 74
0
  0
LTYPE
  5
36
330
2
100
AcDbSymbolTableRecord
100
AcDbLinetypeTableRecord
  2
PHANTOMX2
 70
0
  3
Phantom (2x)____________    ____    ____    ____________
 72
65
 73
6
 40
10.795
 49
6.35
 74
0
 49
-0.635
 74
0
 49
1.27
 74
0
 49
-0.635
 74
0
 49
1.27
 74
0
 49
-0.635
 74
0
  0
LTYPE
  5
37
330
2
100
AcDbSymbolTableRecord
100
AcDbLinetypeTableRecord
  2
PHANTOM2
 70
0
  3
Phantom (.5x) ___ _ _ ___ _ _ ___ _ _ ___ _ _ ___
 72
65
 73
6
 40
3.175
 49
1.587
 74
0
 49
-0.318
 74
0
 49
0.318
 74
0
 49
-0.318
 74
0
 49
0.318
 74
0
 49
-0.318
 74
0
  0
LTYPE
  5
38
330
2
100
AcDbSymbolTableRecord
100
AcDbLinetypeTableRecord
  2
DASHDOT
 70
0
  3
Dash dot __ . __ . __ . __ . __ . __ . __ . __
 72
65
 73
4
 40
3.556
 49
2.54
 74
0
 49
-0.508
 74
0
 49
0.0
 74
0
 49
-0.508
 74
0
  0
LTYPE
  5
39
330
2
100
AcDbSymbolTableRecord
100
AcDbLinetypeTableRecord
  2
DASHDOTX2
 70
0
  3
Dash dot (2x) ____  .  ____  .  ____  .  ____
 72
65
 73
4
 40
6.096
 49
5.08
 74
0
 49
-0.508
 74
0
 49
0.0
 74
0
 49
-0.508
 74
0
  0
LTYPE
  5
3A
330
2
100
AcDbSymbolTableRecord
100
AcDbLinetypeTableRecord
  2
DASHDOT2
 70
0
  3
Dash dot (.5x) _ . _ . _ . _ . _ . _ . _ . _
 72
65
 73
4
 40
1.778
 49
1.27
 74
0
 49
-0.254
 74
0
 49
0.0
 74
0
 49
-0.254
 74
0
  0
LTYPE
  5
3B
330
2
100
AcDbSymbolTableRecord
100
AcDbLinetypeTableRecord
  2
DOT
 70
0
  3
Dot .  .  .  .  .  .  .  .  .  .  .  .  .  .  .  .
 72
65
 73
2
 40
0.508
 49
0.0
 74
0
 49
-0.508
 74
0
  0
LTYPE
  5
3C
330
2
100
AcDbSymbolTableRecord
100
AcDbLinetypeTableRecord
  2
DOTX2
 70
0
  3
Dot (2x) .    .    .    .    .    .    .    . 
 72
65
 73
2
 40
1.016
 49
0.0
 74
0
 49
-1.016
 74
0
  0
LTYPE
  5
3D
330
2
100
AcDbSymbolTableRecord
100
AcDbLinetypeTableRecord
  2
DOT2
 70
0
  3
Dot (.5) . . . . . . . . . . . . . . . . . . . 
 72
65
 73
2
 40
0.254
 49
0.0
 74
0
 49
-0.254
 74
0
  0
LTYPE
  5
3E
330
2
100
AcDbSymbolTableRecord
100
AcDbLinetypeTableRecord
  2
DIVIDE
 70
0
  3
Divide __ . . __ . . __ . . __ . . __ . . __
 72
65
 73
6
 40
4.064
 49
2.54
 74
0
 49
-0.508
 74
0
 49
0.0
 74
0
 49
-0.508
 74
0
 49
0.0
 74
0
 49
-0.508
 74
0
  0
LTYPE
  5
3F
330
2
100
AcDbSymbolTableRecord
100
AcDbLinetypeTableRecord
  2
DIVIDEX2
 70
0
  3
Divide (2x) ____  . .  ____  . .  ____  . .  ____
 72
65
 73
6
 40
6.604
 49
5.08
 74
0
 49
-0.508
 74
0
 49
0.0
 74
0
 49
-0.508
 74
0
 49
0.0
 74
0
 49
-0.508
 74
0
  0
LTYPE
  5
40
330
2
100
AcDbSymbolTableRecord
100
AcDbLinetypeTableRecord
  2
DIVIDE2
 70
0
  3
Divide(.5x) _ . _ . _ . _ . _ . _ . _ . _
 72
65
 73
6
 40
2.032
 49
1.27
 74
0
 49
-0.254
 74
0
 49
0.0
 74
0
 49
-0.254
 74
0
 49
0.0
 74
0
 49
-0.254
 74
0
  0
ENDTAB
  0
TABLE
  2
LAYER
  5
1
330
0
100
AcDbSymbolTable
 70
28
  0
LAYER
  5
27
330
1
100
AcDbSymbolTableRecord
100
AcDbLayerTableRecord
  2
0
 70
0
 62
7
  6
Continuous
370
-3
390
13
347
21
  0
LAYER
  5
28
330
1
100
AcDbSymbolTableRecord
100
AcDbLayerTableRecord
  2
Defpoints
 70
0
 62
7
  6
Continuous
290
0
370
-3
390
13
347
21
  0
LAYER
  5
8A
330
1
100
AcDbSymbolTableRecord
100
AcDbLayerTableRecord
  2
MESURES
 70
0
 62
1
  6
Continuous
370
-3
390
13
347
21
  0
LAYER
  5
8B
330
1
100
AcDbSymbolTableRecord
100
AcDbLayerTableRecord
  2
LIGNES-NIVEAU
 70
0
 62
4
  6
Continuous
370
-3
390
13
347
21
  0
LAYER
  5
8C
330
1
100
AcDbSymbolTableRecord
100
AcDbLayerTableRecord
  2
GRID-1M
 70
0
 62
-8
  6
Continuous
370
-3
390
13
347
21
  0
LAYER
  5
8D
330
1
100
AcDbSymbolTableRecord
100
AcDbLayerTableRecord
  2
Z-SCALE
 70
0
 62
5
  6
Continuous
370
-3
390
13
347
21
  0
LAYER
  5
8E
330
1
100
AcDbSymbolTableRecord
100
AcDbLayerTableRecord
  2
TITRES
 70
0
 62
7
  6
Continuous
370
-3
390
13
347
21
  0
LAYER
  5
8F
330
1
100
AcDbSymbolTableRecord
100
AcDbLayerTableRecord
  2
NOTES
 70
0
 62
2
  6
Continuous
370
-3
390
13
347
21
  0
LAYER
  5
90
330
1
100
AcDbSymbolTableRecord
100
AcDbLayerTableRecord
  2
ELEV-AileOuest_long
 70
0
 62
7
  6
Continuous
370
-3
390
13
347
21
  0
LAYER
  5
DC
330
1
100
AcDbSymbolTableRecord
100
AcDbLayerTableRecord
  2
ELEV-AileOuest_short
 70
0
 62
7
  6
Continuous
370
-3
390
13
347
21
  0
LAYER
  5
115
330
1
100
AcDbSymbolTableRecord
100
AcDbLayerTableRecord
  2
COUPE-AileOuest_transv
 70
0
 62
5
  6
Continuous
370
-3
390
13
347
21
  0
LAYER
  5
15F
330
1
100
AcDbSymbolTableRecord
100
AcDbLayerTableRecord
  2
COUPE-AileOuest_longit
 70
0
 62
5
  6
Continuous
370
-3
390
13
347
21
  0
LAYER
  5
1A9
330
1
100
AcDbSymbolTableRecord
100
AcDbLayerTableRecord
  2
ELEV-AileSudEst_long
 70
0
 62
7
  6
Continuous
370
-3
390
13
347
21
  0
LAYER
  5
1F3
330
1
100
AcDbSymbolTableRecord
100
AcDbLayerTableRecord
  2
ELEV-AileSudEst_short
 70
0
 62
7
  6
Continuous
370
-3
390
13
347
21
  0
LAYER
  5
22C
330
1
100
AcDbSymbolTableRecord
100
AcDbLayerTableRecord
  2
COUPE-AileSudEst_transv_arm1
 70
0
 62
5
  6
Continuous
370
-3
390
13
347
21
  0
LAYER
  5
276
330
1
100
AcDbSymbolTableRecord
100
AcDbLayerTableRecord
  2
COUPE-AileSudEst_transv_arm2
 70
0
 62
5
  6
Continuous
370
-3
390
13
347
21
  0
LAYER
  5
2C0
330
1
100
AcDbSymbolTableRecord
100
AcDbLayerTableRecord
  2
ELEV-Atelier_long
 70
0
 62
7
  6
Continuous
370
-3
390
13
347
21
  0
LAYER
  5
2F9
330
1
100
AcDbSymbolTableRecord
100
AcDbLayerTableRecord
  2
ELEV-Atelier_short
 70
0
 62
7
  6
Continuous
370
-3
390
13
347
21
  0
LAYER
  5
332
330
1
100
AcDbSymbolTableRecord
100
AcDbLayerTableRecord
  2
COUPE-Atelier_transv
 70
0
 62
5
  6
Continuous
370
-3
390
13
347
21
  0
LAYER
  5
37C
330
1
100
AcDbSymbolTableRecord
100
AcDbLayerTableRecord
  2
COUPE-Atelier_longit
 70
0
 62
5
  6
Continuous
370
-3
390
13
347
21
  0
LAYER
  5
3C6
330
1
100
AcDbSymbolTableRecord
100
AcDbLayerTableRecord
  2
ELEV-Chapelle_long
 70
0
 62
7
  6
Continuous
370
-3
390
13
347
21
  0
LAYER
  5
3FF
330
1
100
AcDbSymbolTableRecord
100
AcDbLayerTableRecord
  2
ELEV-Chapelle_short
 70
0
 62
7
  6
Continuous
370
-3
390
13
347
21
  0
LAYER
  5
449
330
1
100
AcDbSymbolTableRecord
100
AcDbLayerTableRecord
  2
COUPE-Chapelle_transv
 70
0
 62
5
  6
Continuous
370
-3
390
13
347
21
  0
LAYER
  5
482
330
1
100
AcDbSymbolTableRecord
100
AcDbLayerTableRecord
  2
COUPE-Chapelle_longit
 70
0
 62
5
  6
Continuous
370
-3
390
13
347
21
  0
LAYER
  5
4CC
330
1
100
AcDbSymbolTableRecord
100
AcDbLayerTableRecord
  2
ELEV-Maisonprincipale_long
 70
0
 62
7
  6
Continuous
370
-3
390
13
347
21
  0
LAYER
  5
505
330
1
100
AcDbSymbolTableRecord
100
AcDbLayerTableRecord
  2
ELEV-Maisonprincipale_short
 70
0
 62
7
  6
Continuous
370
-3
390
13
347
21
  0
LAYER
  5
53E
330
1
100
AcDbSymbolTableRecord
100
AcDbLayerTableRecord
  2
COUPE-Maisonprincipale_transv
 70
0
 62
5
  6
Continuous
370
-3
390
13
347
21
  0
LAYER
  5
577
330
1
100
AcDbSymbolTableRecord
100
AcDbLayerTableRecord
  2
COUPE-Maisonprincipale_longit
 70
0
 62
5
  6
Continuous
370
-3
390
13
347
21
  0
ENDTAB
  0
TABLE
  2
STYLE
  5
5
330
0
100
AcDbSymbolTable
 70
26
  0
STYLE
  5
29
330
5
100
AcDbSymbolTableRecord
100
AcDbTextStyleTableRecord
  2
Standard
 70
0
 40
0.0
 41
1.0
 50
0.0
 71
0
 42
2.5
  3
txt
  4

  0
STYLE
  5
41
330
5
100
AcDbSymbolTableRecord
100
AcDbTextStyleTableRecord
  2
OpenSans-Light
 70
0
 40
0.0
 41
1.0
 50
0.0
 71
0
 42
2.5
  3
OpenSans-Light.ttf
  4

  0
STYLE
  5
42
330
5
100
AcDbSymbolTableRecord
100
AcDbTextStyleTableRecord
  2
OpenSans-Light-Italic
 70
0
 40
0.0
 41
1.0
 50
0.0
 71
0
 42
2.5
  3
OpenSans-LightItalic.ttf
  4

  0
STYLE
  5
43
330
5
100
AcDbSymbolTableRecord
100
AcDbTextStyleTableRecord
  2
OpenSans
 70
0
 40
0.0
 41
1.0
 50
0.0
 71
0
 42
2.5
  3
OpenSans-Regular.ttf
  4

  0
STYLE
  5
44
330
5
100
AcDbSymbolTableRecord
100
AcDbTextStyleTableRecord
  2
OpenSans-Italic
 70
0
 40
0.0
 41
1.0
 50
0.0
 71
0
 42
2.5
  3
OpenSans-Italic.ttf
  4

  0
STYLE
  5
45
330
5
100
AcDbSymbolTableRecord
100
AcDbTextStyleTableRecord
  2
OpenSans-SemiBold
 70
0
 40
0.0
 41
1.0
 50
0.0
 71
0
 42
2.5
  3
OpenSans-SemiBold.ttf
  4

  0
STYLE
  5
46
330
5
100
AcDbSymbolTableRecord
100
AcDbTextStyleTableRecord
  2
OpenSans-SemiBoldItalic
 70
0
 40
0.0
 41
1.0
 50
0.0
 71
0
 42
2.5
  3
OpenSans-SemiBoldItalic.ttf
  4

  0
STYLE
  5
47
330
5
100
AcDbSymbolTableRecord
100
AcDbTextStyleTableRecord
  2
OpenSans-Bold
 70
0
 40
0.0
 41
1.0
 50
0.0
 71
0
 42
2.5
  3
OpenSans-Bold.ttf
  4

  0
STYLE
  5
48
330
5
100
AcDbSymbolTableRecord
100
AcDbTextStyleTableRecord
  2
OpenSans-BoldItalic
 70
0
 40
0.0
 41
1.0
 50
0.0
 71
0
 42
2.5
  3
OpenSans-BoldItalic.ttf
  4

  0
STYLE
  5
49
330
5
100
AcDbSymbolTableRecord
100
AcDbTextStyleTableRecord
  2
OpenSans-ExtraBold
 70
0
 40
0.0
 41
1.0
 50
0.0
 71
0
 42
2.5
  3
OpenSans-ExtraBold.ttf
  4

  0
STYLE
  5
4A
330
5
100
AcDbSymbolTableRecord
100
AcDbTextStyleTableRecord
  2
OpenSans-ExtraBoldItalic
 70
0
 40
0.0
 41
1.0
 50
0.0
 71
0
 42
2.5
  3
OpenSans-ExtraBoldItalic.ttf
  4

  0
STYLE
  5
4B
330
5
100
AcDbSymbolTableRecord
100
AcDbTextStyleTableRecord
  2
OpenSansCondensed-Bold
 70
0
 40
0.0
 41
1.0
 50
0.0
 71
0
 42
2.5
  3
OpenSansCondensed-Bold.ttf
  4

  0
STYLE
  5
4C
330
5
100
AcDbSymbolTableRecord
100
AcDbTextStyleTableRecord
  2
OpenSansCondensed-Light
 70
0
 40
0.0
 41
1.0
 50
0.0
 71
0
 42
2.5
  3
OpenSansCondensed-Light.ttf
  4

  0
STYLE
  5
4D
330
5
100
AcDbSymbolTableRecord
100
AcDbTextStyleTableRecord
  2
OpenSansCondensed-Italic
 70
0
 40
0.0
 41
1.0
 50
0.0
 71
0
 42
2.5
  3
OpenSansCondensed-LightItalic.ttf
  4

  0
STYLE
  5
4E
330
5
100
AcDbSymbolTableRecord
100
AcDbTextStyleTableRecord
  2
LiberationSans
 70
0
 40
0.0
 41
1.0
 50
0.0
 71
0
 42
2.5
  3
LiberationSans-Regular.ttf
  4

  0
STYLE
  5
4F
330
5
100
AcDbSymbolTableRecord
100
AcDbTextStyleTableRecord
  2
LiberationSans-Bold
 70
0
 40
0.0
 41
1.0
 50
0.0
 71
0
 42
2.5
  3
LiberationSans-Bold.ttf
  4

  0
STYLE
  5
50
330
5
100
AcDbSymbolTableRecord
100
AcDbTextStyleTableRecord
  2
LiberationSans-BoldItalic
 70
0
 40
0.0
 41
1.0
 50
0.0
 71
0
 42
2.5
  3
LiberationSans-BoldItalic.ttf
  4

  0
STYLE
  5
51
330
5
100
AcDbSymbolTableRecord
100
AcDbTextStyleTableRecord
  2
LiberationSans-Italic
 70
0
 40
0.0
 41
1.0
 50
0.0
 71
0
 42
2.5
  3
LiberationSans-Italic.ttf
  4

  0
STYLE
  5
52
330
5
100
AcDbSymbolTableRecord
100
AcDbTextStyleTableRecord
  2
LiberationSerif
 70
0
 40
0.0
 41
1.0
 50
0.0
 71
0
 42
2.5
  3
LiberationSerif-Regular.ttf
  4

  0
STYLE
  5
53
330
5
100
AcDbSymbolTableRecord
100
AcDbTextStyleTableRecord
  2
LiberationSerif-Bold
 70
0
 40
0.0
 41
1.0
 50
0.0
 71
0
 42
2.5
  3
LiberationSerif-Bold.ttf
  4

  0
STYLE
  5
54
330
5
100
AcDbSymbolTableRecord
100
AcDbTextStyleTableRecord
  2
LiberationSerif-BoldItalic
 70
0
 40
0.0
 41
1.0
 50
0.0
 71
0
 42
2.5
  3
LiberationSerif-BoldItalic.ttf
  4

  0
STYLE
  5
55
330
5
100
AcDbSymbolTableRecord
100
AcDbTextStyleTableRecord
  2
LiberationSerif-Italic
 70
0
 40
0.0
 41
1.0
 50
0.0
 71
0
 42
2.5
  3
LiberationSerif-Italic.ttf
  4

  0
STYLE
  5
56
330
5
100
AcDbSymbolTableRecord
100
AcDbTextStyleTableRecord
  2
LiberationMono
 70
0
 40
0.0
 41
1.0
 50
0.0
 71
0
 42
2.5
  3
LiberationMono-Regular.ttf
  4

  0
STYLE
  5
57
330
5
100
AcDbSymbolTableRecord
100
AcDbTextStyleTableRecord
  2
LiberationMono-Bold
 70
0
 40
0.0
 41
1.0
 50
0.0
 71
0
 42
2.5
  3
LiberationMono-Bold.ttf
  4

  0
STYLE
  5
58
330
5
100
AcDbSymbolTableRecord
100
AcDbTextStyleTableRecord
  2
LiberationMono-BoldItalic
 70
0
 40
0.0
 41
1.0
 50
0.0
 71
0
 42
2.5
  3
LiberationMono-BoldItalic.ttf
  4

  0
STYLE
  5
59
330
5
100
AcDbSymbolTableRecord
100
AcDbTextStyleTableRecord
  2
LiberationMono-Italic
 70
0
 40
0.0
 41
1.0
 50
0.0
 71
0
 42
2.5
  3
LiberationMono-Italic.ttf
  4

  0
ENDTAB
  0
TABLE
  2
VIEW
  5
7
330
0
100
AcDbSymbolTable
 70
0
  0
ENDTAB
  0
TABLE
  2
UCS
  5
6
330
0
100
AcDbSymbolTable
 70
0
  0
ENDTAB
  0
TABLE
  2
APPID
  5
3
330
0
100
AcDbSymbolTable
 70
3
  0
APPID
  5
2A
330
3
100
AcDbSymbolTableRecord
100
AcDbRegAppTableRecord
  2
ACAD
 70
0
  0
APPID
  5
5D6
330
3
100
AcDbSymbolTableRecord
100
AcDbRegAppTableRecord
  2
HATCHBACKGROUNDCOLOR
 70
0
  0
APPID
  5
5D7
330
3
100
AcDbSymbolTableRecord
100
AcDbRegAppTableRecord
  2
EZDXF
 70
0
  0
ENDTAB
  0
TABLE
  2
DIMSTYLE
  5
4
330
0
100
AcDbSymbolTable
 70
12
100
AcDbDimStyleTable
  0
DIMSTYLE
105
2B
330
4
100
AcDbSymbolTableRecord
100
AcDbDimStyleTableRecord
  2
Standard
 70
0
 40
1.0
 41
2.5
 42
0.625
 43
3.75
 44
1.25
 45
0.0
 46
0.0
 47
0.0
 48
0.0
 49
2.5
140
2.5
141
2.5
142
0.0
143
0.03937007874
144
1.0
145
0.0
146
1.0
147
0.625
148
0.0
 69
0
 70
0
 71
0
 72
0
 73
0
 74
0
 75
0
 76
0
 77
1
 78
8
 79
3
170
0
171
3
172
1
173
0
174
0
175
0
176
0
177
0
178
0
179
2
271
2
272
2
273
2
274
3
275
0
276
0
277
2
278
44
279
0
280
0
281
0
282
0
283
0
284
8
285
0
286
0
288
0
289
3
290
0
371
-2
372
-2
  0
DIMSTYLE
105
73
330
4
100
AcDbSymbolTableRecord
100
AcDbDimStyleTableRecord
  2
EZDXF
 70
0
 40
1.0
 41
0.175
 42
0.125
 43
3.75
 44
0.375
 45
0.0
 46
0.0
 47
0.0
 48
0.0
 49
2.5
140
0.25
141
2.5
142
0.0
143
0.03937007874
144
100.0
145
0.0
146
0.5
147
0.1
148
0.0
 69
0
 70
0
 71
0
 72
0
 73
0
 74
0
 75
0
 76
0
 77
1
 78
12
 79
3
170
0
171
3
172
1
173
0
174
0
175
0
176
0
177
0
178
0
179
2
271
2
272
2
273
2
274
3
275
0
276
0
277
2
278
46
279
2
280
0
281
0
282
0
283
0
284
8
285
0
286
0
288
1
289
3
290
0
340
4C
342
74
371
-2
372
-2
  0
DIMSTYLE
105
7C
330
4
100
AcDbSymbolTableRecord
100
AcDbDimStyleTableRecord
  2
EZ_M_100_H25_CM
 70
0
 40
1.0
 41
0.25
 42
0.125
 43
3.75
 44
0.375
 45
0.0
 46
0.0
 47
0.0
 48
0.0
 49
2.5
140
0.25
141
2.5
142
0.125
143
0.03937007874
144
100.0
145
0.0
146
0.5
147
0.1
148
0.0
 69
0
 70
0
 71
0
 72
0
 73
0
 74
0
 75
0
 76
0
 77
1
 78
12
 79
3
170
0
171
3
172
1
173
0
174
0
175
0
176
0
177
0
178
0
179
2
271
2
272
2
273
2
274
3
275
0
276
0
277
2
278
46
279
2
280
0
281
0
282
0
283
0
284
8
285
0
286
0
288
1
289
3
290
0
340
4C
371
-2
372
-2
  0
DIMSTYLE
105
7D
330
4
100
AcDbSymbolTableRecord
100
AcDbDimStyleTableRecord
  2
EZ_M_50_H25_CM
 70
0
 40
1.0
 41
0.125
 42
0.0625
 43
3.75
 44
0.1875
 45
0.0
 46
0.0
 47
0.0
 48
0.0
 49
2.5
140
0.125
141
2.5
142
0.0625
143
0.03937007874
144
100.0
145
0.0
146
0.5
147
0.05
148
0.0
 69
0
 70
0
 71
0
 72
0
 73
0
 74
0
 75
0
 76
0
 77
1
 78
12
 79
3
170
0
171
3
172
1
173
0
174
0
175
0
176
0
177
0
178
0
179
2
271
2
272
2
273
2
274
3
275
0
276
0
277
2
278
46
279
2
280
0
281
0
282
0
283
0
284
8
285
0
286
0
288
1
289
3
290
0
340
4C
371
-2
372
-2
  0
DIMSTYLE
105
7E
330
4
100
AcDbSymbolTableRecord
100
AcDbDimStyleTableRecord
  2
EZ_M_25_H25_CM
 70
0
 40
1.0
 41
0.0625
 42
0.03125
 43
3.75
 44
0.09375
 45
0.0
 46
0.0
 47
0.0
 48
0.0
 49
2.5
140
0.0625
141
2.5
142
0.03125
143
0.03937007874
144
100.0
145
0.0
146
0.5
147
0.025
148
0.0
 69
0
 70
0
 71
0
 72
0
 73
0
 74
0
 75
0
 76
0
 77
1
 78
12
 79
3
170
0
171
3
172
1
173
0
174
0
175
0
176
0
177
0
178
0
179
2
271
2
272
2
273
2
274
3
275
0
276
0
277
2
278
46
279
2
280
0
281
0
282
0
283
0
284
8
285
0
286
0
288
1
289
3
290
0
340
4C
371
-2
372
-2
  0
DIMSTYLE
105
7F
330
4
100
AcDbSymbolTableRecord
100
AcDbDimStyleTableRecord
  2
EZ_M_20_H25_CM
 70
0
 40
1.0
 41
0.05
 42
0.025
 43
3.75
 44
0.07500000000000001
 45
0.0
 46
0.0
 47
0.0
 48
0.0
 49
2.5
140
0.05
141
2.5
142
0.025
143
0.03937007874
144
100.0
145
0.0
146
0.5
147
0.020000000000000004
148
0.0
 69
0
 70
0
 71
0
 72
0
 73
0
 74
0
 75
0
 76
0
 77
1
 78
12
 79
3
170
0
171
3
172
1
173
0
174
0
175
0
176
0
177
0
178
0
179
2
271
2
272
2
273
2
274
3
275
0
276
0
277
2
278
46
279
2
280
0
281
0
282
0
283
0
284
8
285
0
286
0
288
1
289
3
290
0
340
4C
371
-2
372
-2
  0
DIMSTYLE
105
80
330
4
100
AcDbSymbolTableRecord
100
AcDbDimStyleTableRecord
  2
EZ_M_10_H25_CM
 70
0
 40
1.0
 41
0.025
 42
0.0125
 43
3.75
 44
0.037500000000000006
 45
0.0
 46
0.0
 47
0.0
 48
0.0
 49
2.5
140
0.025
141
2.5
142
0.0125
143
0.03937007874
144
100.0
145
0.0
146
0.5
147
0.010000000000000002
148
0.0
 69
0
 70
0
 71
0
 72
0
 73
0
 74
0
 75
0
 76
0
 77
1
 78
12
 79
3
170
0
171
3
172
1
173
0
174
0
175
0
176
0
177
0
178
0
179
2
271
2
272
2
273
2
274
3
275
0
276
0
277
2
278
46
279
2
280
0
281
0
282
0
283
0
284
8
285
0
286
0
288
1
289
3
290
0
340
4C
371
-2
372
-2
  0
DIMSTYLE
105
81
330
4
100
AcDbSymbolTableRecord
100
AcDbDimStyleTableRecord
  2
EZ_M_5_H25_CM
 70
0
 40
1.0
 41
0.0125
 42
0.00625
 43
3.75
 44
0.018750000000000003
 45
0.0
 46
0.0
 47
0.0
 48
0.0
 49
2.5
140
0.0125
141
2.5
142
0.00625
143
0.03937007874
144
100.0
145
0.0
146
0.5
147
0.005000000000000001
148
0.0
 69
0
 70
0
 71
0
 72
0
 73
0
 74
0
 75
0
 76
0
 77
1
 78
12
 79
3
170
0
171
3
172
1
173
0
174
0
175
0
176
0
177
0
178
0
179
2
271
2
272
2
273
2
274
3
275
0
276
0
277
2
278
46
279
2
280
0
281
0
282
0
283
0
284
8
285
0
286
0
288
1
289
3
290
0
340
4C
371
-2
372
-2
  0
DIMSTYLE
105
82
330
4
100
AcDbSymbolTableRecord
100
AcDbDimStyleTableRecord
  2
EZ_M_1_H25_CM
 70
0
 40
1.0
 41
0.0025
 42
0.00125
 43
3.75
 44
0.00375
 45
0.0
 46
0.0
 47
0.0
 48
0.0
 49
2.5
140
0.0025
141
2.5
142
0.00125
143
0.03937007874
144
100.0
145
0.0
146
0.5
147
0.001
148
0.0
 69
0
 70
0
 71
0
 72
0
 73
0
 74
0
 75
0
 76
0
 77
1
 78
12
 79
3
170
0
171
3
172
1
173
0
174
0
175
0
176
0
177
0
178
0
179
2
271
2
272
2
273
2
274
3
275
0
276
0
277
2
278
46
279
2
280
0
281
0
282
0
283
0
284
8
285
0
286
0
288
1
289
3
290
0
340
4C
371
-2
372
-2
  0
DIMSTYLE
105
83
330
4
100
AcDbSymbolTableRecord
100
AcDbDimStyleTableRecord
  2
EZ_RADIUS
 70
0
 40
1.0
 41
0.25
 42
0.125
 43
3.75
 44
0.375
 45
0.0
 46
0.0
 47
0.0
 48
0.0
 49
2.5
140
0.25
141
0.0
142
0.0
143
0.03937007874
144
100.0
145
0.0
146
0.5
147
0.1
148
0.0
 69
0
 70
0
 71
0
 72
0
 73
0
 74
0
 75
0
 76
0
 77
1
 78
12
 79
3
170
0
171
3
172
0
173
0
174
0
175
0
176
0
177
0
178
0
179
2
271
2
272
2
273
2
274
3
275
0
276
0
277
2
278
46
279
1
280
0
281
0
282
0
283
0
284
8
285
0
286
0
288
1
289
3
290
0
340
4C
342
84
371
-2
372
-2
  0
DIMSTYLE
105
88
330
4
100
AcDbSymbolTableRecord
100
AcDbDimStyleTableRecord
  2
EZ_RADIUS_INSIDE
 70
0
 40
1.0
 41
0.25
 42
0.125
 43
3.75
 44
0.375
 45
0.0
 46
0.0
 47
0.0
 48
0.0
 49
2.5
140
0.25
141
0.0
142
0.0
143
0.03937007874
144
100.0
145
0.0
146
0.5
147
0.1
148
0.0
 69
0
 70
0
 71
0
 72
0
 73
0
 74
0
 75
0
 76
0
 77
0
 78
12
 79
3
170
0
171
3
172
0
173
0
174
1
175
0
176
0
177
0
178
0
179
2
271
2
272
2
273
2
274
3
275
0
276
0
277
2
278
46
279
0
280
0
281
0
282
0
283
0
284
8
285
0
286
0
288
1
289
0
290
0
340
4C
342
84
371
-2
372
-2
  0
DIMSTYLE
105
89
330
4
100
AcDbSymbolTableRecord
100
AcDbDimStyleTableRecord
  2
EZ_CURVED
 70
0
 40
1.0
 41
0.25
 42
0.125
 43
3.75
 44
0.375
 45
0.0
 46
0.0
 47
0.0
 48
0.0
 49
2.5
140
0.25
141
2.5
142
0.0
143
0.03937007874
144
100.0
145
0.0
146
0.5
147
0.1
148
0.0
 69
0
 70
0
 71
0
 72
0
 73
0
 74
0
 75
0
 76
0
 77
1
 78
12
 79
2
 90
2
170
0
171
3
172
1
173
0
174
0
175
0
176
0
177
0
178
0
179
2
271
2
272
2
273
2
274
3
275
0
276
0
277
2
278
46
279
2
280
0
281
0
282
0
283
0
284
8
285
0
286
0
288
1
289
3
290
0
340
4C
371
-2
372
-2
  0
ENDTAB
  0
TABLE
  2
BLOCK_RECORD
  5
9
330
0
100
AcDbSymbolTable
 70
55
  0
BLOCK_RECORD
  5
17
330
9
100
AcDbSymbolTableRecord
100
AcDbBlockTableRecord
  2
*Model_Space
340
1A
 70
0
280
1
281
0
  0
BLOCK_RECORD
  5
1B
330
9
100
AcDbSymbolTableRecord
100
AcDbBlockTableRecord
  2
*Paper_Space
340
1E
 70
0
280
1
281
0
  0
BLOCK_RECORD
  5
74
330
9
100
AcDbSymbolTableRecord
100
AcDbBlockTableRecord
  2
_ARCHTICK
340
0
 70
0
280
1
281
0
  0
BLOCK_RECORD
  5
78
330
9
100
AcDbSymbolTableRecord
100
AcDbBlockTableRecord
  2
_CLOSEDFILLED
340
0
 70
0
280
1
281
0
  0
BLOCK_RECORD
  5
84
330
9
100
AcDbSymbolTableRecord
100
AcDbBlockTableRecord
  2
_CLOSEDBLANK
340
0
 70
0
280
1
281
0
  0
BLOCK_RECORD
  5
AC
330
9
100
AcDbSymbolTableRecord
100
AcDbBlockTableRecord
  2
*D1
340
0
 70
0
280
1
281
0
  0
BLOCK_RECORD
  5
BD
330
9
100
AcDbSymbolTableRecord
100
AcDbBlockTableRecord
  2
*D2
340
0
 70
0
280
1
281
0
  0
BLOCK_RECORD
  5
CE
330
9
100
AcDbSymbolTableRecord
100
AcDbBlockTableRecord
  2
*D3
340
0
 70
0
280
1
281
0
  0
BLOCK_RECORD
  5
F6
330
9
100
AcDbSymbolTableRecord
100
AcDbBlockTableRecord
  2
*D4
340
0
 70
0
280
1
281
0
  0
BLOCK_RECORD
  5
107
330
9
100
AcDbSymbolTableRecord
100
AcDbBlockTableRecord
  2
*D5
340
0
 70
0
280
1
281
0
  0
BLOCK_RECORD
  5
12F
330
9
100
AcDbSymbolTableRecord
100
AcDbBlockTableRecord
  2
*D6
340
0
 70
0
280
1
281
0
  0
BLOCK_RECORD
  5
140
330
9
100
AcDbSymbolTableRecord
100
AcDbBlockTableRecord
  2
*D7
340
0
 70
0
280
1
281
0
  0
BLOCK_RECORD
  5
151
330
9
100
AcDbSymbolTableRecord
100
AcDbBlockTableRecord
  2
*D8
340
0
 70
0
280
1
281
0
  0
BLOCK_RECORD
  5
179
330
9
100
AcDbSymbolTableRecord
100
AcDbBlockTableRecord
  2
*D9
340
0
 70
0
280
1
281
0
  0
BLOCK_RECORD
  5
18A
330
9
100
AcDbSymbolTableRecord
100
AcDbBlockTableRecord
  2
*D10
340
0
 70
0
280
1
281
0
  0
BLOCK_RECORD
  5
19B
330
9
100
AcDbSymbolTableRecord
100
AcDbBlockTableRecord
  2
*D11
340
0
 70
0
280
1
281
0
  0
BLOCK_RECORD
  5
1C3
330
9
100
AcDbSymbolTableRecord
100
AcDbBlockTableRecord
  2
*D12
340
0
 70
0
280
1
281
0
  0
BLOCK_RECORD
  5
1D4
330
9
100
AcDbSymbolTableRecord
100
AcDbBlockTableRecord
  2
*D13
340
0
 70
0
280
1
281
0
  0
BLOCK_RECORD
  5
1E5
330
9
100
AcDbSymbolTableRecord
100
AcDbBlockTableRecord
  2
*D14
340
0
 70
0
280
1
281
0
  0
BLOCK_RECORD
  5
20D
330
9
100
AcDbSymbolTableRecord
100
AcDbBlockTableRecord
  2
*D15
340
0
 70
0
280
1
281
0
  0
BLOCK_RECORD
  5
21E
330
9
100
AcDbSymbolTableRecord
100
AcDbBlockTableRecord
  2
*D16
340
0
 70
0
280
1
281
0
  0
BLOCK_RECORD
  5
246
330
9
100
AcDbSymbolTableRecord
100
AcDbBlockTableRecord
  2
*D17
340
0
 70
0
280
1
281
0
  0
BLOCK_RECORD
  5
257
330
9
100
AcDbSymbolTableRecord
100
AcDbBlockTableRecord
  2
*D18
340
0
 70
0
280
1
281
0
  0
BLOCK_RECORD
  5
268
330
9
100
AcDbSymbolTableRecord
100
AcDbBlockTableRecord
  2
*D19
340
0
 70
0
280
1
281
0
  0
BLOCK_RECORD
  5
290
330
9
100
AcDbSymbolTableRecord
100
AcDbBlockTableRecord
  2
*D20
340
0
 70
0
280
1
281
0
  0
BLOCK_RECORD
  5
2A1
330
9
100
AcDbSymbolTableRecord
100
AcDbBlockTableRecord
  2
*D21
340
0
 70
0
280
1
281
0
  0
BLOCK_RECORD
  5
2B2
330
9
100
AcDbSymbolTableRecord
100
AcDbBlockTableRecord
  2
*D22
340
0
 70
0
280
1
281
0
  0
BLOCK_RECORD
  5
2DA
330
9
100
AcDbSymbolTableRecord
100
AcDbBlockTableRecord
  2
*D23
340
0
 70
0
280
1
281
0
  0
BLOCK_RECORD
  5
2EB
330
9
100
AcDbSymbolTableRecord
100
AcDbBlockTableRecord
  2
*D24
340
0
 70
0
280
1
281
0
  0
BLOCK_RECORD
  5
313
330
9
100
AcDbSymbolTableRecord
100
AcDbBlockTableRecord
  2
*D25
340
0
 70
0
280
1
281
0
  0
BLOCK_RECORD
  5
324
330
9
100
AcDbSymbolTableRecord
100
AcDbBlockTableRecord
  2
*D26
340
0
 70
0
280
1
281
0
  0
BLOCK_RECORD
  5
34C
330
9
100
AcDbSymbolTableRecord
100
AcDbBlockTableRecord
  2
*D27
340
0
 70
0
280
1
281
0
  0
BLOCK_RECORD
  5
35D
330
9
100
AcDbSymbolTableRecord
100
AcDbBlockTableRecord
  2
*D28
340
0
 70
0
280
1
281
0
  0
BLOCK_RECORD
  5
36E
330
9
100
AcDbSymbolTableRecord
100
AcDbBlockTableRecord
  2
*D29
340
0
 70
0
280
1
281
0
  0
BLOCK_RECORD
  5
396
330
9
100
AcDbSymbolTableRecord
100
AcDbBlockTableRecord
  2
*D30
340
0
 70
0
280
1
281
0
  0
BLOCK_RECORD
  5
3A7
330
9
100
AcDbSymbolTableRecord
100
AcDbBlockTableRecord
  2
*D31
340
0
 70
0
280
1
281
0
  0
BLOCK_RECORD
  5
3B8
330
9
100
AcDbSymbolTableRecord
100
AcDbBlockTableRecord
  2
*D32
340
0
 70
0
280
1
281
0
  0
BLOCK_RECORD
  5
3E0
330
9
100
AcDbSymbolTableRecord
100
AcDbBlockTableRecord
  2
*D33
340
0
 70
0
280
1
281
0
  0
BLOCK_RECORD
  5
3F1
330
9
100
AcDbSymbolTableRecord
100
AcDbBlockTableRecord
  2
*D34
340
0
 70
0
280
1
281
0
  0
BLOCK_RECORD
  5
419
330
9
100
AcDbSymbolTableRecord
100
AcDbBlockTableRecord
  2
*D35
340
0
 70
0
280
1
281
0
  0
BLOCK_RECORD
  5
42A
330
9
100
AcDbSymbolTableRecord
100
AcDbBlockTableRecord
  2
*D36
340
0
 70
0
280
1
281
0
  0
BLOCK_RECORD
  5
43B
330
9
100
AcDbSymbolTableRecord
100
AcDbBlockTableRecord
  2
*D37
340
0
 70
0
280
1
281
0
  0
BLOCK_RECORD
  5
463
330
9
100
AcDbSymbolTableRecord
100
AcDbBlockTableRecord
  2
*D38
340
0
 70
0
280
1
281
0
  0
BLOCK_RECORD
  5
474
330
9
100
AcDbSymbolTableRecord
100
AcDbBlockTableRecord
  2
*D39
340
0
 70
0
280
1
281
0
  0
BLOCK_RECORD
  5
49C
330
9
100
AcDbSymbolTableRecord
100
AcDbBlockTableRecord
  2
*D40
340
0
 70
0
280
1
281
0
  0
BLOCK_RECORD
  5
4AD
330
9
100
AcDbSymbolTableRecord
100
AcDbBlockTableRecord
  2
*D41
340
0
 70
0
280
1
281
0
  0
BLOCK_RECORD
  5
4BE
330
9
100
AcDbSymbolTableRecord
100
AcDbBlockTableRecord
  2
*D42
340
0
 70
0
280
1
281
0
  0
BLOCK_RECORD
  5
4E6
330
9
100
AcDbSymbolTableRecord
100
AcDbBlockTableRecord
  2
*D43
340
0
 70
0
280
1
281
0
  0
BLOCK_RECORD
  5
4F7
330
9
100
AcDbSymbolTableRecord
100
AcDbBlockTableRecord
  2
*D44
340
0
 70
0
280
1
281
0
  0
BLOCK_RECORD
  5
51F
330
9
100
AcDbSymbolTableRecord
100
AcDbBlockTableRecord
  2
*D45
340
0
 70
0
280
1
281
0
  0
BLOCK_RECORD
  5
530
330
9
100
AcDbSymbolTableRecord
100
AcDbBlockTableRecord
  2
*D46
340
0
 70
0
280
1
281
0
  0
BLOCK_RECORD
  5
558
330
9
100
AcDbSymbolTableRecord
100
AcDbBlockTableRecord
  2
*D47
340
0
 70
0
280
1
281
0
  0
BLOCK_RECORD
  5
569
330
9
100
AcDbSymbolTableRecord
100
AcDbBlockTableRecord
  2
*D48
340
0
 70
0
280
1
281
0
  0
BLOCK_RECORD
  5
591
330
9
100
AcDbSymbolTableRecord
100
AcDbBlockTableRecord
  2
*D49
340
0
 70
0
280
1
281
0
  0
BLOCK_RECORD
  5
5A2
330
9
100
AcDbSymbolTableRecord
100
AcDbBlockTableRecord
  2
*D50
340
0
 70
0
280
1
281
0
  0
ENDTAB
  0
ENDSEC
  0
SECTION
  2
BLOCKS
  0
BLOCK
  5
18
330
17
100
AcDbEntity
  8
0
100
AcDbBlockBegin
  2
*Model_Space
 70
0
 10
0.0
 20
0.0
 30
0.0
  3
*Model_Space
  1

  0
ENDBLK
  5
19
330
17
100
AcDbEntity
  8
0
100
AcDbBlockEnd
  0
BLOCK
  5
1C
330
1B
100
AcDbEntity
  8
0
100
AcDbBlockBegin
  2
*Paper_Space
 70
0
 10
0.0
 20
0.0
 30
0.0
  3
*Paper_Space
  1

  0
ENDBLK
  5
1D
330
1B
100
AcDbEntity
  8
0
100
AcDbBlockEnd
  0
BLOCK
  5
75
330
74
100
AcDbEntity
  8
0
100
AcDbBlockBegin
  2
_ARCHTICK
 70
0
 10
0.0
 20
0.0
 30
0.0
  3
_ARCHTICK
  1

  0
LWPOLYLINE
  5
77
330
74
100
AcDbEntity
  8
0
  6
BYBLOCK
 62
0
100
AcDbPolyline
 90
2
 70
0
 43
0.15
 10
-0.5
 20
-0.5
 10
0.5
 20
0.5
  0
ENDBLK
  5
76
330
74
100
AcDbEntity
  8
0
100
AcDbBlockEnd
  0
BLOCK
  5
79
330
78
100
AcDbEntity
  8
0
100
AcDbBlockBegin
  2
_CLOSEDFILLED
 70
0
 10
0.0
 20
0.0
 30
0.0
  3
_CLOSEDFILLED
  1

  0
SOLID
  5
7B
330
78
100
AcDbEntity
  8
0
  6
BYBLOCK
 62
0
100
AcDbTrace
 10
-1.0
 20
0.16439898372402537
 30
0.0
 11
0.0
 21
0.0
 31
0.0
 12
-1.0
 22
-0.16439898372402537
 32
0.0
 13
-1.0
 23
-0.16439898372402537
 33
0.0
  0
ENDBLK
  5
7A
330
78
100
AcDbEntity
  8
0
100
AcDbBlockEnd
  0
BLOCK
  5
85
330
84
100
AcDbEntity
  8
0
100
AcDbBlockBegin
  2
_CLOSEDBLANK
 70
0
 10
0.0
 20
0.0
 30
0.0
  3
_CLOSEDBLANK
  1

  0
LWPOLYLINE
  5
87
330
84
100
AcDbEntity
  8
0
  6
BYBLOCK
 62
0
100
AcDbPolyline
 90
3
 70
1
 10
-1.0
 20
0.16439898372402537
 10
0.0
 20
0.0
 10
-1.0
 20
-0.16439898372402537
  0
ENDBLK
  5
86
330
84
100
AcDbEntity
  8
0
100
AcDbBlockEnd
  0
BLOCK
  5
AD
330
AC
100
AcDbEntity
  8
0
100
AcDbBlockBegin
  2
*D1
 70
1
 10
0.0
 20
0.0
 30
0.0
  3
*D1
  1

  0
LINE
  5
AF
330
AC
100
AcDbEntity
  8
0
100
AcDbLine
 10
0.0
 20
-2.15
 30
0.0
 11
0.0
 21
-3.35
 31
0.0
  0
LINE
  5
B0
330
AC
100
AcDbEntity
  8
0
100
AcDbLine
 10
58.38
 20
-2.15
 30
0.0
 11
58.38
 21
-3.35
 31
0.0
  0
INSERT
  5
B1
330
AC
100
AcDbEntity
  8
MESURES
100
AcDbBlockReference
  2
_ARCHTICK
 10
0.0
 20
-3.2
 30
0.0
 41
0.25
 42
0.25
 50
180.0
  0
INSERT
  5
B3
330
AC
100
AcDbEntity
  8
MESURES
100
AcDbBlockReference
  2
_ARCHTICK
 10
58.38
 20
-3.2
 30
0.0
 41
0.25
 42
0.25
  0
LINE
  5
B5
330
AC
100
AcDbEntity
  8
0
100
AcDbLine
 10
0.0
 20
-3.2
 30
0.0
 11
58.38
 21
-3.2
 31
0.0
  0
MTEXT
  5
B6
330
AC
100
AcDbEntity
  8
MESURES
100
AcDbMText
 10
29.19
 20
-2.9000000000000004
 30
0.0
 40
0.4
 71
5
  1
5838
  7
OpenSansCondensed-Light
  0
POINT
  5
B7
330
AC
100
AcDbEntity
  8
Defpoints
100
AcDbPoint
 10
0.0
 20
-3.2
 30
0.0
  0
POINT
  5
B8
330
AC
100
AcDbEntity
  8
Defpoints
100
AcDbPoint
 10
0.0
 20
-2.0
 30
0.0
  0
POINT
  5
B9
330
AC
100
AcDbEntity
  8
Defpoints
100
AcDbPoint
 10
58.38
 20
-2.0
 30
0.0
  0
ENDBLK
  5
AE
330
AC
100
AcDbEntity
  8
0
100
AcDbBlockEnd
  0
BLOCK
  5
BE
330
BD
100
AcDbEntity
  8
0
100
AcDbBlockBegin
  2
*D2
 70
1
 10
0.0
 20
0.0
 30
0.0
  3
*D2
  1

  0
LINE
  5
C0
330
BD
100
AcDbEntity
  8
0
100
AcDbLine
 10
58.53
 20
-1.58
 30
0.0
 11
59.93
 21
-1.58
 31
0.0
  0
LINE
  5
C1
330
BD
100
AcDbEntity
  8
0
100
AcDbLine
 10
58.53
 20
15.0
 30
0.0
 11
59.93
 21
15.0
 31
0.0
  0
INSERT
  5
C2
330
BD
100
AcDbEntity
  8
MESURES
100
AcDbBlockReference
  2
_ARCHTICK
 10
59.78
 20
-1.58
 30
0.0
 41
0.25
 42
0.25
 50
270.0
  0
INSERT
  5
C4
330
BD
100
AcDbEntity
  8
MESURES
100
AcDbBlockReference
  2
_ARCHTICK
 10
59.78
 20
15.0
 30
0.0
 41
0.25
 42
0.25
 50
90.0
  0
LINE
  5
C6
330
BD
100
AcDbEntity
  8
0
100
AcDbLine
 10
59.78
 20
-1.58
 30
0.0
 11
59.78
 21
15.0
 31
0.0
  0
MTEXT
  5
C7
330
BD
100
AcDbEntity
  8
MESURES
100
AcDbMText
 10
59.480000000000004
 20
6.709999999999999
 30
0.0
 40
0.4
 71
5
  1
H faîtage ≥16.58
  7
OpenSansCondensed-Light
 50
90.0
  0
POINT
  5
C8
330
BD
100
AcDbEntity
  8
Defpoints
100
AcDbPoint
 10
59.78
 20
-1.58
 30
0.0
  0
POINT
  5
C9
330
BD
100
AcDbEntity
  8
Defpoints
100
AcDbPoint
 10
58.38
 20
-1.58
 30
0.0
  0
POINT
  5
CA
330
BD
100
AcDbEntity
  8
Defpoints
100
AcDbPoint
 10
58.38
 20
15.0
 30
0.0
  0
ENDBLK
  5
BF
330
BD
100
AcDbEntity
  8
0
100
AcDbBlockEnd
  0
BLOCK
  5
CF
330
CE
100
AcDbEntity
  8
0
100
AcDbBlockBegin
  2
*D3
 70
1
 10
0.0
 20
0.0
 30
0.0
  3
*D3
  1

  0
LINE
  5
D1
330
CE
100
AcDbEntity
  8
0
100
AcDbLine
 10
-0.15
 20
-1.58
 30
0.0
 11
-1.5499999999999998
 21
-1.58
 31
0.0
  0
LINE
  5
D2
330
CE
100
AcDbEntity
  8
0
100
AcDbLine
 10
-0.15
 20
10.45
 30
0.0
 11
-1.5499999999999998
 21
10.45
 31
0.0
  0
INSERT
  5
D3
330
CE
100
AcDbEntity
  8
MESURES
100
AcDbBlockReference
  2
_ARCHTICK
 10
-1.4
 20
-1.58
 30
0.0
 41
0.25
 42
0.25
 50
270.0
  0
INSERT
  5
D5
330
CE
100
AcDbEntity
  8
MESURES
100
AcDbBlockReference
  2
_ARCHTICK
 10
-1.4
 20
10.45
 30
0.0
 41
0.25
 42
0.25
 50
90.0
  0
LINE
  5
D7
330
CE
100
AcDbEntity
  8
0
100
AcDbLine
 10
-1.4
 20
-1.58
 30
0.0
 11
-1.4
 21
10.45
 31
0.0
  0
MTEXT
  5
D8
330
CE
100
AcDbEntity
  8
MESURES
100
AcDbMText
 10
-1.7
 20
4.435
 30
0.0
 40
0.4
 71
5
  1
H 12.03
  7
OpenSansCondensed-Light
 50
90.0
  0
POINT
  5
D9
330
CE
100
AcDbEntity
  8
Defpoints
100
AcDbPoint
 10
-1.4
 20
-1.58
 30
0.0
  0
POINT
  5
DA
330
CE
100
AcDbEntity
  8
Defpoints
100
AcDbPoint
 10
0.0
 20
-1.58
 30
0.0
  0
POINT
  5
DB
330
CE
100
AcDbEntity
  8
Defpoints
100
AcDbPoint
 10
0.0
 20
10.45
 30
0.0
  0
ENDBLK
  5
D0
330
CE
100
AcDbEntity
  8
0
100
AcDbBlockEnd
  0
BLOCK
  5
F7
330
F6
100
AcDbEntity
  8
0
100
AcDbBlockBegin
  2
*D4
 70
1
 10
0.0
 20
0.0
 30
0.0
  3
*D4
  1

  0
LINE
  5
F9
330
F6
100
AcDbEntity
  8
0
100
AcDbLine
 10
62.88
 20
-2.15
 30
0.0
 11
62.88
 21
-3.35
 31
0.0
  0
LINE
  5
FA
330
F6
100
AcDbEntity
  8
0
100
AcDbLine
 10
88.79
 20
-2.15
 30
0.0
 11
88.79
 21
-3.35
 31
0.0
  0
INSERT
  5
FB
330
F6
100
AcDbEntity
  8
MESURES
100
AcDbBlockReference
  2
_ARCHTICK
 10
62.88
 20
-3.2
 30
0.0
 41
0.25
 42
0.25
 50
180.0
  0
INSERT
  5
FD
330
F6
100
AcDbEntity
  8
MESURES
100
AcDbBlockReference
  2
_ARCHTICK
 10
88.79
 20
-3.2
 30
0.0
 41
0.25
 42
0.25
  0
LINE
  5
FF
330
F6
100
AcDbEntity
  8
0
100
AcDbLine
 10
62.88
 20
-3.2
 30
0.0
 11
88.79
 21
-3.2
 31
0.0
  0
MTEXT
  5
100
330
F6
100
AcDbEntity
  8
MESURES
100
AcDbMText
 10
75.83500000000001
 20
-2.9000000000000004
 30
0.0
 40
0.4
 71
5
  1
2591
  7
OpenSansCondensed-Light
  0
POINT
  5
101
330
F6
100
AcDbEntity
  8
Defpoints
100
AcDbPoint
 10
62.88
 20
-3.2
 30
0.0
  0
POINT
  5
102
330
F6
100
AcDbEntity
  8
Defpoints
100
AcDbPoint
 10
62.88
 20
-2.0
 30
0.0
  0
POINT
  5
103
330
F6
100
AcDbEntity
  8
Defpoints
100
AcDbPoint
 10
88.79
 20
-2.0
 30
0.0
  0
ENDBLK
  5
F8
330
F6
100
AcDbEntity
  8
0
100
AcDbBlockEnd
  0
BLOCK
  5
108
330
107
100
AcDbEntity
  8
0
100
AcDbBlockBegin
  2
*D5
 70
1
 10
0.0
 20
0.0
 30
0.0
  3
*D5
  1

  0
LINE
  5
10A
330
107
100
AcDbEntity
  8
0
100
AcDbLine
 10
88.94000000000001
 20
-1.58
 30
0.0
 11
90.34000000000002
 21
-1.58
 31
0.0
  0
LINE
  5
10B
330
107
100
AcDbEntity
  8
0
100
AcDbLine
 10
88.94000000000001
 20
15.0
 30
0.0
 11
90.34000000000002
 21
15.0
 31
0.0
  0
INSERT
  5
10C
330
107
100
AcDbEntity
  8
MESURES
100
AcDbBlockReference
  2
_ARCHTICK
 10
90.19000000000001
 20
-1.58
 30
0.0
 41
0.25
 42
0.25
 50
270.0
  0
INSERT
  5
10E
330
107
100
AcDbEntity
  8
MESURES
100
AcDbBlockReference
  2
_ARCHTICK
 10
90.19000000000001
 20
15.0
 30
0.0
 41
0.25
 42
0.25
 50
90.0
  0
LINE
  5
110
330
107
100
AcDbEntity
  8
0
100
AcDbLine
 10
90.19000000000001
 20
-1.58
 30
0.0
 11
90.19000000000001
 21
15.0
 31
0.0
  0
MTEXT
  5
111
330
107
100
AcDbEntity
  8
MESURES
100
AcDbMText
 10
89.89000000000001
 20
6.709999999999999
 30
0.0
 40
0.4
 71
5
  1
H faîtage ≥16.58
  7
OpenSansCondensed-Light
 50
90.0
  0
POINT
  5
112
330
107
100
AcDbEntity
  8
Defpoints
100
AcDbPoint
 10
90.19000000000001
 20
-1.58
 30
0.0
  0
POINT
  5
113
330
107
100
AcDbEntity
  8
Defpoints
100
AcDbPoint
 10
88.79
 20
-1.58
 30
0.0
  0
POINT
  5
114
330
107
100
AcDbEntity
  8
Defpoints
100
AcDbPoint
 10
88.79
 20
15.0
 30
0.0
  0
ENDBLK
  5
109
330
107
100
AcDbEntity
  8
0
100
AcDbBlockEnd
  0
BLOCK
  5
130
330
12F
100
AcDbEntity
  8
0
100
AcDbBlockBegin
  2
*D6
 70
1
 10
0.0
 20
0.0
 30
0.0
  3
*D6
  1

  0
LINE
  5
132
330
12F
100
AcDbEntity
  8
0
100
AcDbLine
 10
93.29
 20
-2.15
 30
0.0
 11
93.29
 21
-3.35
 31
0.0
  0
LINE
  5
133
330
12F
100
AcDbEntity
  8
0
100
AcDbLine
 10
119.2
 20
-2.15
 30
0.0
 11
119.2
 21
-3.35
 31
0.0
  0
INSERT
  5
134
330
12F
100
AcDbEntity
  8
MESURES
100
AcDbBlockReference
  2
_ARCHTICK
 10
93.29
 20
-3.2
 30
0.0
 41
0.25
 42
0.25
 50
180.0
  0
INSERT
  5
136
330
12F
100
AcDbEntity
  8
MESURES
100
AcDbBlockReference
  2
_ARCHTICK
 10
119.2
 20
-3.2
 30
0.0
 41
0.25
 42
0.25
  0
LINE
  5
138
330
12F
100
AcDbEntity
  8
0
100
AcDbLine
 10
93.29
 20
-3.2
 30
0.0
 11
119.2
 21
-3.2
 31
0.0
  0
MTEXT
  5
139
330
12F
100
AcDbEntity
  8
MESURES
100
AcDbMText
 10
106.245
 20
-2.9000000000000004
 30
0.0
 40
0.4
 71
5
  1
2591
  7
OpenSansCondensed-Light
  0
POINT
  5
13A
330
12F
100
AcDbEntity
  8
Defpoints
100
AcDbPoint
 10
93.29
 20
-3.2
 30
0.0
  0
POINT
  5
13B
330
12F
100
AcDbEntity
  8
Defpoints
100
AcDbPoint
 10
93.29
 20
-2.0
 30
0.0
  0
POINT
  5
13C
330
12F
100
AcDbEntity
  8
Defpoints
100
AcDbPoint
 10
119.2
 20
-2.0
 30
0.0
  0
ENDBLK
  5
131
330
12F
100
AcDbEntity
  8
0
100
AcDbBlockEnd
  0
BLOCK
  5
141
330
140
100
AcDbEntity
  8
0
100
AcDbBlockBegin
  2
*D7
 70
1
 10
0.0
 20
0.0
 30
0.0
  3
*D7
  1

  0
LINE
  5
143
330
140
100
AcDbEntity
  8
0
100
AcDbLine
 10
119.35000000000001
 20
-1.58
 30
0.0
 11
120.75000000000001
 21
-1.58
 31
0.0
  0
LINE
  5
144
330
140
100
AcDbEntity
  8
0
100
AcDbLine
 10
119.35000000000001
 20
10.38
 30
0.0
 11
120.75000000000001
 21
10.38
 31
0.0
  0
INSERT
  5
145
330
140
100
AcDbEntity
  8
MESURES
100
AcDbBlockReference
  2
_ARCHTICK
 10
120.60000000000001
 20
-1.58
 30
0.0
 41
0.25
 42
0.25
 50
270.0
  0
INSERT
  5
147
330
140
100
AcDbEntity
  8
MESURES
100
AcDbBlockReference
  2
_ARCHTICK
 10
120.60000000000001
 20
10.38
 30
0.0
 41
0.25
 42
0.25
 50
90.0
  0
LINE
  5
149
330
140
100
AcDbEntity
  8
0
100
AcDbLine
 10
120.60000000000001
 20
-1.58
 30
0.0
 11
120.60000000000001
 21
10.38
 31
0.0
  0
MTEXT
  5
14A
330
140
100
AcDbEntity
  8
MESURES
100
AcDbMText
 10
120.30000000000001
 20
4.4
 30
0.0
 40
0.4
 71
5
  1
H sommet 11.96
  7
OpenSansCondensed-Light
 50
90.0
  0
POINT
  5
14B
330
140
100
AcDbEntity
  8
Defpoints
100
AcDbPoint
 10
120.60000000000001
 20
-1.58
 30
0.0
  0
POINT
  5
14C
330
140
100
AcDbEntity
  8
Defpoints
100
AcDbPoint
 10
119.2
 20
-1.58
 30
0.0
  0
POINT
  5
14D
330
140
100
AcDbEntity
  8
Defpoints
100
AcDbPoint
 10
119.2
 20
10.38
 30
0.0
  0
ENDBLK
  5
142
330
140
100
AcDbEntity
  8
0
100
AcDbBlockEnd
  0
BLOCK
  5
152
330
151
100
AcDbEntity
  8
0
100
AcDbBlockBegin
  2
*D8
 70
1
 10
0.0
 20
0.0
 30
0.0
  3
*D8
  1

  0
LINE
  5
154
330
151
100
AcDbEntity
  8
0
100
AcDbLine
 10
93.14
 20
-1.58
 30
0.0
 11
91.74
 21
-1.58
 31
0.0
  0
LINE
  5
155
330
151
100
AcDbEntity
  8
0
100
AcDbLine
 10
93.14
 20
2.15
 30
0.0
 11
91.74
 21
2.15
 31
0.0
  0
INSERT
  5
156
330
151
100
AcDbEntity
  8
MESURES
100
AcDbBlockReference
  2
_ARCHTICK
 10
91.89
 20
-1.58
 30
0.0
 41
0.25
 42
0.25
 50
270.0
  0
INSERT
  5
158
330
151
100
AcDbEntity
  8
MESURES
100
AcDbBlockReference
  2
_ARCHTICK
 10
91.89
 20
2.15
 30
0.0
 41
0.25
 42
0.25
 50
90.0
  0
LINE
  5
15A
330
151
100
AcDbEntity
  8
0
100
AcDbLine
 10
91.89
 20
-1.58
 30
0.0
 11
91.89
 21
2.15
 31
0.0
  0
MTEXT
  5
15B
330
151
100
AcDbEntity
  8
MESURES
100
AcDbMText
 10
91.59
 20
0.2849999999999999
 30
0.0
 40
0.4
 71
5
  1
H 3.73
  7
OpenSansCondensed-Light
 50
90.0
  0
POINT
  5
15C
330
151
100
AcDbEntity
  8
Defpoints
100
AcDbPoint
 10
91.89
 20
-1.58
 30
0.0
  0
POINT
  5
15D
330
151
100
AcDbEntity
  8
Defpoints
100
AcDbPoint
 10
93.29
 20
-1.58
 30
0.0
  0
POINT
  5
15E
330
151
100
AcDbEntity
  8
Defpoints
100
AcDbPoint
 10
93.29
 20
2.15
 30
0.0
  0
ENDBLK
  5
153
330
151
100
AcDbEntity
  8
0
100
AcDbBlockEnd
  0
BLOCK
  5
17A
330
179
100
AcDbEntity
  8
0
100
AcDbBlockBegin
  2
*D9
 70
1
 10
0.0
 20
0.0
 30
0.0
  3
*D9
  1

  0
LINE
  5
17C
330
179
100
AcDbEntity
  8
0
100
AcDbLine
 10
123.7
 20
-2.15
 30
0.0
 11
123.7
 21
-3.35
 31
0.0
  0
LINE
  5
17D
330
179
100
AcDbEntity
  8
0
100
AcDbLine
 10
182.08
 20
-2.15
 30
0.0
 11
182.08
 21
-3.35
 31
0.0
  0
INSERT
  5
17E
330
179
100
AcDbEntity
  8
MESURES
100
AcDbBlockReference
  2
_ARCHTICK
 10
123.7
 20
-3.2
 30
0.0
 41
0.25
 42
0.25
 50
180.0
  0
INSERT
  5
180
330
179
100
AcDbEntity
  8
MESURES
100
AcDbBlockReference
  2
_ARCHTICK
 10
182.08
 20
-3.2
 30
0.0
 41
0.25
 42
0.25
  0
LINE
  5
182
330
179
100
AcDbEntity
  8
0
100
AcDbLine
 10
123.7
 20
-3.2
 30
0.0
 11
182.08
 21
-3.2
 31
0.0
  0
MTEXT
  5
183
330
179
100
AcDbEntity
  8
MESURES
100
AcDbMText
 10
152.89000000000001
 20
-2.9000000000000004
 30
0.0
 40
0.4
 71
5
  1
5838
  7
OpenSansCondensed-Light
  0
POINT
  5
184
330
179
100
AcDbEntity
  8
Defpoints
100
AcDbPoint
 10
123.7
 20
-3.2
 30
0.0
  0
POINT
  5
185
330
179
100
AcDbEntity
  8
Defpoints
100
AcDbPoint
 10
123.7
 20
-2.0
 30
0.0
  0
POINT
  5
186
330
179
100
AcDbEntity
  8
Defpoints
100
AcDbPoint
 10
182.08
 20
-2.0
 30
0.0
  0
ENDBLK
  5
17B
330
179
100
AcDbEntity
  8
0
100
AcDbBlockEnd
  0
BLOCK
  5
18B
330
18A
100
AcDbEntity
  8
0
100
AcDbBlockBegin
  2
*D10
 70
1
 10
0.0
 20
0.0
 30
0.0
  3
*D10
  1

  0
LINE
  5
18D
330
18A
100
AcDbEntity
  8
0
100
AcDbLine
 10
182.23000000000002
 20
-1.58
 30
0.0
 11
183.63000000000002
 21
-1.58
 31
0.0
  0
LINE
  5
18E
330
18A
100
AcDbEntity
  8
0
100
AcDbLine
 10
182.23000000000002
 20
14.81
 30
0.0
 11
183.63000000000002
 21
14.81
 31
0.0
  0
INSERT
  5
18F
330
18A
100
AcDbEntity
  8
MESURES
100
AcDbBlockReference
  2
_ARCHTICK
 10
183.48000000000002
 20
-1.58
 30
0.0
 41
0.25
 42
0.25
 50
270.0
  0
INSERT
  5
191
330
18A
100
AcDbEntity
  8
MESURES
100
AcDbBlockReference
  2
_ARCHTICK
 10
183.48000000000002
 20
14.81
 30
0.0
 41
0.25
 42
0.25
 50
90.0
  0
LINE
  5
193
330
18A
100
AcDbEntity
  8
0
100
AcDbLine
 10
183.48000000000002
 20
-1.58
 30
0.0
 11
183.48000000000002
 21
14.81
 31
0.0
  0
MTEXT
  5
194
330
18A
100
AcDbEntity
  8
MESURES
100
AcDbMText
 10
183.18
 20
6.615
 30
0.0
 40
0.4
 71
5
  1
H sommet 16.39
  7
OpenSansCondensed-Light
 50
90.0
  0
POINT
  5
195
330
18A
100
AcDbEntity
  8
Defpoints
100
AcDbPoint
 10
183.48000000000002
 20
-1.58
 30
0.0
  0
POINT
  5
196
330
18A
100
AcDbEntity
  8
Defpoints
100
AcDbPoint
 10
182.08
 20
-1.58
 30
0.0
  0
POINT
  5
197
330
18A
100
AcDbEntity
  8
Defpoints
100
AcDbPoint
 10
182.08
 20
14.81
 30
0.0
  0
ENDBLK
  5
18C
330
18A
100
AcDbEntity
  8
0
100
AcDbBlockEnd
  0
BLOCK
  5
19C
330
19B
100
AcDbEntity
  8
0
100
AcDbBlockBegin
  2
*D11
 70
1
 10
0.0
 20
0.0
 30
0.0
  3
*D11
  1

  0
LINE
  5
19E
330
19B
100
AcDbEntity
  8
0
100
AcDbLine
 10
123.55
 20
-1.58
 30
0.0
 11
122.14999999999999
 21
-1.58
 31
0.0
  0
LINE
  5
19F
330
19B
100
AcDbEntity
  8
0
100
AcDbLine
 10
123.55
 20
7.65
 30
0.0
 11
122.14999999999999
 21
7.65
 31
0.0
  0
INSERT
  5
1A0
330
19B
100
AcDbEntity
  8
MESURES
100
AcDbBlockReference
  2
_ARCHTICK
 10
122.3
 20
-1.58
 30
0.0
 41
0.25
 42
0.25
 50
270.0
  0
INSERT
  5
1A2
330
19B
100
AcDbEntity
  8
MESURES
100
AcDbBlockReference
  2
_ARCHTICK
 10
122.3
 20
7.65
 30
0.0
 41
0.25
 42
0.25
 50
90.0
  0
LINE
  5
1A4
330
19B
100
AcDbEntity
  8
0
100
AcDbLine
 10
122.3
 20
-1.58
 30
0.0
 11
122.3
 21
7.65
 31
0.0
  0
MTEXT
  5
1A5
330
19B
100
AcDbEntity
  8
MESURES
100
AcDbMText
 10
122.0
 20
3.035
 30
0.0
 40
0.4
 71
5
  1
H 9.23
  7
OpenSansCondensed-Light
 50
90.0
  0
POINT
  5
1A6
330
19B
100
AcDbEntity
  8
Defpoints
100
AcDbPoint
 10
122.3
 20
-1.58
 30
0.0
  0
POINT
  5
1A7
330
19B
100
AcDbEntity
  8
Defpoints
100
AcDbPoint
 10
123.7
 20
-1.58
 30
0.0
  0
POINT
  5
1A8
330
19B
100
AcDbEntity
  8
Defpoints
100
AcDbPoint
 10
123.7
 20
7.65
 30
0.0
  0
ENDBLK
  5
19D
330
19B
100
AcDbEntity
  8
0
100
AcDbBlockEnd
  0
BLOCK
  5
1C4
330
1C3
100
AcDbEntity
  8
0
100
AcDbBlockBegin
  2
*D12
 70
1
 10
0.0
 20
0.0
 30
0.0
  3
*D12
  1

  0
LINE
  5
1C6
330
1C3
100
AcDbEntity
  8
0
100
AcDbLine
 10
192.08
 20
-2.15
 30
0.0
 11
192.08
 21
-3.35
 31
0.0
  0
LINE
  5
1C7
330
1C3
100
AcDbEntity
  8
0
100
AcDbLine
 10
230.95000000000002
 20
-2.15
 30
0.0
 11
230.95000000000002
 21
-3.35
 31
0.0
  0
INSERT
  5
1C8
330
1C3
100
AcDbEntity
  8
MESURES
100
AcDbBlockReference
  2
_ARCHTICK
 10
192.08
 20
-3.2
 30
0.0
 41
0.25
 42
0.25
 50
180.0
  0
INSERT
  5
1CA
330
1C3
100
AcDbEntity
  8
MESURES
100
AcDbBlockReference
  2
_ARCHTICK
 10
230.95000000000002
 20
-3.2
 30
0.0
 41
0.25
 42
0.25
  0
LINE
  5
1CC
330
1C3
100
AcDbEntity
  8
0
100
AcDbLine
 10
192.08
 20
-3.2
 30
0.0
 11
230.95000000000002
 21
-3.2
 31
0.0
  0
MTEXT
  5
1CD
330
1C3
100
AcDbEntity
  8
MESURES
100
AcDbMText
 10
211.51500000000001
 20
-2.9000000000000004
 30
0.0
 40
0.4
 71
5
  1
3887
  7
OpenSansCondensed-Light
  0
POINT
  5
1CE
330
1C3
100
AcDbEntity
  8
Defpoints
100
AcDbPoint
 10
192.08
 20
-3.2
 30
0.0
  0
POINT
  5
1CF
330
1C3
100
AcDbEntity
  8
Defpoints
100
AcDbPoint
 10
192.08
 20
-2.0
 30
0.0
  0
POINT
  5
1D0
330
1C3
100
AcDbEntity
  8
Defpoints
100
AcDbPoint
 10
230.95000000000002
 20
-2.0
 30
0.0
  0
ENDBLK
  5
1C5
330
1C3
100
AcDbEntity
  8
0
100
AcDbBlockEnd
  0
BLOCK
  5
1D5
330
1D4
100
AcDbEntity
  8
0
100
AcDbBlockBegin
  2
*D13
 70
1
 10
0.0
 20
0.0
 30
0.0
  3
*D13
  1

  0
LINE
  5
1D7
330
1D4
100
AcDbEntity
  8
0
100
AcDbLine
 10
231.10000000000002
 20
-0.86
 30
0.0
 11
232.50000000000003
 21
-0.86
 31
0.0
  0
LINE
  5
1D8
330
1D4
100
AcDbEntity
  8
0
100
AcDbLine
 10
231.10000000000002
 20
12.9
 30
0.0
 11
232.50000000000003
 21
12.9
 31
0.0
  0
INSERT
  5
1D9
330
1D4
100
AcDbEntity
  8
MESURES
100
AcDbBlockReference
  2
_ARCHTICK
 10
232.35000000000002
 20
-0.86
 30
0.0
 41
0.25
 42
0.25
 50
270.0
  0
INSERT
  5
1DB
330
1D4
100
AcDbEntity
  8
MESURES
100
AcDbBlockReference
  2
_ARCHTICK
 10
232.35000000000002
 20
12.9
 30
0.0
 41
0.25
 42
0.25
 50
90.0
  0
LINE
  5
1DD
330
1D4
100
AcDbEntity
  8
0
100
AcDbLine
 10
232.35000000000002
 20
-0.86
 30
0.0
 11
232.35000000000002
 21
12.9
 31
0.0
  0
MTEXT
  5
1DE
330
1D4
100
AcDbEntity
  8
MESURES
100
AcDbMText
 10
232.05
 20
6.02
 30
0.0
 40
0.4
 71
5
  1
H faîtage 13.76
  7
OpenSansCondensed-Light
 50
90.0
  0
POINT
  5
1DF
330
1D4
100
AcDbEntity
  8
Defpoints
100
AcDbPoint
 10
232.35000000000002
 20
-0.86
 30
0.0
  0
POINT
  5
1E0
330
1D4
100
AcDbEntity
  8
Defpoints
100
AcDbPoint
 10
230.95000000000002
 20
-0.86
 30
0.0
  0
POINT
  5
1E1
330
1D4
100
AcDbEntity
  8
Defpoints
100
AcDbPoint
 10
230.95000000000002
 20
12.9
 30
0.0
  0
ENDBLK
  5
1D6
330
1D4
100
AcDbEntity
  8
0
100
AcDbBlockEnd
  0
BLOCK
  5
1E6
330
1E5
100
AcDbEntity
  8
0
100
AcDbBlockBegin
  2
*D14
 70
1
 10
0.0
 20
0.0
 30
0.0
  3
*D14
  1

  0
LINE
  5
1E8
330
1E5
100
AcDbEntity
  8
0
100
AcDbLine
 10
191.93
 20
-0.86
 30
0.0
 11
190.53
 21
-0.86
 31
0.0
  0
LINE
  5
1E9
330
1E5
100
AcDbEntity
  8
0
100
AcDbLine
 10
191.93
 20
9.85
 30
0.0
 11
190.53
 21
9.85
 31
0.0
  0
INSERT
  5
1EA
330
1E5
100
AcDbEntity
  8
MESURES
100
AcDbBlockReference
  2
_ARCHTICK
 10
190.68
 20
-0.86
 30
0.0
 41
0.25
 42
0.25
 50
270.0
  0
INSERT
  5
1EC
330
1E5
100
AcDbEntity
  8
MESURES
100
AcDbBlockReference
  2
_ARCHTICK
 10
190.68
 20
9.85
 30
0.0
 41
0.25
 42
0.25
 50
90.0
  0
LINE
  5
1EE
330
1E5
100
AcDbEntity
  8
0
100
AcDbLine
 10
190.68
 20
-0.86
 30
0.0
 11
190.68
 21
9.85
 31
0.0
  0
MTEXT
  5
1EF
330
1E5
100
AcDbEntity
  8
MESURES
100
AcDbMText
 10
190.38
 20
4.494999999999999
 30
0.0
 40
0.4
 71
5
  1
H 10.71
  7
OpenSansCondensed-Light
 50
90.0
  0
POINT
  5
1F0
330
1E5
100
AcDbEntity
  8
Defpoints
100
AcDbPoint
 10
190.68
 20
-0.86
 30
0.0
  0
POINT
  5
1F1
330
1E5
100
AcDbEntity
  8
Defpoints
100
AcDbPoint
 10
192.08
 20
-0.86
 30
0.0
  0
POINT
  5
1F2
330
1E5
100
AcDbEntity
  8
Defpoints
100
AcDbPoint
 10
192.08
 20
9.85
 30
0.0
  0
ENDBLK
  5
1E7
330
1E5
100
AcDbEntity
  8
0
100
AcDbBlockEnd
  0
BLOCK
  5
20E
330
20D
100
AcDbEntity
  8
0
100
AcDbBlockBegin
  2
*D15
 70
1
 10
0.0
 20
0.0
 30
0.0
  3
*D15
  1

  0
LINE
  5
210
330
20D
100
AcDbEntity
  8
0
100
AcDbLine
 10
235.45000000000002
 20
-2.15
 30
0.0
 11
235.45000000000002
 21
-3.35
 31
0.0
  0
LINE
  5
211
330
20D
100
AcDbEntity
  8
0
100
AcDbLine
 10
267.73
 20
-2.15
 30
0.0
 11
267.73
 21
-3.35
 31
0.0
  0
INSERT
  5
212
330
20D
100
AcDbEntity
  8
MESURES
100
AcDbBlockReference
  2
_ARCHTICK
 10
235.45000000000002
 20
-3.2
 30
0.0
 41
0.25
 42
0.25
 50
180.0
  0
INSERT
  5
214
330
20D
100
AcDbEntity
  8
MESURES
100
AcDbBlockReference
  2
_ARCHTICK
 10
267.73
 20
-3.2
 30
0.0
 41
0.25
 42
0.25
  0
LINE
  5
216
330
20D
100
AcDbEntity
  8
0
100
AcDbLine
 10
235.45000000000002
 20
-3.2
 30
0.0
 11
267.73
 21
-3.2
 31
0.0
  0
MTEXT
  5
217
330
20D
100
AcDbEntity
  8
MESURES
100
AcDbMText
 10
251.59000000000003
 20
-2.9000000000000004
 30
0.0
 40
0.4
 71
5
  1
3228
  7
OpenSansCondensed-Light
  0
POINT
  5
218
330
20D
100
AcDbEntity
  8
Defpoints
100
AcDbPoint
 10
235.45000000000002
 20
-3.2
 30
0.0
  0
POINT
  5
219
330
20D
100
AcDbEntity
  8
Defpoints
100
AcDbPoint
 10
235.45000000000002
 20
-2.0
 30
0.0
  0
POINT
  5
21A
330
20D
100
AcDbEntity
  8
Defpoints
100
AcDbPoint
 10
267.73
 20
-2.0
 30
0.0
  0
ENDBLK
  5
20F
330
20D
100
AcDbEntity
  8
0
100
AcDbBlockEnd
  0
BLOCK
  5
21F
330
21E
100
AcDbEntity
  8
0
100
AcDbBlockBegin
  2
*D16
 70
1
 10
0.0
 20
0.0
 30
0.0
  3
*D16
  1

  0
LINE
  5
221
330
21E
100
AcDbEntity
  8
0
100
AcDbLine
 10
267.88
 20
-0.86
 30
0.0
 11
269.28
 21
-0.86
 31
0.0
  0
LINE
  5
222
330
21E
100
AcDbEntity
  8
0
100
AcDbLine
 10
267.88
 20
13.17
 30
0.0
 11
269.28
 21
13.17
 31
0.0
  0
INSERT
  5
223
330
21E
100
AcDbEntity
  8
MESURES
100
AcDbBlockReference
  2
_ARCHTICK
 10
269.13
 20
-0.86
 30
0.0
 41
0.25
 42
0.25
 50
270.0
  0
INSERT
  5
225
330
21E
100
AcDbEntity
  8
MESURES
100
AcDbBlockReference
  2
_ARCHTICK
 10
269.13
 20
13.17
 30
0.0
 41
0.25
 42
0.25
 50
90.0
  0
LINE
  5
227
330
21E
100
AcDbEntity
  8
0
100
AcDbLine
 10
269.13
 20
-0.86
 30
0.0
 11
269.13
 21
13.17
 31
0.0
  0
MTEXT
  5
228
330
21E
100
AcDbEntity
  8
MESURES
100
AcDbMText
 10
268.83
 20
6.154999999999999
 30
0.0
 40
0.4
 71
5
  1
H faîtage 14.03
  7
OpenSansCondensed-Light
 50
90.0
  0
POINT
  5
229
330
21E
100
AcDbEntity
  8
Defpoints
100
AcDbPoint
 10
269.13
 20
-0.86
 30
0.0
  0
POINT
  5
22A
330
21E
100
AcDbEntity
  8
Defpoints
100
AcDbPoint
 10
267.73
 20
-0.86
 30
0.0
  0
POINT
  5
22B
330
21E
100
AcDbEntity
  8
Defpoints
100
AcDbPoint
 10
267.73
 20
13.17
 30
0.0
  0
ENDBLK
  5
220
330
21E
100
AcDbEntity
  8
0
100
AcDbBlockEnd
  0
BLOCK
  5
247
330
246
100
AcDbEntity
  8
0
100
AcDbBlockBegin
  2
*D17
 70
1
 10
0.0
 20
0.0
 30
0.0
  3
*D17
  1

  0
LINE
  5
249
330
246
100
AcDbEntity
  8
0
100
AcDbLine
 10
272.23
 20
-2.15
 30
0.0
 11
272.23
 21
-3.35
 31
0.0
  0
LINE
  5
24A
330
246
100
AcDbEntity
  8
0
100
AcDbLine
 10
304.51
 20
-2.15
 30
0.0
 11
304.51
 21
-3.35
 31
0.0
  0
INSERT
  5
24B
330
246
100
AcDbEntity
  8
MESURES
100
AcDbBlockReference
  2
_ARCHTICK
 10
272.23
 20
-3.2
 30
0.0
 41
0.25
 42
0.25
 50
180.0
  0
INSERT
  5
24D
330
246
100
AcDbEntity
  8
MESURES
100
AcDbBlockReference
  2
_ARCHTICK
 10
304.51
 20
-3.2
 30
0.0
 41
0.25
 42
0.25
  0
LINE
  5
24F
330
246
100
AcDbEntity
  8
0
100
AcDbLine
 10
272.23
 20
-3.2
 30
0.0
 11
304.51
 21
-3.2
 31
0.0
  0
MTEXT
  5
250
330
246
100
AcDbEntity
  8
MESURES
100
AcDbMText
 10
288.37
 20
-2.9000000000000004
 30
0.0
 40
0.4
 71
5
  1
3228
  7
OpenSansCondensed-Light
  0
POINT
  5
251
330
246
100
AcDbEntity
  8
Defpoints
100
AcDbPoint
 10
272.23
 20
-3.2
 30
0.0
  0
POINT
  5
252
330
246
100
AcDbEntity
  8
Defpoints
100
AcDbPoint
 10
272.23
 20
-2.0
 30
0.0
  0
POINT
  5
253
330
246
100
AcDbEntity
  8
Defpoints
100
AcDbPoint
 10
304.51
 20
-2.0
 30
0.0
  0
ENDBLK
  5
248
330
246
100
AcDbEntity
  8
0
100
AcDbBlockEnd
  0
BLOCK
  5
258
330
257
100
AcDbEntity
  8
0
100
AcDbBlockBegin
  2
*D18
 70
1
 10
0.0
 20
0.0
 30
0.0
  3
*D18
  1

  0
LINE
  5
25A
330
257
100
AcDbEntity
  8
0
100
AcDbLine
 10
304.65999999999997
 20
-0.86
 30
0.0
 11
306.05999999999995
 21
-0.86
 31
0.0
  0
LINE
  5
25B
330
257
100
AcDbEntity
  8
0
100
AcDbLine
 10
304.65999999999997
 20
9.84
 30
0.0
 11
306.05999999999995
 21
9.84
 31
0.0
  0
INSERT
  5
25C
330
257
100
AcDbEntity
  8
MESURES
100
AcDbBlockReference
  2
_ARCHTICK
 10
305.90999999999997
 20
-0.86
 30
0.0
 41
0.25
 42
0.25
 50
270.0
  0
INSERT
  5
25E
330
257
100
AcDbEntity
  8
MESURES
100
AcDbBlockReference
  2
_ARCHTICK
 10
305.90999999999997
 20
9.84
 30
0.0
 41
0.25
 42
0.25
 50
90.0
  0
LINE
  5
260
330
257
100
AcDbEntity
  8
0
100
AcDbLine
 10
305.90999999999997
 20
-0.86
 30
0.0
 11
305.90999999999997
 21
9.84
 31
0.0
  0
MTEXT
  5
261
330
257
100
AcDbEntity
  8
MESURES
100
AcDbMText
 10
305.60999999999996
 20
4.489999999999999
 30
0.0
 40
0.4
 71
5
  1
H sommet 10.70
  7
OpenSansCondensed-Light
 50
90.0
  0
POINT
  5
262
330
257
100
AcDbEntity
  8
Defpoints
100
AcDbPoint
 10
305.90999999999997
 20
-0.86
 30
0.0
  0
POINT
  5
263
330
257
100
AcDbEntity
  8
Defpoints
100
AcDbPoint
 10
304.51
 20
-0.86
 30
0.0
  0
POINT
  5
264
330
257
100
AcDbEntity
  8
Defpoints
100
AcDbPoint
 10
304.51
 20
9.84
 30
0.0
  0
ENDBLK
  5
259
330
257
100
AcDbEntity
  8
0
100
AcDbBlockEnd
  0
BLOCK
  5
269
330
268
100
AcDbEntity
  8
0
100
AcDbBlockBegin
  2
*D19
 70
1
 10
0.0
 20
0.0
 30
0.0
  3
*D19
  1

  0
LINE
  5
26B
330
268
100
AcDbEntity
  8
0
100
AcDbLine
 10
272.08000000000004
 20
-0.86
 30
0.0
 11
270.68000000000006
 21
-0.86
 31
0.0
  0
LINE
  5
26C
330
268
100
AcDbEntity
  8
0
100
AcDbLine
 10
272.08000000000004
 20
1.25
 30
0.0
 11
270.68000000000006
 21
1.25
 31
0.0
  0
INSERT
  5
26D
330
268
100
AcDbEntity
  8
MESURES
100
AcDbBlockReference
  2
_ARCHTICK
 10
270.83000000000004
 20
-0.86
 30
0.0
 41
0.25
 42
0.25
 50
270.0
  0
INSERT
  5
26F
330
268
100
AcDbEntity
  8
MESURES
100
AcDbBlockReference
  2
_ARCHTICK
 10
270.83000000000004
 20
1.25
 30
0.0
 41
0.25
 42
0.25
 50
90.0
  0
LINE
  5
271
330
268
100
AcDbEntity
  8
0
100
AcDbLine
 10
270.83000000000004
 20
-0.86
 30
0.0
 11
270.83000000000004
 21
1.25
 31
0.0
  0
MTEXT
  5
272
330
268
100
AcDbEntity
  8
MESURES
100
AcDbMText
 10
270.38000000000005
 20
0.19499999999999995
 30
0.0
 40
0.4
 71
5
  1
H 2.11
  7
OpenSansCondensed-Light
 50
90.0
  0
POINT
  5
273
330
268
100
AcDbEntity
  8
Defpoints
100
AcDbPoint
 10
270.83000000000004
 20
-0.86
 30
0.0
  0
POINT
  5
274
330
268
100
AcDbEntity
  8
Defpoints
100
AcDbPoint
 10
272.23
 20
-0.86
 30
0.0
  0
POINT
  5
275
330
268
100
AcDbEntity
  8
Defpoints
100
AcDbPoint
 10
272.23
 20
1.25
 30
0.0
  0
ENDBLK
  5
26A
330
268
100
AcDbEntity
  8
0
100
AcDbBlockEnd
  0
BLOCK
  5
291
330
290
100
AcDbEntity
  8
0
100
AcDbBlockBegin
  2
*D20
 70
1
 10
0.0
 20
0.0
 30
0.0
  3
*D20
  1

  0
LINE
  5
293
330
290
100
AcDbEntity
  8
0
100
AcDbLine
 10
309.01
 20
-2.15
 30
0.0
 11
309.01
 21
-3.35
 31
0.0
  0
LINE
  5
294
330
290
100
AcDbEntity
  8
0
100
AcDbLine
 10
341.28999999999996
 20
-2.15
 30
0.0
 11
341.28999999999996
 21
-3.35
 31
0.0
  0
INSERT
  5
295
330
290
100
AcDbEntity
  8
MESURES
100
AcDbBlockReference
  2
_ARCHTICK
 10
309.01
 20
-3.2
 30
0.0
 41
0.25
 42
0.25
 50
180.0
  0
INSERT
  5
297
330
290
100
AcDbEntity
  8
MESURES
100
AcDbBlockReference
  2
_ARCHTICK
 10
341.28999999999996
 20
-3.2
 30
0.0
 41
0.25
 42
0.25
  0
LINE
  5
299
330
290
100
AcDbEntity
  8
0
100
AcDbLine
 10
309.01
 20
-3.2
 30
0.0
 11
341.28999999999996
 21
-3.2
 31
0.0
  0
MTEXT
  5
29A
330
290
100
AcDbEntity
  8
MESURES
100
AcDbMText
 10
325.15
 20
-2.9000000000000004
 30
0.0
 40
0.4
 71
5
  1
3228
  7
OpenSansCondensed-Light
  0
POINT
  5
29B
330
290
100
AcDbEntity
  8
Defpoints
100
AcDbPoint
 10
309.01
 20
-3.2
 30
0.0
  0
POINT
  5
29C
330
290
100
AcDbEntity
  8
Defpoints
100
AcDbPoint
 10
309.01
 20
-2.0
 30
0.0
  0
POINT
  5
29D
330
290
100
AcDbEntity
  8
Defpoints
100
AcDbPoint
 10
341.28999999999996
 20
-2.0
 30
0.0
  0
ENDBLK
  5
292
330
290
100
AcDbEntity
  8
0
100
AcDbBlockEnd
  0
BLOCK
  5
2A2
330
2A1
100
AcDbEntity
  8
0
100
AcDbBlockBegin
  2
*D21
 70
1
 10
0.0
 20
0.0
 30
0.0
  3
*D21
  1

  0
LINE
  5
2A4
330
2A1
100
AcDbEntity
  8
0
100
AcDbLine
 10
341.43999999999994
 20
-0.86
 30
0.0
 11
342.8399999999999
 21
-0.86
 31
0.0
  0
LINE
  5
2A5
330
2A1
100
AcDbEntity
  8
0
100
AcDbLine
 10
341.43999999999994
 20
9.87
 30
0.0
 11
342.8399999999999
 21
9.87
 31
0.0
  0
INSERT
  5
2A6
330
2A1
100
AcDbEntity
  8
MESURES
100
AcDbBlockReference
  2
_ARCHTICK
 10
342.68999999999994
 20
-0.86
 30
0.0
 41
0.25
 42
0.25
 50
270.0
  0
INSERT
  5
2A8
330
2A1
100
AcDbEntity
  8
MESURES
100
AcDbBlockReference
  2
_ARCHTICK
 10
342.68999999999994
 20
9.87
 30
0.0
 41
0.25
 42
0.25
 50
90.0
  0
LINE
  5
2AA
330
2A1
100
AcDbEntity
  8
0
100
AcDbLine
 10
342.68999999999994
 20
-0.86
 30
0.0
 11
342.68999999999994
 21
9.87
 31
0.0
  0
MTEXT
  5
2AB
330
2A1
100
AcDbEntity
  8
MESURES
100
AcDbMText
 10
342.38999999999993
 20
4.504999999999999
 30
0.0
 40
0.4
 71
5
  1
H sommet 10.73
  7
OpenSansCondensed-Light
 50
90.0
  0
POINT
  5
2AC
330
2A1
100
AcDbEntity
  8
Defpoints
100
AcDbPoint
 10
342.68999999999994
 20
-0.86
 30
0.0
  0
POINT
  5
2AD
330
2A1
100
AcDbEntity
  8
Defpoints
100
AcDbPoint
 10
341.28999999999996
 20
-0.86
 30
0.0
  0
POINT
  5
2AE
330
2A1
100
AcDbEntity
  8
Defpoints
100
AcDbPoint
 10
341.28999999999996
 20
9.87
 30
0.0
  0
ENDBLK
  5
2A3
330
2A1
100
AcDbEntity
  8
0
100
AcDbBlockEnd
  0
BLOCK
  5
2B3
330
2B2
100
AcDbEntity
  8
0
100
AcDbBlockBegin
  2
*D22
 70
1
 10
0.0
 20
0.0
 30
0.0
  3
*D22
  1

  0
LINE
  5
2B5
330
2B2
100
AcDbEntity
  8
0
100
AcDbLine
 10
308.86
 20
-0.86
 30
0.0
 11
307.46000000000004
 21
-0.86
 31
0.0
  0
LINE
  5
2B6
330
2B2
100
AcDbEntity
  8
0
100
AcDbLine
 10
308.86
 20
1.05
 30
0.0
 11
307.46000000000004
 21
1.05
 31
0.0
  0
INSERT
  5
2B7
330
2B2
100
AcDbEntity
  8
MESURES
100
AcDbBlockReference
  2
_ARCHTICK
 10
307.61
 20
-0.86
 30
0.0
 41
0.25
 42
0.25
 50
270.0
  0
INSERT
  5
2B9
330
2B2
100
AcDbEntity
  8
MESURES
100
AcDbBlockReference
  2
_ARCHTICK
 10
307.61
 20
1.05
 30
0.0
 41
0.25
 42
0.25
 50
90.0
  0
LINE
  5
2BB
330
2B2
100
AcDbEntity
  8
0
100
AcDbLine
 10
307.61
 20
-0.86
 30
0.0
 11
307.61
 21
1.05
 31
0.0
  0
MTEXT
  5
2BC
330
2B2
100
AcDbEntity
  8
MESURES
100
AcDbMText
 10
307.16
 20
0.09500000000000008
 30
0.0
 40
0.4
 71
5
  1
H 1.91
  7
OpenSansCondensed-Light
 50
90.0
  0
POINT
  5
2BD
330
2B2
100
AcDbEntity
  8
Defpoints
100
AcDbPoint
 10
307.61
 20
-0.86
 30
0.0
  0
POINT
  5
2BE
330
2B2
100
AcDbEntity
  8
Defpoints
100
AcDbPoint
 10
309.01
 20
-0.86
 30
0.0
  0
POINT
  5
2BF
330
2B2
100
AcDbEntity
  8
Defpoints
100
AcDbPoint
 10
309.01
 20
1.05
 30
0.0
  0
ENDBLK
  5
2B4
330
2B2
100
AcDbEntity
  8
0
100
AcDbBlockEnd
  0
BLOCK
  5
2DB
330
2DA
100
AcDbEntity
  8
0
100
AcDbBlockBegin
  2
*D23
 70
1
 10
0.0
 20
0.0
 30
0.0
  3
*D23
  1

  0
LINE
  5
2DD
330
2DA
100
AcDbEntity
  8
0
100
AcDbLine
 10
351.28999999999996
 20
-2.15
 30
0.0
 11
351.28999999999996
 21
-3.35
 31
0.0
  0
LINE
  5
2DE
330
2DA
100
AcDbEntity
  8
0
100
AcDbLine
 10
391.03999999999996
 20
-2.15
 30
0.0
 11
391.03999999999996
 21
-3.35
 31
0.0
  0
INSERT
  5
2DF
330
2DA
100
AcDbEntity
  8
MESURES
100
AcDbBlockReference
  2
_ARCHTICK
 10
351.28999999999996
 20
-3.2
 30
0.0
 41
0.25
 42
0.25
 50
180.0
  0
INSERT
  5
2E1
330
2DA
100
AcDbEntity
  8
MESURES
100
AcDbBlockReference
  2
_ARCHTICK
 10
391.03999999999996
 20
-3.2
 30
0.0
 41
0.25
 42
0.25
  0
LINE
  5
2E3
330
2DA
100
AcDbEntity
  8
0
100
AcDbLine
 10
351.28999999999996
 20
-3.2
 30
0.0
 11
391.03999999999996
 21
-3.2
 31
0.0
  0
MTEXT
  5
2E4
330
2DA
100
AcDbEntity
  8
MESURES
100
AcDbMText
 10
371.16499999999996
 20
-2.9000000000000004
 30
0.0
 40
0.4
 71
5
  1
3975
  7
OpenSansCondensed-Light
  0
POINT
  5
2E5
330
2DA
100
AcDbEntity
  8
Defpoints
100
AcDbPoint
 10
351.28999999999996
 20
-3.2
 30
0.0
  0
POINT
  5
2E6
330
2DA
100
AcDbEntity
  8
Defpoints
100
AcDbPoint
 10
351.28999999999996
 20
-2.0
 30
0.0
  0
POINT
  5
2E7
330
2DA
100
AcDbEntity
  8
Defpoints
100
AcDbPoint
 10
391.03999999999996
 20
-2.0
 30
0.0
  0
ENDBLK
  5
2DC
330
2DA
100
AcDbEntity
  8
0
100
AcDbBlockEnd
  0
BLOCK
  5
2EC
330
2EB
100
AcDbEntity
  8
0
100
AcDbBlockBegin
  2
*D24
 70
1
 10
0.0
 20
0.0
 30
0.0
  3
*D24
  1

  0
LINE
  5
2EE
330
2EB
100
AcDbEntity
  8
0
100
AcDbLine
 10
391.18999999999994
 20
-0.54
 30
0.0
 11
392.5899999999999
 21
-0.54
 31
0.0
  0
LINE
  5
2EF
330
2EB
100
AcDbEntity
  8
0
100
AcDbLine
 10
391.18999999999994
 20
13.64
 30
0.0
 11
392.5899999999999
 21
13.64
 31
0.0
  0
INSERT
  5
2F0
330
2EB
100
AcDbEntity
  8
MESURES
100
AcDbBlockReference
  2
_ARCHTICK
 10
392.43999999999994
 20
-0.54
 30
0.0
 41
0.25
 42
0.25
 50
270.0
  0
INSERT
  5
2F2
330
2EB
100
AcDbEntity
  8
MESURES
100
AcDbBlockReference
  2
_ARCHTICK
 10
392.43999999999994
 20
13.64
 30
0.0
 41
0.25
 42
0.25
 50
90.0
  0
LINE
  5
2F4
330
2EB
100
AcDbEntity
  8
0
100
AcDbLine
 10
392.43999999999994
 20
-0.54
 30
0.0
 11
392.43999999999994
 21
13.64
 31
0.0
  0
MTEXT
  5
2F5
330
2EB
100
AcDbEntity
  8
MESURES
100
AcDbMText
 10
392.13999999999993
 20
6.55
 30
0.0
 40
0.4
 71
5
  1
H faîtage 14.18
  7
OpenSansCondensed-Light
 50
90.0
  0
POINT
  5
2F6
330
2EB
100
AcDbEntity
  8
Defpoints
100
AcDbPoint
 10
392.43999999999994
 20
-0.54
 30
0.0
  0
POINT
  5
2F7
330
2EB
100
AcDbEntity
  8
Defpoints
100
AcDbPoint
 10
391.03999999999996
 20
-0.54
 30
0.0
  0
POINT
  5
2F8
330
2EB
100
AcDbEntity
  8
Defpoints
100
AcDbPoint
 10
391.03999999999996
 20
13.64
 30
0.0
  0
ENDBLK
  5
2ED
330
2EB
100
AcDbEntity
  8
0
100
AcDbBlockEnd
  0
BLOCK
  5
314
330
313
100
AcDbEntity
  8
0
100
AcDbBlockBegin
  2
*D25
 70
1
 10
0.0
 20
0.0
 30
0.0
  3
*D25
  1

  0
LINE
  5
316
330
313
100
AcDbEntity
  8
0
100
AcDbLine
 10
395.53999999999996
 20
-2.15
 30
0.0
 11
395.53999999999996
 21
-3.35
 31
0.0
  0
LINE
  5
317
330
313
100
AcDbEntity
  8
0
100
AcDbLine
 10
411.83
 20
-2.15
 30
0.0
 11
411.83
 21
-3.35
 31
0.0
  0
INSERT
  5
318
330
313
100
AcDbEntity
  8
MESURES
100
AcDbBlockReference
  2
_ARCHTICK
 10
395.53999999999996
 20
-3.2
 30
0.0
 41
0.25
 42
0.25
 50
180.0
  0
INSERT
  5
31A
330
313
100
AcDbEntity
  8
MESURES
100
AcDbBlockReference
  2
_ARCHTICK
 10
411.83
 20
-3.2
 30
0.0
 41
0.25
 42
0.25
  0
LINE
  5
31C
330
313
100
AcDbEntity
  8
0
100
AcDbLine
 10
395.53999999999996
 20
-3.2
 30
0.0
 11
411.83
 21
-3.2
 31
0.0
  0
MTEXT
  5
31D
330
313
100
AcDbEntity
  8
MESURES
100
AcDbMText
 10
403.68499999999995
 20
-2.9000000000000004
 30
0.0
 40
0.4
 71
5
  1
1629
  7
OpenSansCondensed-Light
  0
POINT
  5
31E
330
313
100
AcDbEntity
  8
Defpoints
100
AcDbPoint
 10
395.53999999999996
 20
-3.2
 30
0.0
  0
POINT
  5
31F
330
313
100
AcDbEntity
  8
Defpoints
100
AcDbPoint
 10
395.53999999999996
 20
-2.0
 30
0.0
  0
POINT
  5
320
330
313
100
AcDbEntity
  8
Defpoints
100
AcDbPoint
 10
411.83
 20
-2.0
 30
0.0
  0
ENDBLK
  5
315
330
313
100
AcDbEntity
  8
0
100
AcDbBlockEnd
  0
BLOCK
  5
325
330
324
100
AcDbEntity
  8
0
100
AcDbBlockBegin
  2
*D26
 70
1
 10
0.0
 20
0.0
 30
0.0
  3
*D26
  1

  0
LINE
  5
327
330
324
100
AcDbEntity
  8
0
100
AcDbLine
 10
411.97999999999996
 20
-0.54
 30
0.0
 11
413.37999999999994
 21
-0.54
 31
0.0
  0
LINE
  5
328
330
324
100
AcDbEntity
  8
0
100
AcDbLine
 10
411.97999999999996
 20
13.66
 30
0.0
 11
413.37999999999994
 21
13.66
 31
0.0
  0
INSERT
  5
329
330
324
100
AcDbEntity
  8
MESURES
100
AcDbBlockReference
  2
_ARCHTICK
 10
413.22999999999996
 20
-0.54
 30
0.0
 41
0.25
 42
0.25
 50
270.0
  0
INSERT
  5
32B
330
324
100
AcDbEntity
  8
MESURES
100
AcDbBlockReference
  2
_ARCHTICK
 10
413.22999999999996
 20
13.66
 30
0.0
 41
0.25
 42
0.25
 50
90.0
  0
LINE
  5
32D
330
324
100
AcDbEntity
  8
0
100
AcDbLine
 10
413.22999999999996
 20
-0.54
 30
0.0
 11
413.22999999999996
 21
13.66
 31
0.0
  0
MTEXT
  5
32E
330
324
100
AcDbEntity
  8
MESURES
100
AcDbMText
 10
412.92999999999995
 20
6.56
 30
0.0
 40
0.4
 71
5
  1
H faîtage 14.20
  7
OpenSansCondensed-Light
 50
90.0
  0
POINT
  5
32F
330
324
100
AcDbEntity
  8
Defpoints
100
AcDbPoint
 10
413.22999999999996
 20
-0.54
 30
0.0
  0
POINT
  5
330
330
324
100
AcDbEntity
  8
Defpoints
100
AcDbPoint
 10
411.83
 20
-0.54
 30
0.0
  0
POINT
  5
331
330
324
100
AcDbEntity
  8
Defpoints
100
AcDbPoint
 10
411.83
 20
13.66
 30
0.0
  0
ENDBLK
  5
326
330
324
100
AcDbEntity
  8
0
100
AcDbBlockEnd
  0
BLOCK
  5
34D
330
34C
100
AcDbEntity
  8
0
100
AcDbBlockBegin
  2
*D27
 70
1
 10
0.0
 20
0.0
 30
0.0
  3
*D27
  1

  0
LINE
  5
34F
330
34C
100
AcDbEntity
  8
0
100
AcDbLine
 10
416.33
 20
-2.15
 30
0.0
 11
416.33
 21
-3.35
 31
0.0
  0
LINE
  5
350
330
34C
100
AcDbEntity
  8
0
100
AcDbLine
 10
432.62
 20
-2.15
 30
0.0
 11
432.62
 21
-3.35
 31
0.0
  0
INSERT
  5
351
330
34C
100
AcDbEntity
  8
MESURES
100
AcDbBlockReference
  2
_ARCHTICK
 10
416.33
 20
-3.2
 30
0.0
 41
0.25
 42
0.25
 50
180.0
  0
INSERT
  5
353
330
34C
100
AcDbEntity
  8
MESURES
100
AcDbBlockReference
  2
_ARCHTICK
 10
432.62
 20
-3.2
 30
0.0
 41
0.25
 42
0.25
  0
LINE
  5
355
330
34C
100
AcDbEntity
  8
0
100
AcDbLine
 10
416.33
 20
-3.2
 30
0.0
 11
432.62
 21
-3.2
 31
0.0
  0
MTEXT
  5
356
330
34C
100
AcDbEntity
  8
MESURES
100
AcDbMText
 10
424.475
 20
-2.9000000000000004
 30
0.0
 40
0.4
 71
5
  1
1629
  7
OpenSansCondensed-Light
  0
POINT
  5
357
330
34C
100
AcDbEntity
  8
Defpoints
100
AcDbPoint
 10
416.33
 20
-3.2
 30
0.0
  0
POINT
  5
358
330
34C
100
AcDbEntity
  8
Defpoints
100
AcDbPoint
 10
416.33
 20
-2.0
 30
0.0
  0
POINT
  5
359
330
34C
100
AcDbEntity
  8
Defpoints
100
AcDbPoint
 10
432.62
 20
-2.0
 30
0.0
  0
ENDBLK
  5
34E
330
34C
100
AcDbEntity
  8
0
100
AcDbBlockEnd
  0
BLOCK
  5
35E
330
35D
100
AcDbEntity
  8
0
100
AcDbBlockBegin
  2
*D28
 70
1
 10
0.0
 20
0.0
 30
0.0
  3
*D28
  1

  0
LINE
  5
360
330
35D
100
AcDbEntity
  8
0
100
AcDbLine
 10
432.77
 20
-0.54
 30
0.0
 11
434.16999999999996
 21
-0.54
 31
0.0
  0
LINE
  5
361
330
35D
100
AcDbEntity
  8
0
100
AcDbLine
 10
432.77
 20
8.91
 30
0.0
 11
434.16999999999996
 21
8.91
 31
0.0
  0
INSERT
  5
362
330
35D
100
AcDbEntity
  8
MESURES
100
AcDbBlockReference
  2
_ARCHTICK
 10
434.02
 20
-0.54
 30
0.0
 41
0.25
 42
0.25
 50
270.0
  0
INSERT
  5
364
330
35D
100
AcDbEntity
  8
MESURES
100
AcDbBlockReference
  2
_ARCHTICK
 10
434.02
 20
8.91
 30
0.0
 41
0.25
 42
0.25
 50
90.0
  0
LINE
  5
366
330
35D
100
AcDbEntity
  8
0
100
AcDbLine
 10
434.02
 20
-0.54
 30
0.0
 11
434.02
 21
8.91
 31
0.0
  0
MTEXT
  5
367
330
35D
100
AcDbEntity
  8
MESURES
100
AcDbMText
 10
433.71999999999997
 20
4.185
 30
0.0
 40
0.4
 71
5
  1
H sommet 9.45
  7
OpenSansCondensed-Light
 50
90.0
  0
POINT
  5
368
330
35D
100
AcDbEntity
  8
Defpoints
100
AcDbPoint
 10
434.02
 20
-0.54
 30
0.0
  0
POINT
  5
369
330
35D
100
AcDbEntity
  8
Defpoints
100
AcDbPoint
 10
432.62
 20
-0.54
 30
0.0
  0
POINT
  5
36A
330
35D
100
AcDbEntity
  8
Defpoints
100
AcDbPoint
 10
432.62
 20
8.91
 30
0.0
  0
ENDBLK
  5
35F
330
35D
100
AcDbEntity
  8
0
100
AcDbBlockEnd
  0
BLOCK
  5
36F
330
36E
100
AcDbEntity
  8
0
100
AcDbBlockBegin
  2
*D29
 70
1
 10
0.0
 20
0.0
 30
0.0
  3
*D29
  1

  0
LINE
  5
371
330
36E
100
AcDbEntity
  8
0
100
AcDbLine
 10
416.18
 20
-0.54
 30
0.0
 11
414.78000000000003
 21
-0.54
 31
0.0
  0
LINE
  5
372
330
36E
100
AcDbEntity
  8
0
100
AcDbLine
 10
416.18
 20
4.35
 30
0.0
 11
414.78000000000003
 21
4.35
 31
0.0
  0
INSERT
  5
373
330
36E
100
AcDbEntity
  8
MESURES
100
AcDbBlockReference
  2
_ARCHTICK
 10
414.93
 20
-0.54
 30
0.0
 41
0.25
 42
0.25
 50
270.0
  0
INSERT
  5
375
330
36E
100
AcDbEntity
  8
MESURES
100
AcDbBlockReference
  2
_ARCHTICK
 10
414.93
 20
4.35
 30
0.0
 41
0.25
 42
0.25
 50
90.0
  0
LINE
  5
377
330
36E
100
AcDbEntity
  8
0
100
AcDbLine
 10
414.93
 20
-0.54
 30
0.0
 11
414.93
 21
4.35
 31
0.0
  0
MTEXT
  5
378
330
36E
100
AcDbEntity
  8
MESURES
100
AcDbMText
 10
414.63
 20
1.9049999999999998
 30
0.0
 40
0.4
 71
5
  1
H 4.89
  7
OpenSansCondensed-Light
 50
90.0
  0
POINT
  5
379
330
36E
100
AcDbEntity
  8
Defpoints
100
AcDbPoint
 10
414.93
 20
-0.54
 30
0.0
  0
POINT
  5
37A
330
36E
100
AcDbEntity
  8
Defpoints
100
AcDbPoint
 10
416.33
 20
-0.54
 30
0.0
  0
POINT
  5
37B
330
36E
100
AcDbEntity
  8
Defpoints
100
AcDbPoint
 10
416.33
 20
4.35
 30
0.0
  0
ENDBLK
  5
370
330
36E
100
AcDbEntity
  8
0
100
AcDbBlockEnd
  0
BLOCK
  5
397
330
396
100
AcDbEntity
  8
0
100
AcDbBlockBegin
  2
*D30
 70
1
 10
0.0
 20
0.0
 30
0.0
  3
*D30
  1

  0
LINE
  5
399
330
396
100
AcDbEntity
  8
0
100
AcDbLine
 10
437.12
 20
-2.15
 30
0.0
 11
437.12
 21
-3.35
 31
0.0
  0
LINE
  5
39A
330
396
100
AcDbEntity
  8
0
100
AcDbLine
 10
476.87
 20
-2.15
 30
0.0
 11
476.87
 21
-3.35
 31
0.0
  0
INSERT
  5
39B
330
396
100
AcDbEntity
  8
MESURES
100
AcDbBlockReference
  2
_ARCHTICK
 10
437.12
 20
-3.2
 30
0.0
 41
0.25
 42
0.25
 50
180.0
  0
INSERT
  5
39D
330
396
100
AcDbEntity
  8
MESURES
100
AcDbBlockReference
  2
_ARCHTICK
 10
476.87
 20
-3.2
 30
0.0
 41
0.25
 42
0.25
  0
LINE
  5
39F
330
396
100
AcDbEntity
  8
0
100
AcDbLine
 10
437.12
 20
-3.2
 30
0.0
 11
476.87
 21
-3.2
 31
0.0
  0
MTEXT
  5
3A0
330
396
100
AcDbEntity
  8
MESURES
100
AcDbMText
 10
456.995
 20
-2.9000000000000004
 30
0.0
 40
0.4
 71
5
  1
3975
  7
OpenSansCondensed-Light
  0
POINT
  5
3A1
330
396
100
AcDbEntity
  8
Defpoints
100
AcDbPoint
 10
437.12
 20
-3.2
 30
0.0
  0
POINT
  5
3A2
330
396
100
AcDbEntity
  8
Defpoints
100
AcDbPoint
 10
437.12
 20
-2.0
 30
0.0
  0
POINT
  5
3A3
330
396
100
AcDbEntity
  8
Defpoints
100
AcDbPoint
 10
476.87
 20
-2.0
 30
0.0
  0
ENDBLK
  5
398
330
396
100
AcDbEntity
  8
0
100
AcDbBlockEnd
  0
BLOCK
  5
3A8
330
3A7
100
AcDbEntity
  8
0
100
AcDbBlockBegin
  2
*D31
 70
1
 10
0.0
 20
0.0
 30
0.0
  3
*D31
  1

  0
LINE
  5
3AA
330
3A7
100
AcDbEntity
  8
0
100
AcDbLine
 10
477.02
 20
-0.54
 30
0.0
 11
478.41999999999996
 21
-0.54
 31
0.0
  0
LINE
  5
3AB
330
3A7
100
AcDbEntity
  8
0
100
AcDbLine
 10
477.02
 20
12.54
 30
0.0
 11
478.41999999999996
 21
12.54
 31
0.0
  0
INSERT
  5
3AC
330
3A7
100
AcDbEntity
  8
MESURES
100
AcDbBlockReference
  2
_ARCHTICK
 10
478.27
 20
-0.54
 30
0.0
 41
0.25
 42
0.25
 50
270.0
  0
INSERT
  5
3AE
330
3A7
100
AcDbEntity
  8
MESURES
100
AcDbBlockReference
  2
_ARCHTICK
 10
478.27
 20
12.54
 30
0.0
 41
0.25
 42
0.25
 50
90.0
  0
LINE
  5
3B0
330
3A7
100
AcDbEntity
  8
0
100
AcDbLine
 10
478.27
 20
-0.54
 30
0.0
 11
478.27
 21
12.54
 31
0.0
  0
MTEXT
  5
3B1
330
3A7
100
AcDbEntity
  8
MESURES
100
AcDbMText
 10
477.96999999999997
 20
5.999999999999999
 30
0.0
 40
0.4
 71
5
  1
H sommet 13.08
  7
OpenSansCondensed-Light
 50
90.0
  0
POINT
  5
3B2
330
3A7
100
AcDbEntity
  8
Defpoints
100
AcDbPoint
 10
478.27
 20
-0.54
 30
0.0
  0
POINT
  5
3B3
330
3A7
100
AcDbEntity
  8
Defpoints
100
AcDbPoint
 10
476.87
 20
-0.54
 30
0.0
  0
POINT
  5
3B4
330
3A7
100
AcDbEntity
  8
Defpoints
100
AcDbPoint
 10
476.87
 20
12.54
 30
0.0
  0
ENDBLK
  5
3A9
330
3A7
100
AcDbEntity
  8
0
100
AcDbBlockEnd
  0
BLOCK
  5
3B9
330
3B8
100
AcDbEntity
  8
0
100
AcDbBlockBegin
  2
*D32
 70
1
 10
0.0
 20
0.0
 30
0.0
  3
*D32
  1

  0
LINE
  5
3BB
330
3B8
100
AcDbEntity
  8
0
100
AcDbLine
 10
436.97
 20
-0.54
 30
0.0
 11
435.57000000000005
 21
-0.54
 31
0.0
  0
LINE
  5
3BC
330
3B8
100
AcDbEntity
  8
0
100
AcDbLine
 10
436.97
 20
8.95
 30
0.0
 11
435.57000000000005
 21
8.95
 31
0.0
  0
INSERT
  5
3BD
330
3B8
100
AcDbEntity
  8
MESURES
100
AcDbBlockReference
  2
_ARCHTICK
 10
435.72
 20
-0.54
 30
0.0
 41
0.25
 42
0.25
 50
270.0
  0
INSERT
  5
3BF
330
3B8
100
AcDbEntity
  8
MESURES
100
AcDbBlockReference
  2
_ARCHTICK
 10
435.72
 20
8.95
 30
0.0
 41
0.25
 42
0.25
 50
90.0
  0
LINE
  5
3C1
330
3B8
100
AcDbEntity
  8
0
100
AcDbLine
 10
435.72
 20
-0.54
 30
0.0
 11
435.72
 21
8.95
 31
0.0
  0
MTEXT
  5
3C2
330
3B8
100
AcDbEntity
  8
MESURES
100
AcDbMText
 10
435.42
 20
4.204999999999999
 30
0.0
 40
0.4
 71
5
  1
H 9.49
  7
OpenSansCondensed-Light
 50
90.0
  0
POINT
  5
3C3
330
3B8
100
AcDbEntity
  8
Defpoints
100
AcDbPoint
 10
435.72
 20
-0.54
 30
0.0
  0
POINT
  5
3C4
330
3B8
100
AcDbEntity
  8
Defpoints
100
AcDbPoint
 10
437.12
 20
-0.54
 30
0.0
  0
POINT
  5
3C5
330
3B8
100
AcDbEntity
  8
Defpoints
100
AcDbPoint
 10
437.12
 20
8.95
 30
0.0
  0
ENDBLK
  5
3BA
330
3B8
100
AcDbEntity
  8
0
100
AcDbBlockEnd
  0
BLOCK
  5
3E1
330
3E0
100
AcDbEntity
  8
0
100
AcDbBlockBegin
  2
*D33
 70
1
 10
0.0
 20
0.0
 30
0.0
  3
*D33
  1

  0
LINE
  5
3E3
330
3E0
100
AcDbEntity
  8
0
100
AcDbLine
 10
486.87
 20
-2.15
 30
0.0
 11
486.87
 21
-3.35
 31
0.0
  0
LINE
  5
3E4
330
3E0
100
AcDbEntity
  8
0
100
AcDbLine
 10
506.72
 20
-2.15
 30
0.0
 11
506.72
 21
-3.35
 31
0.0
  0
INSERT
  5
3E5
330
3E0
100
AcDbEntity
  8
MESURES
100
AcDbBlockReference
  2
_ARCHTICK
 10
486.87
 20
-3.2
 30
0.0
 41
0.25
 42
0.25
 50
180.0
  0
INSERT
  5
3E7
330
3E0
100
AcDbEntity
  8
MESURES
100
AcDbBlockReference
  2
_ARCHTICK
 10
506.72
 20
-3.2
 30
0.0
 41
0.25
 42
0.25
  0
LINE
  5
3E9
330
3E0
100
AcDbEntity
  8
0
100
AcDbLine
 10
486.87
 20
-3.2
 30
0.0
 11
506.72
 21
-3.2
 31
0.0
  0
MTEXT
  5
3EA
330
3E0
100
AcDbEntity
  8
MESURES
100
AcDbMText
 10
496.795
 20
-2.9000000000000004
 30
0.0
 40
0.4
 71
5
  1
1985
  7
OpenSansCondensed-Light
  0
POINT
  5
3EB
330
3E0
100
AcDbEntity
  8
Defpoints
100
AcDbPoint
 10
486.87
 20
-3.2
 30
0.0
  0
POINT
  5
3EC
330
3E0
100
AcDbEntity
  8
Defpoints
100
AcDbPoint
 10
486.87
 20
-2.0
 30
0.0
  0
POINT
  5
3ED
330
3E0
100
AcDbEntity
  8
Defpoints
100
AcDbPoint
 10
506.72
 20
-2.0
 30
0.0
  0
ENDBLK
  5
3E2
330
3E0
100
AcDbEntity
  8
0
100
AcDbBlockEnd
  0
BLOCK
  5
3F2
330
3F1
100
AcDbEntity
  8
0
100
AcDbBlockBegin
  2
*D34
 70
1
 10
0.0
 20
0.0
 30
0.0
  3
*D34
  1

  0
LINE
  5
3F4
330
3F1
100
AcDbEntity
  8
0
100
AcDbLine
 10
506.87
 20
-0.78
 30
0.0
 11
508.27
 21
-0.78
 31
0.0
  0
LINE
  5
3F5
330
3F1
100
AcDbEntity
  8
0
100
AcDbLine
 10
506.87
 20
11.83
 30
0.0
 11
508.27
 21
11.83
 31
0.0
  0
INSERT
  5
3F6
330
3F1
100
AcDbEntity
  8
MESURES
100
AcDbBlockReference
  2
_ARCHTICK
 10
508.12
 20
-0.78
 30
0.0
 41
0.25
 42
0.25
 50
270.0
  0
INSERT
  5
3F8
330
3F1
100
AcDbEntity
  8
MESURES
100
AcDbBlockReference
  2
_ARCHTICK
 10
508.12
 20
11.83
 30
0.0
 41
0.25
 42
0.25
 50
90.0
  0
LINE
  5
3FA
330
3F1
100
AcDbEntity
  8
0
100
AcDbLine
 10
508.12
 20
-0.78
 30
0.0
 11
508.12
 21
11.83
 31
0.0
  0
MTEXT
  5
3FB
330
3F1
100
AcDbEntity
  8
MESURES
100
AcDbMText
 10
507.82
 20
5.5249999999999995
 30
0.0
 40
0.4
 71
5
  1
H faîtage 12.61
  7
OpenSansCondensed-Light
 50
90.0
  0
POINT
  5
3FC
330
3F1
100
AcDbEntity
  8
Defpoints
100
AcDbPoint
 10
508.12
 20
-0.78
 30
0.0
  0
POINT
  5
3FD
330
3F1
100
AcDbEntity
  8
Defpoints
100
AcDbPoint
 10
506.72
 20
-0.78
 30
0.0
  0
POINT
  5
3FE
330
3F1
100
AcDbEntity
  8
Defpoints
100
AcDbPoint
 10
506.72
 20
11.83
 30
0.0
  0
ENDBLK
  5
3F3
330
3F1
100
AcDbEntity
  8
0
100
AcDbBlockEnd
  0
BLOCK
  5
41A
330
419
100
AcDbEntity
  8
0
100
AcDbBlockBegin
  2
*D35
 70
1
 10
0.0
 20
0.0
 30
0.0
  3
*D35
  1

  0
LINE
  5
41C
330
419
100
AcDbEntity
  8
0
100
AcDbLine
 10
511.22
 20
-2.15
 30
0.0
 11
511.22
 21
-3.35
 31
0.0
  0
LINE
  5
41D
330
419
100
AcDbEntity
  8
0
100
AcDbLine
 10
525.96
 20
-2.15
 30
0.0
 11
525.96
 21
-3.35
 31
0.0
  0
INSERT
  5
41E
330
419
100
AcDbEntity
  8
MESURES
100
AcDbBlockReference
  2
_ARCHTICK
 10
511.22
 20
-3.2
 30
0.0
 41
0.25
 42
0.25
 50
180.0
  0
INSERT
  5
420
330
419
100
AcDbEntity
  8
MESURES
100
AcDbBlockReference
  2
_ARCHTICK
 10
525.96
 20
-3.2
 30
0.0
 41
0.25
 42
0.25
  0
LINE
  5
422
330
419
100
AcDbEntity
  8
0
100
AcDbLine
 10
511.22
 20
-3.2
 30
0.0
 11
525.96
 21
-3.2
 31
0.0
  0
MTEXT
  5
423
330
419
100
AcDbEntity
  8
MESURES
100
AcDbMText
 10
518.59
 20
-2.9000000000000004
 30
0.0
 40
0.4
 71
5
  1
1474
  7
OpenSansCondensed-Light
  0
POINT
  5
424
330
419
100
AcDbEntity
  8
Defpoints
100
AcDbPoint
 10
511.22
 20
-3.2
 30
0.0
  0
POINT
  5
425
330
419
100
AcDbEntity
  8
Defpoints
100
AcDbPoint
 10
511.22
 20
-2.0
 30
0.0
  0
POINT
  5
426
330
419
100
AcDbEntity
  8
Defpoints
100
AcDbPoint
 10
525.96
 20
-2.0
 30
0.0
  0
ENDBLK
  5
41B
330
419
100
AcDbEntity
  8
0
100
AcDbBlockEnd
  0
BLOCK
  5
42B
330
42A
100
AcDbEntity
  8
0
100
AcDbBlockBegin
  2
*D36
 70
1
 10
0.0
 20
0.0
 30
0.0
  3
*D36
  1

  0
LINE
  5
42D
330
42A
100
AcDbEntity
  8
0
100
AcDbLine
 10
526.11
 20
-0.78
 30
0.0
 11
527.51
 21
-0.78
 31
0.0
  0
LINE
  5
42E
330
42A
100
AcDbEntity
  8
0
100
AcDbLine
 10
526.11
 20
11.87
 30
0.0
 11
527.51
 21
11.87
 31
0.0
  0
INSERT
  5
42F
330
42A
100
AcDbEntity
  8
MESURES
100
AcDbBlockReference
  2
_ARCHTICK
 10
527.36
 20
-0.78
 30
0.0
 41
0.25
 42
0.25
 50
270.0
  0
INSERT
  5
431
330
42A
100
AcDbEntity
  8
MESURES
100
AcDbBlockReference
  2
_ARCHTICK
 10
527.36
 20
11.87
 30
0.0
 41
0.25
 42
0.25
 50
90.0
  0
LINE
  5
433
330
42A
100
AcDbEntity
  8
0
100
AcDbLine
 10
527.36
 20
-0.78
 30
0.0
 11
527.36
 21
11.87
 31
0.0
  0
MTEXT
  5
434
330
42A
100
AcDbEntity
  8
MESURES
100
AcDbMText
 10
527.0600000000001
 20
5.544999999999999
 30
0.0
 40
0.4
 71
5
  1
H faîtage 12.65
  7
OpenSansCondensed-Light
 50
90.0
  0
POINT
  5
435
330
42A
100
AcDbEntity
  8
Defpoints
100
AcDbPoint
 10
527.36
 20
-0.78
 30
0.0
  0
POINT
  5
436
330
42A
100
AcDbEntity
  8
Defpoints
100
AcDbPoint
 10
525.96
 20
-0.78
 30
0.0
  0
POINT
  5
437
330
42A
100
AcDbEntity
  8
Defpoints
100
AcDbPoint
 10
525.96
 20
11.87
 30
0.0
  0
ENDBLK
  5
42C
330
42A
100
AcDbEntity
  8
0
100
AcDbBlockEnd
  0
BLOCK
  5
43C
330
43B
100
AcDbEntity
  8
0
100
AcDbBlockBegin
  2
*D37
 70
1
 10
0.0
 20
0.0
 30
0.0
  3
*D37
  1

  0
LINE
  5
43E
330
43B
100
AcDbEntity
  8
0
100
AcDbLine
 10
511.07000000000005
 20
-0.78
 30
0.0
 11
509.6700000000001
 21
-0.78
 31
0.0
  0
LINE
  5
43F
330
43B
100
AcDbEntity
  8
0
100
AcDbLine
 10
511.07000000000005
 20
11.05
 30
0.0
 11
509.6700000000001
 21
11.05
 31
0.0
  0
INSERT
  5
440
330
43B
100
AcDbEntity
  8
MESURES
100
AcDbBlockReference
  2
_ARCHTICK
 10
509.82000000000005
 20
-0.78
 30
0.0
 41
0.25
 42
0.25
 50
270.0
  0
INSERT
  5
442
330
43B
100
AcDbEntity
  8
MESURES
100
AcDbBlockReference
  2
_ARCHTICK
 10
509.82000000000005
 20
11.05
 30
0.0
 41
0.25
 42
0.25
 50
90.0
  0
LINE
  5
444
330
43B
100
AcDbEntity
  8
0
100
AcDbLine
 10
509.82000000000005
 20
-0.78
 30
0.0
 11
509.82000000000005
 21
11.05
 31
0.0
  0
MTEXT
  5
445
330
43B
100
AcDbEntity
  8
MESURES
100
AcDbMText
 10
509.52000000000004
 20
5.135
 30
0.0
 40
0.4
 71
5
  1
H 11.83
  7
OpenSansCondensed-Light
 50
90.0
  0
POINT
  5
446
330
43B
100
AcDbEntity
  8
Defpoints
100
AcDbPoint
 10
509.82000000000005
 20
-0.78
 30
0.0
  0
POINT
  5
447
330
43B
100
AcDbEntity
  8
Defpoints
100
AcDbPoint
 10
511.22
 20
-0.78
 30
0.0
  0
POINT
  5
448
330
43B
100
AcDbEntity
  8
Defpoints
100
AcDbPoint
 10
511.22
 20
11.05
 30
0.0
  0
ENDBLK
  5
43D
330
43B
100
AcDbEntity
  8
0
100
AcDbBlockEnd
  0
BLOCK
  5
464
330
463
100
AcDbEntity
  8
0
100
AcDbBlockBegin
  2
*D38
 70
1
 10
0.0
 20
0.0
 30
0.0
  3
*D38
  1

  0
LINE
  5
466
330
463
100
AcDbEntity
  8
0
100
AcDbLine
 10
530.46
 20
-2.15
 30
0.0
 11
530.46
 21
-3.35
 31
0.0
  0
LINE
  5
467
330
463
100
AcDbEntity
  8
0
100
AcDbLine
 10
545.2
 20
-2.15
 30
0.0
 11
545.2
 21
-3.35
 31
0.0
  0
INSERT
  5
468
330
463
100
AcDbEntity
  8
MESURES
100
AcDbBlockReference
  2
_ARCHTICK
 10
530.46
 20
-3.2
 30
0.0
 41
0.25
 42
0.25
 50
180.0
  0
INSERT
  5
46A
330
463
100
AcDbEntity
  8
MESURES
100
AcDbBlockReference
  2
_ARCHTICK
 10
545.2
 20
-3.2
 30
0.0
 41
0.25
 42
0.25
  0
LINE
  5
46C
330
463
100
AcDbEntity
  8
0
100
AcDbLine
 10
530.46
 20
-3.2
 30
0.0
 11
545.2
 21
-3.2
 31
0.0
  0
MTEXT
  5
46D
330
463
100
AcDbEntity
  8
MESURES
100
AcDbMText
 10
537.83
 20
-2.9000000000000004
 30
0.0
 40
0.4
 71
5
  1
1474
  7
OpenSansCondensed-Light
  0
POINT
  5
46E
330
463
100
AcDbEntity
  8
Defpoints
100
AcDbPoint
 10
530.46
 20
-3.2
 30
0.0
  0
POINT
  5
46F
330
463
100
AcDbEntity
  8
Defpoints
100
AcDbPoint
 10
530.46
 20
-2.0
 30
0.0
  0
POINT
  5
470
330
463
100
AcDbEntity
  8
Defpoints
100
AcDbPoint
 10
545.2
 20
-2.0
 30
0.0
  0
ENDBLK
  5
465
330
463
100
AcDbEntity
  8
0
100
AcDbBlockEnd
  0
BLOCK
  5
475
330
474
100
AcDbEntity
  8
0
100
AcDbBlockBegin
  2
*D39
 70
1
 10
0.0
 20
0.0
 30
0.0
  3
*D39
  1

  0
LINE
  5
477
330
474
100
AcDbEntity
  8
0
100
AcDbLine
 10
545.35
 20
-0.78
 30
0.0
 11
546.75
 21
-0.78
 31
0.0
  0
LINE
  5
478
330
474
100
AcDbEntity
  8
0
100
AcDbLine
 10
545.35
 20
11.54
 30
0.0
 11
546.75
 21
11.54
 31
0.0
  0
INSERT
  5
479
330
474
100
AcDbEntity
  8
MESURES
100
AcDbBlockReference
  2
_ARCHTICK
 10
546.6
 20
-0.78
 30
0.0
 41
0.25
 42
0.25
 50
270.0
  0
INSERT
  5
47B
330
474
100
AcDbEntity
  8
MESURES
100
AcDbBlockReference
  2
_ARCHTICK
 10
546.6
 20
11.54
 30
0.0
 41
0.25
 42
0.25
 50
90.0
  0
LINE
  5
47D
330
474
100
AcDbEntity
  8
0
100
AcDbLine
 10
546.6
 20
-0.78
 30
0.0
 11
546.6
 21
11.54
 31
0.0
  0
MTEXT
  5
47E
330
474
100
AcDbEntity
  8
MESURES
100
AcDbMText
 10
546.3000000000001
 20
5.379999999999999
 30
0.0
 40
0.4
 71
5
  1
H sommet 12.32
  7
OpenSansCondensed-Light
 50
90.0
  0
POINT
  5
47F
330
474
100
AcDbEntity
  8
Defpoints
100
AcDbPoint
 10
546.6
 20
-0.78
 30
0.0
  0
POINT
  5
480
330
474
100
AcDbEntity
  8
Defpoints
100
AcDbPoint
 10
545.2
 20
-0.78
 30
0.0
  0
POINT
  5
481
330
474
100
AcDbEntity
  8
Defpoints
100
AcDbPoint
 10
545.2
 20
11.54
 30
0.0
  0
ENDBLK
  5
476
330
474
100
AcDbEntity
  8
0
100
AcDbBlockEnd
  0
BLOCK
  5
49D
330
49C
100
AcDbEntity
  8
0
100
AcDbBlockBegin
  2
*D40
 70
1
 10
0.0
 20
0.0
 30
0.0
  3
*D40
  1

  0
LINE
  5
49F
330
49C
100
AcDbEntity
  8
0
100
AcDbLine
 10
549.7
 20
-2.15
 30
0.0
 11
549.7
 21
-3.35
 31
0.0
  0
LINE
  5
4A0
330
49C
100
AcDbEntity
  8
0
100
AcDbLine
 10
569.5500000000001
 20
-2.15
 30
0.0
 11
569.5500000000001
 21
-3.35
 31
0.0
  0
INSERT
  5
4A1
330
49C
100
AcDbEntity
  8
MESURES
100
AcDbBlockReference
  2
_ARCHTICK
 10
549.7
 20
-3.2
 30
0.0
 41
0.25
 42
0.25
 50
180.0
  0
INSERT
  5
4A3
330
49C
100
AcDbEntity
  8
MESURES
100
AcDbBlockReference
  2
_ARCHTICK
 10
569.5500000000001
 20
-3.2
 30
0.0
 41
0.25
 42
0.25
  0
LINE
  5
4A5
330
49C
100
AcDbEntity
  8
0
100
AcDbLine
 10
549.7
 20
-3.2
 30
0.0
 11
569.5500000000001
 21
-3.2
 31
0.0
  0
MTEXT
  5
4A6
330
49C
100
AcDbEntity
  8
MESURES
100
AcDbMText
 10
559.625
 20
-2.9000000000000004
 30
0.0
 40
0.4
 71
5
  1
1985
  7
OpenSansCondensed-Light
  0
POINT
  5
4A7
330
49C
100
AcDbEntity
  8
Defpoints
100
AcDbPoint
 10
549.7
 20
-3.2
 30
0.0
  0
POINT
  5
4A8
330
49C
100
AcDbEntity
  8
Defpoints
100
AcDbPoint
 10
549.7
 20
-2.0
 30
0.0
  0
POINT
  5
4A9
330
49C
100
AcDbEntity
  8
Defpoints
100
AcDbPoint
 10
569.5500000000001
 20
-2.0
 30
0.0
  0
ENDBLK
  5
49E
330
49C
100
AcDbEntity
  8
0
100
AcDbBlockEnd
  0
BLOCK
  5
4AE
330
4AD
100
AcDbEntity
  8
0
100
AcDbBlockBegin
  2
*D41
 70
1
 10
0.0
 20
0.0
 30
0.0
  3
*D41
  1

  0
LINE
  5
4B0
330
4AD
100
AcDbEntity
  8
0
100
AcDbLine
 10
569.7
 20
-0.78
 30
0.0
 11
571.1
 21
-0.78
 31
0.0
  0
LINE
  5
4B1
330
4AD
100
AcDbEntity
  8
0
100
AcDbLine
 10
569.7
 20
10.84
 30
0.0
 11
571.1
 21
10.84
 31
0.0
  0
INSERT
  5
4B2
330
4AD
100
AcDbEntity
  8
MESURES
100
AcDbBlockReference
  2
_ARCHTICK
 10
570.95
 20
-0.78
 30
0.0
 41
0.25
 42
0.25
 50
270.0
  0
INSERT
  5
4B4
330
4AD
100
AcDbEntity
  8
MESURES
100
AcDbBlockReference
  2
_ARCHTICK
 10
570.95
 20
10.84
 30
0.0
 41
0.25
 42
0.25
 50
90.0
  0
LINE
  5
4B6
330
4AD
100
AcDbEntity
  8
0
100
AcDbLine
 10
570.95
 20
-0.78
 30
0.0
 11
570.95
 21
10.84
 31
0.0
  0
MTEXT
  5
4B7
330
4AD
100
AcDbEntity
  8
MESURES
100
AcDbMText
 10
570.6500000000001
 20
5.029999999999999
 30
0.0
 40
0.4
 71
5
  1
H sommet 11.62
  7
OpenSansCondensed-Light
 50
90.0
  0
POINT
  5
4B8
330
4AD
100
AcDbEntity
  8
Defpoints
100
AcDbPoint
 10
570.95
 20
-0.78
 30
0.0
  0
POINT
  5
4B9
330
4AD
100
AcDbEntity
  8
Defpoints
100
AcDbPoint
 10
569.5500000000001
 20
-0.78
 30
0.0
  0
POINT
  5
4BA
330
4AD
100
AcDbEntity
  8
Defpoints
100
AcDbPoint
 10
569.5500000000001
 20
10.84
 30
0.0
  0
ENDBLK
  5
4AF
330
4AD
100
AcDbEntity
  8
0
100
AcDbBlockEnd
  0
BLOCK
  5
4BF
330
4BE
100
AcDbEntity
  8
0
100
AcDbBlockBegin
  2
*D42
 70
1
 10
0.0
 20
0.0
 30
0.0
  3
*D42
  1

  0
LINE
  5
4C1
330
4BE
100
AcDbEntity
  8
0
100
AcDbLine
 10
549.5500000000001
 20
-0.78
 30
0.0
 11
548.1500000000001
 21
-0.78
 31
0.0
  0
LINE
  5
4C2
330
4BE
100
AcDbEntity
  8
0
100
AcDbLine
 10
549.5500000000001
 20
9.55
 30
0.0
 11
548.1500000000001
 21
9.55
 31
0.0
  0
INSERT
  5
4C3
330
4BE
100
AcDbEntity
  8
MESURES
100
AcDbBlockReference
  2
_ARCHTICK
 10
548.3000000000001
 20
-0.78
 30
0.0
 41
0.25
 42
0.25
 50
270.0
  0
INSERT
  5
4C5
330
4BE
100
AcDbEntity
  8
MESURES
100
AcDbBlockReference
  2
_ARCHTICK
 10
548.3000000000001
 20
9.55
 30
0.0
 41
0.25
 42
0.25
 50
90.0
  0
LINE
  5
4C7
330
4BE
100
AcDbEntity
  8
0
100
AcDbLine
 10
548.3000000000001
 20
-0.78
 30
0.0
 11
548.3000000000001
 21
9.55
 31
0.0
  0
MTEXT
  5
4C8
330
4BE
100
AcDbEntity
  8
MESURES
100
AcDbMText
 10
548.0000000000001
 20
4.385
 30
0.0
 40
0.4
 71
5
  1
H 10.33
  7
OpenSansCondensed-Light
 50
90.0
  0
POINT
  5
4C9
330
4BE
100
AcDbEntity
  8
Defpoints
100
AcDbPoint
 10
548.3000000000001
 20
-0.78
 30
0.0
  0
POINT
  5
4CA
330
4BE
100
AcDbEntity
  8
Defpoints
100
AcDbPoint
 10
549.7
 20
-0.78
 30
0.0
  0
POINT
  5
4CB
330
4BE
100
AcDbEntity
  8
Defpoints
100
AcDbPoint
 10
549.7
 20
9.55
 30
0.0
  0
ENDBLK
  5
4C0
330
4BE
100
AcDbEntity
  8
0
100
AcDbBlockEnd
  0
BLOCK
  5
4E7
330
4E6
100
AcDbEntity
  8
0
100
AcDbBlockBegin
  2
*D43
 70
1
 10
0.0
 20
0.0
 30
0.0
  3
*D43
  1

  0
LINE
  5
4E9
330
4E6
100
AcDbEntity
  8
0
100
AcDbLine
 10
579.5500000000001
 20
-2.15
 30
0.0
 11
579.5500000000001
 21
-3.35
 31
0.0
  0
LINE
  5
4EA
330
4E6
100
AcDbEntity
  8
0
100
AcDbLine
 10
596.82
 20
-2.15
 30
0.0
 11
596.82
 21
-3.35
 31
0.0
  0
INSERT
  5
4EB
330
4E6
100
AcDbEntity
  8
MESURES
100
AcDbBlockReference
  2
_ARCHTICK
 10
579.5500000000001
 20
-3.2
 30
0.0
 41
0.25
 42
0.25
 50
180.0
  0
INSERT
  5
4ED
330
4E6
100
AcDbEntity
  8
MESURES
100
AcDbBlockReference
  2
_ARCHTICK
 10
596.82
 20
-3.2
 30
0.0
 41
0.25
 42
0.25
  0
LINE
  5
4EF
330
4E6
100
AcDbEntity
  8
0
100
AcDbLine
 10
579.5500000000001
 20
-3.2
 30
0.0
 11
596.82
 21
-3.2
 31
0.0
  0
MTEXT
  5
4F0
330
4E6
100
AcDbEntity
  8
MESURES
100
AcDbMText
 10
588.1850000000001
 20
-2.9000000000000004
 30
0.0
 40
0.4
 71
5
  1
1727
  7
OpenSansCondensed-Light
  0
POINT
  5
4F1
330
4E6
100
AcDbEntity
  8
Defpoints
100
AcDbPoint
 10
579.5500000000001
 20
-3.2
 30
0.0
  0
POINT
  5
4F2
330
4E6
100
AcDbEntity
  8
Defpoints
100
AcDbPoint
 10
579.5500000000001
 20
-2.0
 30
0.0
  0
POINT
  5
4F3
330
4E6
100
AcDbEntity
  8
Defpoints
100
AcDbPoint
 10
596.82
 20
-2.0
 30
0.0
  0
ENDBLK
  5
4E8
330
4E6
100
AcDbEntity
  8
0
100
AcDbBlockEnd
  0
BLOCK
  5
4F8
330
4F7
100
AcDbEntity
  8
0
100
AcDbBlockBegin
  2
*D44
 70
1
 10
0.0
 20
0.0
 30
0.0
  3
*D44
  1

  0
LINE
  5
4FA
330
4F7
100
AcDbEntity
  8
0
100
AcDbLine
 10
596.97
 20
-2.71
 30
0.0
 11
598.37
 21
-2.71
 31
0.0
  0
LINE
  5
4FB
330
4F7
100
AcDbEntity
  8
0
100
AcDbLine
 10
596.97
 20
15.0
 30
0.0
 11
598.37
 21
15.0
 31
0.0
  0
INSERT
  5
4FC
330
4F7
100
AcDbEntity
  8
MESURES
100
AcDbBlockReference
  2
_ARCHTICK
 10
598.22
 20
-2.71
 30
0.0
 41
0.25
 42
0.25
 50
270.0
  0
INSERT
  5
4FE
330
4F7
100
AcDbEntity
  8
MESURES
100
AcDbBlockReference
  2
_ARCHTICK
 10
598.22
 20
15.0
 30
0.0
 41
0.25
 42
0.25
 50
90.0
  0
LINE
  5
500
330
4F7
100
AcDbEntity
  8
0
100
AcDbLine
 10
598.22
 20
-2.71
 30
0.0
 11
598.22
 21
15.0
 31
0.0
  0
MTEXT
  5
501
330
4F7
100
AcDbEntity
  8
MESURES
100
AcDbMText
 10
597.9200000000001
 20
6.1450000000000005
 30
0.0
 40
0.4
 71
5
  1
H faîtage ≥17.71
  7
OpenSansCondensed-Light
 50
90.0
  0
POINT
  5
502
330
4F7
100
AcDbEntity
  8
Defpoints
100
AcDbPoint
 10
598.22
 20
-2.71
 30
0.0
  0
POINT
  5
503
330
4F7
100
AcDbEntity
  8
Defpoints
100
AcDbPoint
 10
596.82
 20
-2.71
 30
0.0
  0
POINT
  5
504
330
4F7
100
AcDbEntity
  8
Defpoints
100
AcDbPoint
 10
596.82
 20
15.0
 30
0.0
  0
ENDBLK
  5
4F9
330
4F7
100
AcDbEntity
  8
0
100
AcDbBlockEnd
  0
BLOCK
  5
520
330
51F
100
AcDbEntity
  8
0
100
AcDbBlockBegin
  2
*D45
 70
1
 10
0.0
 20
0.0
 30
0.0
  3
*D45
  1

  0
LINE
  5
522
330
51F
100
AcDbEntity
  8
0
100
AcDbLine
 10
601.32
 20
-2.15
 30
0.0
 11
601.32
 21
-3.35
 31
0.0
  0
LINE
  5
523
330
51F
100
AcDbEntity
  8
0
100
AcDbLine
 10
616.9200000000001
 20
-2.15
 30
0.0
 11
616.9200000000001
 21
-3.35
 31
0.0
  0
INSERT
  5
524
330
51F
100
AcDbEntity
  8
MESURES
100
AcDbBlockReference
  2
_ARCHTICK
 10
601.32
 20
-3.2
 30
0.0
 41
0.25
 42
0.25
 50
180.0
  0
INSERT
  5
526
330
51F
100
AcDbEntity
  8
MESURES
100
AcDbBlockReference
  2
_ARCHTICK
 10
616.9200000000001
 20
-3.2
 30
0.0
 41
0.25
 42
0.25
  0
LINE
  5
528
330
51F
100
AcDbEntity
  8
0
100
AcDbLine
 10
601.32
 20
-3.2
 30
0.0
 11
616.9200000000001
 21
-3.2
 31
0.0
  0
MTEXT
  5
529
330
51F
100
AcDbEntity
  8
MESURES
100
AcDbMText
 10
609.1200000000001
 20
-2.9000000000000004
 30
0.0
 40
0.4
 71
5
  1
1560
  7
OpenSansCondensed-Light
  0
POINT
  5
52A
330
51F
100
AcDbEntity
  8
Defpoints
100
AcDbPoint
 10
601.32
 20
-3.2
 30
0.0
  0
POINT
  5
52B
330
51F
100
AcDbEntity
  8
Defpoints
100
AcDbPoint
 10
601.32
 20
-2.0
 30
0.0
  0
POINT
  5
52C
330
51F
100
AcDbEntity
  8
Defpoints
100
AcDbPoint
 10
616.9200000000001
 20
-2.0
 30
0.0
  0
ENDBLK
  5
521
330
51F
100
AcDbEntity
  8
0
100
AcDbBlockEnd
  0
BLOCK
  5
531
330
530
100
AcDbEntity
  8
0
100
AcDbBlockBegin
  2
*D46
 70
1
 10
0.0
 20
0.0
 30
0.0
  3
*D46
  1

  0
LINE
  5
533
330
530
100
AcDbEntity
  8
0
100
AcDbLine
 10
617.07
 20
-2.71
 30
0.0
 11
618.47
 21
-2.71
 31
0.0
  0
LINE
  5
534
330
530
100
AcDbEntity
  8
0
100
AcDbLine
 10
617.07
 20
15.0
 30
0.0
 11
618.47
 21
15.0
 31
0.0
  0
INSERT
  5
535
330
530
100
AcDbEntity
  8
MESURES
100
AcDbBlockReference
  2
_ARCHTICK
 10
618.32
 20
-2.71
 30
0.0
 41
0.25
 42
0.25
 50
270.0
  0
INSERT
  5
537
330
530
100
AcDbEntity
  8
MESURES
100
AcDbBlockReference
  2
_ARCHTICK
 10
618.32
 20
15.0
 30
0.0
 41
0.25
 42
0.25
 50
90.0
  0
LINE
  5
539
330
530
100
AcDbEntity
  8
0
100
AcDbLine
 10
618.32
 20
-2.71
 30
0.0
 11
618.32
 21
15.0
 31
0.0
  0
MTEXT
  5
53A
330
530
100
AcDbEntity
  8
MESURES
100
AcDbMText
 10
618.0200000000001
 20
6.1450000000000005
 30
0.0
 40
0.4
 71
5
  1
H faîtage ≥17.71
  7
OpenSansCondensed-Light
 50
90.0
  0
POINT
  5
53B
330
530
100
AcDbEntity
  8
Defpoints
100
AcDbPoint
 10
618.32
 20
-2.71
 30
0.0
  0
POINT
  5
53C
330
530
100
AcDbEntity
  8
Defpoints
100
AcDbPoint
 10
616.9200000000001
 20
-2.71
 30
0.0
  0
POINT
  5
53D
330
530
100
AcDbEntity
  8
Defpoints
100
AcDbPoint
 10
616.9200000000001
 20
15.0
 30
0.0
  0
ENDBLK
  5
532
330
530
100
AcDbEntity
  8
0
100
AcDbBlockEnd
  0
BLOCK
  5
559
330
558
100
AcDbEntity
  8
0
100
AcDbBlockBegin
  2
*D47
 70
1
 10
0.0
 20
0.0
 30
0.0
  3
*D47
  1

  0
LINE
  5
55B
330
558
100
AcDbEntity
  8
0
100
AcDbLine
 10
621.4200000000001
 20
-2.15
 30
0.0
 11
621.4200000000001
 21
-3.35
 31
0.0
  0
LINE
  5
55C
330
558
100
AcDbEntity
  8
0
100
AcDbLine
 10
637.0200000000001
 20
-2.15
 30
0.0
 11
637.0200000000001
 21
-3.35
 31
0.0
  0
INSERT
  5
55D
330
558
100
AcDbEntity
  8
MESURES
100
AcDbBlockReference
  2
_ARCHTICK
 10
621.4200000000001
 20
-3.2
 30
0.0
 41
0.25
 42
0.25
 50
180.0
  0
INSERT
  5
55F
330
558
100
AcDbEntity
  8
MESURES
100
AcDbBlockReference
  2
_ARCHTICK
 10
637.0200000000001
 20
-3.2
 30
0.0
 41
0.25
 42
0.25
  0
LINE
  5
561
330
558
100
AcDbEntity
  8
0
100
AcDbLine
 10
621.4200000000001
 20
-3.2
 30
0.0
 11
637.0200000000001
 21
-3.2
 31
0.0
  0
MTEXT
  5
562
330
558
100
AcDbEntity
  8
MESURES
100
AcDbMText
 10
629.22
 20
-2.9000000000000004
 30
0.0
 40
0.4
 71
5
  1
1560
  7
OpenSansCondensed-Light
  0
POINT
  5
563
330
558
100
AcDbEntity
  8
Defpoints
100
AcDbPoint
 10
621.4200000000001
 20
-3.2
 30
0.0
  0
POINT
  5
564
330
558
100
AcDbEntity
  8
Defpoints
100
AcDbPoint
 10
621.4200000000001
 20
-2.0
 30
0.0
  0
POINT
  5
565
330
558
100
AcDbEntity
  8
Defpoints
100
AcDbPoint
 10
637.0200000000001
 20
-2.0
 30
0.0
  0
ENDBLK
  5
55A
330
558
100
AcDbEntity
  8
0
100
AcDbBlockEnd
  0
BLOCK
  5
56A
330
569
100
AcDbEntity
  8
0
100
AcDbBlockBegin
  2
*D48
 70
1
 10
0.0
 20
0.0
 30
0.0
  3
*D48
  1

  0
LINE
  5
56C
330
569
100
AcDbEntity
  8
0
100
AcDbLine
 10
637.1700000000001
 20
-2.71
 30
0.0
 11
638.57
 21
-2.71
 31
0.0
  0
LINE
  5
56D
330
569
100
AcDbEntity
  8
0
100
AcDbLine
 10
637.1700000000001
 20
14.73
 30
0.0
 11
638.57
 21
14.73
 31
0.0
  0
INSERT
  5
56E
330
569
100
AcDbEntity
  8
MESURES
100
AcDbBlockReference
  2
_ARCHTICK
 10
638.4200000000001
 20
-2.71
 30
0.0
 41
0.25
 42
0.25
 50
270.0
  0
INSERT
  5
570
330
569
100
AcDbEntity
  8
MESURES
100
AcDbBlockReference
  2
_ARCHTICK
 10
638.4200000000001
 20
14.73
 30
0.0
 41
0.25
 42
0.25
 50
90.0
  0
LINE
  5
572
330
569
100
AcDbEntity
  8
0
100
AcDbLine
 10
638.4200000000001
 20
-2.71
 30
0.0
 11
638.4200000000001
 21
14.73
 31
0.0
  0
MTEXT
  5
573
330
569
100
AcDbEntity
  8
MESURES
100
AcDbMText
 10
638.1200000000001
 20
6.010000000000001
 30
0.0
 40
0.4
 71
5
  1
H sommet 17.44
  7
OpenSansCondensed-Light
 50
90.0
  0
POINT
  5
574
330
569
100
AcDbEntity
  8
Defpoints
100
AcDbPoint
 10
638.4200000000001
 20
-2.71
 30
0.0
  0
POINT
  5
575
330
569
100
AcDbEntity
  8
Defpoints
100
AcDbPoint
 10
637.0200000000001
 20
-2.71
 30
0.0
  0
POINT
  5
576
330
569
100
AcDbEntity
  8
Defpoints
100
AcDbPoint
 10
637.0200000000001
 20
14.73
 30
0.0
  0
ENDBLK
  5
56B
330
569
100
AcDbEntity
  8
0
100
AcDbBlockEnd
  0
BLOCK
  5
592
330
591
100
AcDbEntity
  8
0
100
AcDbBlockBegin
  2
*D49
 70
1
 10
0.0
 20
0.0
 30
0.0
  3
*D49
  1

  0
LINE
  5
594
330
591
100
AcDbEntity
  8
0
100
AcDbLine
 10
641.5200000000001
 20
-2.15
 30
0.0
 11
641.5200000000001
 21
-3.35
 31
0.0
  0
LINE
  5
595
330
591
100
AcDbEntity
  8
0
100
AcDbLine
 10
658.7900000000001
 20
-2.15
 30
0.0
 11
658.7900000000001
 21
-3.35
 31
0.0
  0
INSERT
  5
596
330
591
100
AcDbEntity
  8
MESURES
100
AcDbBlockReference
  2
_ARCHTICK
 10
641.5200000000001
 20
-3.2
 30
0.0
 41
0.25
 42
0.25
 50
180.0
  0
INSERT
  5
598
330
591
100
AcDbEntity
  8
MESURES
100
AcDbBlockReference
  2
_ARCHTICK
 10
658.7900000000001
 20
-3.2
 30
0.0
 41
0.25
 42
0.25
  0
LINE
  5
59A
330
591
100
AcDbEntity
  8
0
100
AcDbLine
 10
641.5200000000001
 20
-3.2
 30
0.0
 11
658.7900000000001
 21
-3.2
 31
0.0
  0
MTEXT
  5
59B
330
591
100
AcDbEntity
  8
MESURES
100
AcDbMText
 10
650.1550000000001
 20
-2.9000000000000004
 30
0.0
 40
0.4
 71
5
  1
1727
  7
OpenSansCondensed-Light
  0
POINT
  5
59C
330
591
100
AcDbEntity
  8
Defpoints
100
AcDbPoint
 10
641.5200000000001
 20
-3.2
 30
0.0
  0
POINT
  5
59D
330
591
100
AcDbEntity
  8
Defpoints
100
AcDbPoint
 10
641.5200000000001
 20
-2.0
 30
0.0
  0
POINT
  5
59E
330
591
100
AcDbEntity
  8
Defpoints
100
AcDbPoint
 10
658.7900000000001
 20
-2.0
 30
0.0
  0
ENDBLK
  5
593
330
591
100
AcDbEntity
  8
0
100
AcDbBlockEnd
  0
BLOCK
  5
5A3
330
5A2
100
AcDbEntity
  8
0
100
AcDbBlockBegin
  2
*D50
 70
1
 10
0.0
 20
0.0
 30
0.0
  3
*D50
  1

  0
LINE
  5
5A5
330
5A2
100
AcDbEntity
  8
0
100
AcDbLine
 10
658.94
 20
-2.71
 30
0.0
 11
660.34
 21
-2.71
 31
0.0
  0
LINE
  5
5A6
330
5A2
100
AcDbEntity
  8
0
100
AcDbLine
 10
658.94
 20
14.74
 30
0.0
 11
660.34
 21
14.74
 31
0.0
  0
INSERT
  5
5A7
330
5A2
100
AcDbEntity
  8
MESURES
100
AcDbBlockReference
  2
_ARCHTICK
 10
660.19
 20
-2.71
 30
0.0
 41
0.25
 42
0.25
 50
270.0
  0
INSERT
  5
5A9
330
5A2
100
AcDbEntity
  8
MESURES
100
AcDbBlockReference
  2
_ARCHTICK
 10
660.19
 20
14.74
 30
0.0
 41
0.25
 42
0.25
 50
90.0
  0
LINE
  5
5AB
330
5A2
100
AcDbEntity
  8
0
100
AcDbLine
 10
660.19
 20
-2.71
 30
0.0
 11
660.19
 21
14.74
 31
0.0
  0
MTEXT
  5
5AC
330
5A2
100
AcDbEntity
  8
MESURES
100
AcDbMText
 10
659.8900000000001
 20
6.015
 30
0.0
 40
0.4
 71
5
  1
H sommet 17.45
  7
OpenSansCondensed-Light
 50
90.0
  0
POINT
  5
5AD
330
5A2
100
AcDbEntity
  8
Defpoints
100
AcDbPoint
 10
660.19
 20
-2.71
 30
0.0
  0
POINT
  5
5AE
330
5A2
100
AcDbEntity
  8
Defpoints
100
AcDbPoint
 10
658.7900000000001
 20
-2.71
 30
0.0
  0
POINT
  5
5AF
330
5A2
100
AcDbEntity
  8
Defpoints
100
AcDbPoint
 10
658.7900000000001
 20
14.74
 30
0.0
  0
ENDBLK
  5
5A4
330
5A2
100
AcDbEntity
  8
0
100
AcDbBlockEnd
  0
ENDSEC
  0
SECTION
  2
ENTITIES
  0
IMAGE
  5
94
330
17
100
AcDbEntity
  8
ELEV-AileOuest_long
100
AcDbRasterImage
 90
0
 10
0.0
 20
-2.0
 30
0.0
 11
0.020835117773019274
 21
0.0
 31
0.0
 12
1.2756737491118262e-18
 22
0.020833333333333332
 32
0.0
 13
2802.0
 23
816.0
340
93
 70
3
280
0
281
50
282
50
283
0
360
95
 71
1
 91
2
 14
-0.5
 24
-0.5
 14
2801.5
 24
815.5
290
0
  0
TEXT
  5
96
330
17
100
AcDbEntity
  8
TITRES
100
AcDbText
 10
0.0
 20
15.6
 30
0.0
 40
0.55
  1
ELEVATION AileOuest_long
 11
0.0
 21
15.6
 31
0.0
100
AcDbText
  0
LINE
  5
97
330
17
100
AcDbEntity
  8
GRID-1M
100
AcDbLine
 10
0.0
 20
-2.0
 30
0.0
 11
58.38
 21
-2.0
 31
0.0
  0
LINE
  5
98
330
17
100
AcDbEntity
  8
GRID-1M
100
AcDbLine
 10
0.0
 20
-1.0
 30
0.0
 11
58.38
 21
-1.0
 31
0.0
  0
LINE
  5
99
330
17
100
AcDbEntity
  8
GRID-1M
100
AcDbLine
 10
0.0
 20
0.0
 30
0.0
 11
58.38
 21
0.0
 31
0.0
  0
LINE
  5
9A
330
17
100
AcDbEntity
  8
GRID-1M
100
AcDbLine
 10
0.0
 20
1.0
 30
0.0
 11
58.38
 21
1.0
 31
0.0
  0
LINE
  5
9B
330
17
100
AcDbEntity
  8
GRID-1M
100
AcDbLine
 10
0.0
 20
2.0
 30
0.0
 11
58.38
 21
2.0
 31
0.0
  0
LINE
  5
9C
330
17
100
AcDbEntity
  8
GRID-1M
100
AcDbLine
 10
0.0
 20
3.0
 30
0.0
 11
58.38
 21
3.0
 31
0.0
  0
LINE
  5
9D
330
17
100
AcDbEntity
  8
GRID-1M
100
AcDbLine
 10
0.0
 20
4.0
 30
0.0
 11
58.38
 21
4.0
 31
0.0
  0
LINE
  5
9E
330
17
100
AcDbEntity
  8
GRID-1M
100
AcDbLine
 10
0.0
 20
5.0
 30
0.0
 11
58.38
 21
5.0
 31
0.0
  0
LINE
  5
9F
330
17
100
AcDbEntity
  8
GRID-1M
100
AcDbLine
 10
0.0
 20
6.0
 30
0.0
 11
58.38
 21
6.0
 31
0.0
  0
LINE
  5
A0
330
17
100
AcDbEntity
  8
GRID-1M
100
AcDbLine
 10
0.0
 20
7.0
 30
0.0
 11
58.38
 21
7.0
 31
0.0
  0
LINE
  5
A1
330
17
100
AcDbEntity
  8
GRID-1M
100
AcDbLine
 10
0.0
 20
8.0
 30
0.0
 11
58.38
 21
8.0
 31
0.0
  0
LINE
  5
A2
330
17
100
AcDbEntity
  8
GRID-1M
100
AcDbLine
 10
0.0
 20
9.0
 30
0.0
 11
58.38
 21
9.0
 31
0.0
  0
LINE
  5
A3
330
17
100
AcDbEntity
  8
GRID-1M
100
AcDbLine
 10
0.0
 20
10.0
 30
0.0
 11
58.38
 21
10.0
 31
0.0
  0
LINE
  5
A4
330
17
100
AcDbEntity
  8
GRID-1M
100
AcDbLine
 10
0.0
 20
11.0
 30
0.0
 11
58.38
 21
11.0
 31
0.0
  0
LINE
  5
A5
330
17
100
AcDbEntity
  8
GRID-1M
100
AcDbLine
 10
0.0
 20
12.0
 30
0.0
 11
58.38
 21
12.0
 31
0.0
  0
LINE
  5
A6
330
17
100
AcDbEntity
  8
GRID-1M
100
AcDbLine
 10
0.0
 20
13.0
 30
0.0
 11
58.38
 21
13.0
 31
0.0
  0
LINE
  5
A7
330
17
100
AcDbEntity
  8
GRID-1M
100
AcDbLine
 10
0.0
 20
14.0
 30
0.0
 11
58.38
 21
14.0
 31
0.0
  0
LINE
  5
A8
330
17
100
AcDbEntity
  8
GRID-1M
100
AcDbLine
 10
0.0
 20
15.0
 30
0.0
 11
58.38
 21
15.0
 31
0.0
  0
LWPOLYLINE
  5
A9
330
17
100
AcDbEntity
  8
LIGNES-NIVEAU
100
AcDbPolyline
 90
2
 70
0
 43
0.06
 10
0.0
 20
-1.58
 10
58.38
 20
-1.58
  0
TEXT
  5
AA
330
17
100
AcDbEntity
  8
LIGNES-NIVEAU
100
AcDbText
 10
0.2
 20
-1.4300000000000002
 30
0.0
 40
0.35
  1
TN -1.58
 11
0.2
 21
-1.4300000000000002
 31
0.0
100
AcDbText
  0
DIMENSION
  5
AB
330
17
100
AcDbEntity
  8
MESURES
100
AcDbDimension
280
0
  2
*D1
  3
EZDXF
 10
0.0
 20
-3.2
 30
0.0
 11
29.19
 21
-2.9000000000000004
 31
0.0
 70
32
 71
5
  1
<>
100
AcDbAlignedDimension
 13
0.0
 23
-2.0
 33
0.0
 14
58.38
 24
-2.0
 34
0.0
 50
0.0
100
AcDbRotatedDimension
1001
ACAD
1000
DSTYLE
1002
{
1070
140
1040
0.4
1070
41
1040
0.25
1070
271
1070
2
1070
42
1040
0.15
1070
44
1040
0.15
1002
}
  0
LWPOLYLINE
  5
BA
330
17
100
AcDbEntity
  8
LIGNES-NIVEAU
100
AcDbPolyline
 90
2
 70
0
 10
0.0
 20
15.0
 10
58.38
 20
15.0
  0
TEXT
  5
BB
330
17
100
AcDbEntity
  8
LIGNES-NIVEAU
100
AcDbText
 10
0.2
 20
15.15
 30
0.0
 40
0.35
  1
faîtage 15.00 ≥(tronqué fenêtre z)
 11
0.2
 21
15.15
 31
0.0
100
AcDbText
  0
DIMENSION
  5
BC
330
17
100
AcDbEntity
  8
MESURES
100
AcDbDimension
280
0
  2
*D2
  3
EZDXF
 10
59.78
 20
-1.58
 30
0.0
 11
59.480000000000004
 21
6.709999999999999
 31
0.0
 70
32
 71
5
  1
H faîtage ≥16.58
100
AcDbAlignedDimension
 13
58.38
 23
-1.58
 33
0.0
 14
58.38
 24
15.0
 34
0.0
 50
90.0
100
AcDbRotatedDimension
1001
ACAD
1000
DSTYLE
1002
{
1070
140
1040
0.4
1070
41
1040
0.25
1070
271
1070
2
1070
42
1040
0.15
1070
44
1040
0.15
1002
}
  0
LWPOLYLINE
  5
CB
330
17
100
AcDbEntity
  8
LIGNES-NIVEAU
100
AcDbPolyline
 90
2
 70
0
 10
0.0
 20
10.45
 10
58.38
 20
10.45
  0
TEXT
  5
CC
330
17
100
AcDbEntity
  8
LIGNES-NIVEAU
100
AcDbText
 10
0.2
 20
9.95
 30
0.0
 40
0.32
  1
10.45 — crête de mur (aile sans toiture)
 11
0.2
 21
9.95
 31
0.0
100
AcDbText
  0
DIMENSION
  5
CD
330
17
100
AcDbEntity
  8
MESURES
100
AcDbDimension
280
0
  2
*D3
  3
EZDXF
 10
-1.4
 20
-1.58
 30
0.0
 11
-1.7
 21
4.435
 31
0.0
 70
32
 71
5
  1
H 12.03
100
AcDbAlignedDimension
 13
0.0
 23
-1.58
 33
0.0
 14
0.0
 24
10.45
 34
0.0
 50
90.0
100
AcDbRotatedDimension
1001
ACAD
1000
DSTYLE
1002
{
1070
140
1040
0.4
1070
41
1040
0.25
1070
271
1070
2
1070
42
1040
0.15
1070
44
1040
0.15
1002
}
  0
IMAGE
  5
DE
330
17
100
AcDbEntity
  8
ELEV-AileOuest_short
100
AcDbRasterImage
 90
0
 10
62.88
 20
-2.0
 30
0.0
 11
0.01429123000551572
 21
0.0
 31
0.0
 12
8.747477136766809e-19
 22
0.014285714285714285
 32
0.0
 13
1813.0
 23
1190.0
340
DD
 70
3
280
0
281
50
282
50
283
0
360
DF
 71
1
 91
2
 14
-0.5
 24
-0.5
 14
1812.5
 24
1189.5
290
0
  0
TEXT
  5
E0
330
17
100
AcDbEntity
  8
TITRES
100
AcDbText
 10
62.88
 20
15.6
 30
0.0
 40
0.55
  1
ELEVATION AileOuest_short
 11
62.88
 21
15.6
 31
0.0
100
AcDbText
  0
LINE
  5
E1
330
17
100
AcDbEntity
  8
GRID-1M
100
AcDbLine
 10
62.88
 20
-2.0
 30
0.0
 11
88.79
 21
-2.0
 31
0.0
  0
LINE
  5
E2
330
17
100
AcDbEntity
  8
GRID-1M
100
AcDbLine
 10
62.88
 20
-1.0
 30
0.0
 11
88.79
 21
-1.0
 31
0.0
  0
LINE
  5
E3
330
17
100
AcDbEntity
  8
GRID-1M
100
AcDbLine
 10
62.88
 20
0.0
 30
0.0
 11
88.79
 21
0.0
 31
0.0
  0
LINE
  5
E4
330
17
100
AcDbEntity
  8
GRID-1M
100
AcDbLine
 10
62.88
 20
1.0
 30
0.0
 11
88.79
 21
1.0
 31
0.0
  0
LINE
  5
E5
330
17
100
AcDbEntity
  8
GRID-1M
100
AcDbLine
 10
62.88
 20
2.0
 30
0.0
 11
88.79
 21
2.0
 31
0.0
  0
LINE
  5
E6
330
17
100
AcDbEntity
  8
GRID-1M
100
AcDbLine
 10
62.88
 20
3.0
 30
0.0
 11
88.79
 21
3.0
 31
0.0
  0
LINE
  5
E7
330
17
100
AcDbEntity
  8
GRID-1M
100
AcDbLine
 10
62.88
 20
4.0
 30
0.0
 11
88.79
 21
4.0
 31
0.0
  0
LINE
  5
E8
330
17
100
AcDbEntity
  8
GRID-1M
100
AcDbLine
 10
62.88
 20
5.0
 30
0.0
 11
88.79
 21
5.0
 31
0.0
  0
LINE
  5
E9
330
17
100
AcDbEntity
  8
GRID-1M
100
AcDbLine
 10
62.88
 20
6.0
 30
0.0
 11
88.79
 21
6.0
 31
0.0
  0
LINE
  5
EA
330
17
100
AcDbEntity
  8
GRID-1M
100
AcDbLine
 10
62.88
 20
7.0
 30
0.0
 11
88.79
 21
7.0
 31
0.0
  0
LINE
  5
EB
330
17
100
AcDbEntity
  8
GRID-1M
100
AcDbLine
 10
62.88
 20
8.0
 30
0.0
 11
88.79
 21
8.0
 31
0.0
  0
LINE
  5
EC
330
17
100
AcDbEntity
  8
GRID-1M
100
AcDbLine
 10
62.88
 20
9.0
 30
0.0
 11
88.79
 21
9.0
 31
0.0
  0
LINE
  5
ED
330
17
100
AcDbEntity
  8
GRID-1M
100
AcDbLine
 10
62.88
 20
10.0
 30
0.0
 11
88.79
 21
10.0
 31
0.0
  0
LINE
  5
EE
330
17
100
AcDbEntity
  8
GRID-1M
100
AcDbLine
 10
62.88
 20
11.0
 30
0.0
 11
88.79
 21
11.0
 31
0.0
  0
LINE
  5
EF
330
17
100
AcDbEntity
  8
GRID-1M
100
AcDbLine
 10
62.88
 20
12.0
 30
0.0
 11
88.79
 21
12.0
 31
0.0
  0
LINE
  5
F0
330
17
100
AcDbEntity
  8
GRID-1M
100
AcDbLine
 10
62.88
 20
13.0
 30
0.0
 11
88.79
 21
13.0
 31
0.0
  0
LINE
  5
F1
330
17
100
AcDbEntity
  8
GRID-1M
100
AcDbLine
 10
62.88
 20
14.0
 30
0.0
 11
88.79
 21
14.0
 31
0.0
  0
LINE
  5
F2
330
17
100
AcDbEntity
  8
GRID-1M
100
AcDbLine
 10
62.88
 20
15.0
 30
0.0
 11
88.79
 21
15.0
 31
0.0
  0
LWPOLYLINE
  5
F3
330
17
100
AcDbEntity
  8
LIGNES-NIVEAU
100
AcDbPolyline
 90
2
 70
0
 43
0.06
 10
62.88
 20
-1.58
 10
88.79
 20
-1.58
  0
TEXT
  5
F4
330
17
100
AcDbEntity
  8
LIGNES-NIVEAU
100
AcDbText
 10
63.080000000000005
 20
-1.4300000000000002
 30
0.0
 40
0.35
  1
TN -1.58
 11
63.080000000000005
 21
-1.4300000000000002
 31
0.0
100
AcDbText
  0
DIMENSION
  5
F5
330
17
100
AcDbEntity
  8
MESURES
100
AcDbDimension
280
0
  2
*D4
  3
EZDXF
 10
62.88
 20
-3.2
 30
0.0
 11
75.83500000000001
 21
-2.9000000000000004
 31
0.0
 70
32
 71
5
  1
<>
100
AcDbAlignedDimension
 13
62.88
 23
-2.0
 33
0.0
 14
88.79
 24
-2.0
 34
0.0
 50
0.0
100
AcDbRotatedDimension
1001
ACAD
1000
DSTYLE
1002
{
1070
140
1040
0.4
1070
41
1040
0.25
1070
271
1070
2
1070
42
1040
0.15
1070
44
1040
0.15
1002
}
  0
LWPOLYLINE
  5
104
330
17
100
AcDbEntity
  8
LIGNES-NIVEAU
100
AcDbPolyline
 90
2
 70
0
 10
62.88
 20
15.0
 10
88.79
 20
15.0
  0
TEXT
  5
105
330
17
100
AcDbEntity
  8
LIGNES-NIVEAU
100
AcDbText
 10
63.080000000000005
 20
15.15
 30
0.0
 40
0.35
  1
faîtage 15.00 ≥(tronqué fenêtre z)
 11
63.080000000000005
 21
15.15
 31
0.0
100
AcDbText
  0
DIMENSION
  5
106
330
17
100
AcDbEntity
  8
MESURES
100
AcDbDimension
280
0
  2
*D5
  3
EZDXF
 10
90.19000000000001
 20
-1.58
 30
0.0
 11
89.89000000000001
 21
6.709999999999999
 31
0.0
 70
32
 71
5
  1
H faîtage ≥16.58
100
AcDbAlignedDimension
 13
88.79
 23
-1.58
 33
0.0
 14
88.79
 24
15.0
 34
0.0
 50
90.0
100
AcDbRotatedDimension
1001
ACAD
1000
DSTYLE
1002
{
1070
140
1040
0.4
1070
41
1040
0.25
1070
271
1070
2
1070
42
1040
0.15
1070
44
1040
0.15
1002
}
  0
IMAGE
  5
117
330
17
100
AcDbEntity
  8
COUPE-AileOuest_transv
100
AcDbRasterImage
 90
0
 10
93.29
 20
-2.0
 30
0.0
 11
0.01429123000551572
 21
0.0
 31
0.0
 12
8.747477136766809e-19
 22
0.014285714285714285
 32
0.0
 13
1813.0
 23
1190.0
340
116
 70
3
280
0
281
50
282
50
283
0
360
118
 71
1
 91
2
 14
-0.5
 24
-0.5
 14
1812.5
 24
1189.5
290
0
  0
TEXT
  5
119
330
17
100
AcDbEntity
  8
TITRES
100
AcDbText
 10
93.29
 20
15.6
 30
0.0
 40
0.55
  1
COUPE AileOuest_transv
 11
93.29
 21
15.6
 31
0.0
100
AcDbText
  0
LINE
  5
11A
330
17
100
AcDbEntity
  8
GRID-1M
100
AcDbLine
 10
93.29
 20
-2.0
 30
0.0
 11
119.2
 21
-2.0
 31
0.0
  0
LINE
  5
11B
330
17
100
AcDbEntity
  8
GRID-1M
100
AcDbLine
 10
93.29
 20
-1.0
 30
0.0
 11
119.2
 21
-1.0
 31
0.0
  0
LINE
  5
11C
330
17
100
AcDbEntity
  8
GRID-1M
100
AcDbLine
 10
93.29
 20
0.0
 30
0.0
 11
119.2
 21
0.0
 31
0.0
  0
LINE
  5
11D
330
17
100
AcDbEntity
  8
GRID-1M
100
AcDbLine
 10
93.29
 20
1.0
 30
0.0
 11
119.2
 21
1.0
 31
0.0
  0
LINE
  5
11E
330
17
100
AcDbEntity
  8
GRID-1M
100
AcDbLine
 10
93.29
 20
2.0
 30
0.0
 11
119.2
 21
2.0
 31
0.0
  0
LINE
  5
11F
330
17
100
AcDbEntity
  8
GRID-1M
100
AcDbLine
 10
93.29
 20
3.0
 30
0.0
 11
119.2
 21
3.0
 31
0.0
  0
LINE
  5
120
330
17
100
AcDbEntity
  8
GRID-1M
100
AcDbLine
 10
93.29
 20
4.0
 30
0.0
 11
119.2
 21
4.0
 31
0.0
  0
LINE
  5
121
330
17
100
AcDbEntity
  8
GRID-1M
100
AcDbLine
 10
93.29
 20
5.0
 30
0.0
 11
119.2
 21
5.0
 31
0.0
  0
LINE
  5
122
330
17
100
AcDbEntity
  8
GRID-1M
100
AcDbLine
 10
93.29
 20
6.0
 30
0.0
 11
119.2
 21
6.0
 31
0.0
  0
LINE
  5
123
330
17
100
AcDbEntity
  8
GRID-1M
100
AcDbLine
 10
93.29
 20
7.0
 30
0.0
 11
119.2
 21
7.0
 31
0.0
  0
LINE
  5
124
330
17
100
AcDbEntity
  8
GRID-1M
100
AcDbLine
 10
93.29
 20
8.0
 30
0.0
 11
119.2
 21
8.0
 31
0.0
  0
LINE
  5
125
330
17
100
AcDbEntity
  8
GRID-1M
100
AcDbLine
 10
93.29
 20
9.0
 30
0.0
 11
119.2
 21
9.0
 31
0.0
  0
LINE
  5
126
330
17
100
AcDbEntity
  8
GRID-1M
100
AcDbLine
 10
93.29
 20
10.0
 30
0.0
 11
119.2
 21
10.0
 31
0.0
  0
LINE
  5
127
330
17
100
AcDbEntity
  8
GRID-1M
100
AcDbLine
 10
93.29
 20
11.0
 30
0.0
 11
119.2
 21
11.0
 31
0.0
  0
LINE
  5
128
330
17
100
AcDbEntity
  8
GRID-1M
100
AcDbLine
 10
93.29
 20
12.0
 30
0.0
 11
119.2
 21
12.0
 31
0.0
  0
LINE
  5
129
330
17
100
AcDbEntity
  8
GRID-1M
100
AcDbLine
 10
93.29
 20
13.0
 30
0.0
 11
119.2
 21
13.0
 31
0.0
  0
LINE
  5
12A
330
17
100
AcDbEntity
  8
GRID-1M
100
AcDbLine
 10
93.29
 20
14.0
 30
0.0
 11
119.2
 21
14.0
 31
0.0
  0
LINE
  5
12B
330
17
100
AcDbEntity
  8
GRID-1M
100
AcDbLine
 10
93.29
 20
15.0
 30
0.0
 11
119.2
 21
15.0
 31
0.0
  0
LWPOLYLINE
  5
12C
330
17
100
AcDbEntity
  8
LIGNES-NIVEAU
100
AcDbPolyline
 90
2
 70
0
 43
0.06
 10
93.29
 20
-1.58
 10
119.2
 20
-1.58
  0
TEXT
  5
12D
330
17
100
AcDbEntity
  8
LIGNES-NIVEAU
100
AcDbText
 10
93.49000000000001
 20
-1.4300000000000002
 30
0.0
 40
0.35
  1
TN -1.58
 11
93.49000000000001
 21
-1.4300000000000002
 31
0.0
100
AcDbText
  0
DIMENSION
  5
12E
330
17
100
AcDbEntity
  8
MESURES
100
AcDbDimension
280
0
  2
*D6
  3
EZDXF
 10
93.29
 20
-3.2
 30
0.0
 11
106.245
 21
-2.9000000000000004
 31
0.0
 70
32
 71
5
  1
<>
100
AcDbAlignedDimension
 13
93.29
 23
-2.0
 33
0.0
 14
119.2
 24
-2.0
 34
0.0
 50
0.0
100
AcDbRotatedDimension
1001
ACAD
1000
DSTYLE
1002
{
1070
140
1040
0.4
1070
41
1040
0.25
1070
271
1070
2
1070
42
1040
0.15
1070
44
1040
0.15
1002
}
  0
LWPOLYLINE
  5
13D
330
17
100
AcDbEntity
  8
LIGNES-NIVEAU
100
AcDbPolyline
 90
2
 70
0
 10
93.29
 20
10.38
 10
119.2
 20
10.38
  0
TEXT
  5
13E
330
17
100
AcDbEntity
  8
LIGNES-NIVEAU
100
AcDbText
 10
93.49000000000001
 20
10.530000000000001
 30
0.0
 40
0.35
  1
sommet 10.38
 11
93.49000000000001
 21
10.530000000000001
 31
0.0
100
AcDbText
  0
DIMENSION
  5
13F
330
17
100
AcDbEntity
  8
MESURES
100
AcDbDimension
280
0
  2
*D7
  3
EZDXF
 10
120.60000000000001
 20
-1.58
 30
0.0
 11
120.30000000000001
 21
4.4
 31
0.0
 70
32
 71
5
  1
H sommet 11.96
100
AcDbAlignedDimension
 13
119.2
 23
-1.58
 33
0.0
 14
119.2
 24
10.38
 34
0.0
 50
90.0
100
AcDbRotatedDimension
1001
ACAD
1000
DSTYLE
1002
{
1070
140
1040
0.4
1070
41
1040
0.25
1070
271
1070
2
1070
42
1040
0.15
1070
44
1040
0.15
1002
}
  0
LWPOLYLINE
  5
14E
330
17
100
AcDbEntity
  8
LIGNES-NIVEAU
100
AcDbPolyline
 90
2
 70
0
 10
93.29
 20
2.15
 10
119.2
 20
2.15
  0
TEXT
  5
14F
330
17
100
AcDbEntity
  8
LIGNES-NIVEAU
100
AcDbText
 10
93.49000000000001
 20
1.65
 30
0.0
 40
0.32
  1
2.15 — indéterminé (voir verif PNG)
 11
93.49000000000001
 21
1.65
 31
0.0
100
AcDbText
  0
DIMENSION
  5
150
330
17
100
AcDbEntity
  8
MESURES
100
AcDbDimension
280
0
  2
*D8
  3
EZDXF
 10
91.89
 20
-1.58
 30
0.0
 11
91.59
 21
0.2849999999999999
 31
0.0
 70
32
 71
5
  1
H 3.73
100
AcDbAlignedDimension
 13
93.29
 23
-1.58
 33
0.0
 14
93.29
 24
2.15
 34
0.0
 50
90.0
100
AcDbRotatedDimension
1001
ACAD
1000
DSTYLE
1002
{
1070
140
1040
0.4
1070
41
1040
0.25
1070
271
1070
2
1070
42
1040
0.15
1070
44
1040
0.15
1002
}
  0
IMAGE
  5
161
330
17
100
AcDbEntity
  8
COUPE-AileOuest_longit
100
AcDbRasterImage
 90
0
 10
123.7
 20
-2.0
 30
0.0
 11
0.020835117773019274
 21
0.0
 31
0.0
 12
1.2756737491118262e-18
 22
0.020833333333333332
 32
0.0
 13
2802.0
 23
816.0
340
160
 70
3
280
0
281
50
282
50
283
0
360
162
 71
1
 91
2
 14
-0.5
 24
-0.5
 14
2801.5
 24
815.5
290
0
  0
TEXT
  5
163
330
17
100
AcDbEntity
  8
TITRES
100
AcDbText
 10
123.7
 20
15.6
 30
0.0
 40
0.55
  1
COUPE AileOuest_longit
 11
123.7
 21
15.6
 31
0.0
100
AcDbText
  0
LINE
  5
164
330
17
100
AcDbEntity
  8
GRID-1M
100
AcDbLine
 10
123.7
 20
-2.0
 30
0.0
 11
182.08
 21
-2.0
 31
0.0
  0
LINE
  5
165
330
17
100
AcDbEntity
  8
GRID-1M
100
AcDbLine
 10
123.7
 20
-1.0
 30
0.0
 11
182.08
 21
-1.0
 31
0.0
  0
LINE
  5
166
330
17
100
AcDbEntity
  8
GRID-1M
100
AcDbLine
 10
123.7
 20
0.0
 30
0.0
 11
182.08
 21
0.0
 31
0.0
  0
LINE
  5
167
330
17
100
AcDbEntity
  8
GRID-1M
100
AcDbLine
 10
123.7
 20
1.0
 30
0.0
 11
182.08
 21
1.0
 31
0.0
  0
LINE
  5
168
330
17
100
AcDbEntity
  8
GRID-1M
100
AcDbLine
 10
123.7
 20
2.0
 30
0.0
 11
182.08
 21
2.0
 31
0.0
  0
LINE
  5
169
330
17
100
AcDbEntity
  8
GRID-1M
100
AcDbLine
 10
123.7
 20
3.0
 30
0.0
 11
182.08
 21
3.0
 31
0.0
  0
LINE
  5
16A
330
17
100
AcDbEntity
  8
GRID-1M
100
AcDbLine
 10
123.7
 20
4.0
 30
0.0
 11
182.08
 21
4.0
 31
0.0
  0
LINE
  5
16B
330
17
100
AcDbEntity
  8
GRID-1M
100
AcDbLine
 10
123.7
 20
5.0
 30
0.0
 11
182.08
 21
5.0
 31
0.0
  0
LINE
  5
16C
330
17
100
AcDbEntity
  8
GRID-1M
100
AcDbLine
 10
123.7
 20
6.0
 30
0.0
 11
182.08
 21
6.0
 31
0.0
  0
LINE
  5
16D
330
17
100
AcDbEntity
  8
GRID-1M
100
AcDbLine
 10
123.7
 20
7.0
 30
0.0
 11
182.08
 21
7.0
 31
0.0
  0
LINE
  5
16E
330
17
100
AcDbEntity
  8
GRID-1M
100
AcDbLine
 10
123.7
 20
8.0
 30
0.0
 11
182.08
 21
8.0
 31
0.0
  0
LINE
  5
16F
330
17
100
AcDbEntity
  8
GRID-1M
100
AcDbLine
 10
123.7
 20
9.0
 30
0.0
 11
182.08
 21
9.0
 31
0.0
  0
LINE
  5
170
330
17
100
AcDbEntity
  8
GRID-1M
100
AcDbLine
 10
123.7
 20
10.0
 30
0.0
 11
182.08
 21
10.0
 31
0.0
  0
LINE
  5
171
330
17
100
AcDbEntity
  8
GRID-1M
100
AcDbLine
 10
123.7
 20
11.0
 30
0.0
 11
182.08
 21
11.0
 31
0.0
  0
LINE
  5
172
330
17
100
AcDbEntity
  8
GRID-1M
100
AcDbLine
 10
123.7
 20
12.0
 30
0.0
 11
182.08
 21
12.0
 31
0.0
  0
LINE
  5
173
330
17
100
AcDbEntity
  8
GRID-1M
100
AcDbLine
 10
123.7
 20
13.0
 30
0.0
 11
182.08
 21
13.0
 31
0.0
  0
LINE
  5
174
330
17
100
AcDbEntity
  8
GRID-1M
100
AcDbLine
 10
123.7
 20
14.0
 30
0.0
 11
182.08
 21
14.0
 31
0.0
  0
LINE
  5
175
330
17
100
AcDbEntity
  8
GRID-1M
100
AcDbLine
 10
123.7
 20
15.0
 30
0.0
 11
182.08
 21
15.0
 31
0.0
  0
LWPOLYLINE
  5
176
330
17
100
AcDbEntity
  8
LIGNES-NIVEAU
100
AcDbPolyline
 90
2
 70
0
 43
0.06
 10
123.7
 20
-1.58
 10
182.08
 20
-1.58
  0
TEXT
  5
177
330
17
100
AcDbEntity
  8
LIGNES-NIVEAU
100
AcDbText
 10
123.9
 20
-1.4300000000000002
 30
0.0
 40
0.35
  1
TN -1.58
 11
123.9
 21
-1.4300000000000002
 31
0.0
100
AcDbText
  0
DIMENSION
  5
178
330
17
100
AcDbEntity
  8
MESURES
100
AcDbDimension
280
0
  2
*D9
  3
EZDXF
 10
123.7
 20
-3.2
 30
0.0
 11
152.89000000000001
 21
-2.9000000000000004
 31
0.0
 70
32
 71
5
  1
<>
100
AcDbAlignedDimension
 13
123.7
 23
-2.0
 33
0.0
 14
182.08
 24
-2.0
 34
0.0
 50
0.0
100
AcDbRotatedDimension
1001
ACAD
1000
DSTYLE
1002
{
1070
140
1040
0.4
1070
41
1040
0.25
1070
271
1070
2
1070
42
1040
0.15
1070
44
1040
0.15
1002
}
  0
LWPOLYLINE
  5
187
330
17
100
AcDbEntity
  8
LIGNES-NIVEAU
100
AcDbPolyline
 90
2
 70
0
 10
123.7
 20
14.81
 10
182.08
 20
14.81
  0
TEXT
  5
188
330
17
100
AcDbEntity
  8
LIGNES-NIVEAU
100
AcDbText
 10
123.9
 20
14.96
 30
0.0
 40
0.35
  1
sommet 14.81
 11
123.9
 21
14.96
 31
0.0
100
AcDbText
  0
DIMENSION
  5
189
330
17
100
AcDbEntity
  8
MESURES
100
AcDbDimension
280
0
  2
*D10
  3
EZDXF
 10
183.48000000000002
 20
-1.58
 30
0.0
 11
183.18
 21
6.615
 31
0.0
 70
32
 71
5
  1
H sommet 16.39
100
AcDbAlignedDimension
 13
182.08
 23
-1.58
 33
0.0
 14
182.08
 24
14.81
 34
0.0
 50
90.0
100
AcDbRotatedDimension
1001
ACAD
1000
DSTYLE
1002
{
1070
140
1040
0.4
1070
41
1040
0.25
1070
271
1070
2
1070
42
1040
0.15
1070
44
1040
0.15
1002
}
  0
LWPOLYLINE
  5
198
330
17
100
AcDbEntity
  8
LIGNES-NIVEAU
100
AcDbPolyline
 90
2
 70
0
 10
123.7
 20
7.65
 10
182.08
 20
7.65
  0
TEXT
  5
199
330
17
100
AcDbEntity
  8
LIGNES-NIVEAU
100
AcDbText
 10
123.9
 20
7.15
 30
0.0
 40
0.32
  1
7.65 — indéterminé (voir verif PNG)
 11
123.9
 21
7.15
 31
0.0
100
AcDbText
  0
DIMENSION
  5
19A
330
17
100
AcDbEntity
  8
MESURES
100
AcDbDimension
280
0
  2
*D11
  3
EZDXF
 10
122.3
 20
-1.58
 30
0.0
 11
122.0
 21
3.035
 31
0.0
 70
32
 71
5
  1
H 9.23
100
AcDbAlignedDimension
 13
123.7
 23
-1.58
 33
0.0
 14
123.7
 24
7.65
 34
0.0
 50
90.0
100
AcDbRotatedDimension
1001
ACAD
1000
DSTYLE
1002
{
1070
140
1040
0.4
1070
41
1040
0.25
1070
271
1070
2
1070
42
1040
0.15
1070
44
1040
0.15
1002
}
  0
IMAGE
  5
1AB
330
17
100
AcDbEntity
  8
ELEV-AileSudEst_long
100
AcDbRasterImage
 90
0
 10
192.08
 20
-2.0
 30
0.0
 11
0.014290441176470587
 21
0.0
 31
0.0
 12
8.747477136766809e-19
 22
0.014285714285714285
 32
0.0
 13
2720.0
 23
1190.0
340
1AA
 70
3
280
0
281
50
282
50
283
0
360
1AC
 71
1
 91
2
 14
-0.5
 24
-0.5
 14
2719.5
 24
1189.5
290
0
  0
TEXT
  5
1AD
330
17
100
AcDbEntity
  8
TITRES
100
AcDbText
 10
192.08
 20
15.6
 30
0.0
 40
0.55
  1
ELEVATION AileSudEst_long
 11
192.08
 21
15.6
 31
0.0
100
AcDbText
  0
LINE
  5
1AE
330
17
100
AcDbEntity
  8
GRID-1M
100
AcDbLine
 10
192.08
 20
-2.0
 30
0.0
 11
230.95000000000002
 21
-2.0
 31
0.0
  0
LINE
  5
1AF
330
17
100
AcDbEntity
  8
GRID-1M
100
AcDbLine
 10
192.08
 20
-1.0
 30
0.0
 11
230.95000000000002
 21
-1.0
 31
0.0
  0
LINE
  5
1B0
330
17
100
AcDbEntity
  8
GRID-1M
100
AcDbLine
 10
192.08
 20
0.0
 30
0.0
 11
230.95000000000002
 21
0.0
 31
0.0
  0
LINE
  5
1B1
330
17
100
AcDbEntity
  8
GRID-1M
100
AcDbLine
 10
192.08
 20
1.0
 30
0.0
 11
230.95000000000002
 21
1.0
 31
0.0
  0
LINE
  5
1B2
330
17
100
AcDbEntity
  8
GRID-1M
100
AcDbLine
 10
192.08
 20
2.0
 30
0.0
 11
230.95000000000002
 21
2.0
 31
0.0
  0
LINE
  5
1B3
330
17
100
AcDbEntity
  8
GRID-1M
100
AcDbLine
 10
192.08
 20
3.0
 30
0.0
 11
230.95000000000002
 21
3.0
 31
0.0
  0
LINE
  5
1B4
330
17
100
AcDbEntity
  8
GRID-1M
100
AcDbLine
 10
192.08
 20
4.0
 30
0.0
 11
230.95000000000002
 21
4.0
 31
0.0
  0
LINE
  5
1B5
330
17
100
AcDbEntity
  8
GRID-1M
100
AcDbLine
 10
192.08
 20
5.0
 30
0.0
 11
230.95000000000002
 21
5.0
 31
0.0
  0
LINE
  5
1B6
330
17
100
AcDbEntity
  8
GRID-1M
100
AcDbLine
 10
192.08
 20
6.0
 30
0.0
 11
230.95000000000002
 21
6.0
 31
0.0
  0
LINE
  5
1B7
330
17
100
AcDbEntity
  8
GRID-1M
100
AcDbLine
 10
192.08
 20
7.0
 30
0.0
 11
230.95000000000002
 21
7.0
 31
0.0
  0
LINE
  5
1B8
330
17
100
AcDbEntity
  8
GRID-1M
100
AcDbLine
 10
192.08
 20
8.0
 30
0.0
 11
230.95000000000002
 21
8.0
 31
0.0
  0
LINE
  5
1B9
330
17
100
AcDbEntity
  8
GRID-1M
100
AcDbLine
 10
192.08
 20
9.0
 30
0.0
 11
230.95000000000002
 21
9.0
 31
0.0
  0
LINE
  5
1BA
330
17
100
AcDbEntity
  8
GRID-1M
100
AcDbLine
 10
192.08
 20
10.0
 30
0.0
 11
230.95000000000002
 21
10.0
 31
0.0
  0
LINE
  5
1BB
330
17
100
AcDbEntity
  8
GRID-1M
100
AcDbLine
 10
192.08
 20
11.0
 30
0.0
 11
230.95000000000002
 21
11.0
 31
0.0
  0
LINE
  5
1BC
330
17
100
AcDbEntity
  8
GRID-1M
100
AcDbLine
 10
192.08
 20
12.0
 30
0.0
 11
230.95000000000002
 21
12.0
 31
0.0
  0
LINE
  5
1BD
330
17
100
AcDbEntity
  8
GRID-1M
100
AcDbLine
 10
192.08
 20
13.0
 30
0.0
 11
230.95000000000002
 21
13.0
 31
0.0
  0
LINE
  5
1BE
330
17
100
AcDbEntity
  8
GRID-1M
100
AcDbLine
 10
192.08
 20
14.0
 30
0.0
 11
230.95000000000002
 21
14.0
 31
0.0
  0
LINE
  5
1BF
330
17
100
AcDbEntity
  8
GRID-1M
100
AcDbLine
 10
192.08
 20
15.0
 30
0.0
 11
230.95000000000002
 21
15.0
 31
0.0
  0
LWPOLYLINE
  5
1C0
330
17
100
AcDbEntity
  8
LIGNES-NIVEAU
100
AcDbPolyline
 90
2
 70
0
 43
0.06
 10
192.08
 20
-0.86
 10
230.95000000000002
 20
-0.86
  0
TEXT
  5
1C1
330
17
100
AcDbEntity
  8
LIGNES-NIVEAU
100
AcDbText
 10
192.28
 20
-0.71
 30
0.0
 40
0.35
  1
TN -0.86
 11
192.28
 21
-0.71
 31
0.0
100
AcDbText
  0
DIMENSION
  5
1C2
330
17
100
AcDbEntity
  8
MESURES
100
AcDbDimension
280
0
  2
*D12
  3
EZDXF
 10
192.08
 20
-3.2
 30
0.0
 11
211.51500000000001
 21
-2.9000000000000004
 31
0.0
 70
32
 71
5
  1
<>
100
AcDbAlignedDimension
 13
192.08
 23
-2.0
 33
0.0
 14
230.95000000000002
 24
-2.0
 34
0.0
 50
0.0
100
AcDbRotatedDimension
1001
ACAD
1000
DSTYLE
1002
{
1070
140
1040
0.4
1070
41
1040
0.25
1070
271
1070
2
1070
42
1040
0.15
1070
44
1040
0.15
1002
}
  0
LWPOLYLINE
  5
1D1
330
17
100
AcDbEntity
  8
LIGNES-NIVEAU
100
AcDbPolyline
 90
2
 70
0
 10
192.08
 20
12.9
 10
230.95000000000002
 20
12.9
  0
TEXT
  5
1D2
330
17
100
AcDbEntity
  8
LIGNES-NIVEAU
100
AcDbText
 10
192.28
 20
13.05
 30
0.0
 40
0.35
  1
faîtage 12.90
 11
192.28
 21
13.05
 31
0.0
100
AcDbText
  0
DIMENSION
  5
1D3
330
17
100
AcDbEntity
  8
MESURES
100
AcDbDimension
280
0
  2
*D13
  3
EZDXF
 10
232.35000000000002
 20
-0.86
 30
0.0
 11
232.05
 21
6.02
 31
0.0
 70
32
 71
5
  1
H faîtage 13.76
100
AcDbAlignedDimension
 13
230.95000000000002
 23
-0.86
 33
0.0
 14
230.95000000000002
 24
12.9
 34
0.0
 50
90.0
100
AcDbRotatedDimension
1001
ACAD
1000
DSTYLE
1002
{
1070
140
1040
0.4
1070
41
1040
0.25
1070
271
1070
2
1070
42
1040
0.15
1070
44
1040
0.15
1002
}
  0
LWPOLYLINE
  5
1E2
330
17
100
AcDbEntity
  8
LIGNES-NIVEAU
100
AcDbPolyline
 90
2
 70
0
 10
192.08
 20
9.85
 10
230.95000000000002
 20
9.85
  0
TEXT
  5
1E3
330
17
100
AcDbEntity
  8
LIGNES-NIVEAU
100
AcDbText
 10
192.28
 20
9.35
 30
0.0
 40
0.32
  1
9.85 — faîtage corps principal grange (12.90 = faîtage croisillon)
 11
192.28
 21
9.35
 31
0.0
100
AcDbText
  0
DIMENSION
  5
1E4
330
17
100
AcDbEntity
  8
MESURES
100
AcDbDimension
280
0
  2
*D14
  3
EZDXF
 10
190.68
 20
-0.86
 30
0.0
 11
190.38
 21
4.494999999999999
 31
0.0
 70
32
 71
5
  1
H 10.71
100
AcDbAlignedDimension
 13
192.08
 23
-0.86
 33
0.0
 14
192.08
 24
9.85
 34
0.0
 50
90.0
100
AcDbRotatedDimension
1001
ACAD
1000
DSTYLE
1002
{
1070
140
1040
0.4
1070
41
1040
0.25
1070
271
1070
2
1070
42
1040
0.15
1070
44
1040
0.15
1002
}
  0
IMAGE
  5
1F5
330
17
100
AcDbEntity
  8
ELEV-AileSudEst_short
100
AcDbRasterImage
 90
0
 10
235.45000000000002
 20
-2.0
 30
0.0
 11
0.014289508632138116
 21
0.0
 31
0.0
 12
8.747477136766809e-19
 22
0.014285714285714285
 32
0.0
 13
2259.0
 23
1190.0
340
1F4
 70
3
280
0
281
50
282
50
283
0
360
1F6
 71
1
 91
2
 14
-0.5
 24
-0.5
 14
2258.5
 24
1189.5
290
0
  0
TEXT
  5
1F7
330
17
100
AcDbEntity
  8
TITRES
100
AcDbText
 10
235.45000000000002
 20
15.6
 30
0.0
 40
0.55
  1
ELEVATION AileSudEst_short
 11
235.45000000000002
 21
15.6
 31
0.0
100
AcDbText
  0
LINE
  5
1F8
330
17
100
AcDbEntity
  8
GRID-1M
100
AcDbLine
 10
235.45000000000002
 20
-2.0
 30
0.0
 11
267.73
 21
-2.0
 31
0.0
  0
LINE
  5
1F9
330
17
100
AcDbEntity
  8
GRID-1M
100
AcDbLine
 10
235.45000000000002
 20
-1.0
 30
0.0
 11
267.73
 21
-1.0
 31
0.0
  0
LINE
  5
1FA
330
17
100
AcDbEntity
  8
GRID-1M
100
AcDbLine
 10
235.45000000000002
 20
0.0
 30
0.0
 11
267.73
 21
0.0
 31
0.0
  0
LINE
  5
1FB
330
17
100
AcDbEntity
  8
GRID-1M
100
AcDbLine
 10
235.45000000000002
 20
1.0
 30
0.0
 11
267.73
 21
1.0
 31
0.0
  0
LINE
  5
1FC
330
17
100
AcDbEntity
  8
GRID-1M
100
AcDbLine
 10
235.45000000000002
 20
2.0
 30
0.0
 11
267.73
 21
2.0
 31
0.0
  0
LINE
  5
1FD
330
17
100
AcDbEntity
  8
GRID-1M
100
AcDbLine
 10
235.45000000000002
 20
3.0
 30
0.0
 11
267.73
 21
3.0
 31
0.0
  0
LINE
  5
1FE
330
17
100
AcDbEntity
  8
GRID-1M
100
AcDbLine
 10
235.45000000000002
 20
4.0
 30
0.0
 11
267.73
 21
4.0
 31
0.0
  0
LINE
  5
1FF
330
17
100
AcDbEntity
  8
GRID-1M
100
AcDbLine
 10
235.45000000000002
 20
5.0
 30
0.0
 11
267.73
 21
5.0
 31
0.0
  0
LINE
  5
200
330
17
100
AcDbEntity
  8
GRID-1M
100
AcDbLine
 10
235.45000000000002
 20
6.0
 30
0.0
 11
267.73
 21
6.0
 31
0.0
  0
LINE
  5
201
330
17
100
AcDbEntity
  8
GRID-1M
100
AcDbLine
 10
235.45000000000002
 20
7.0
 30
0.0
 11
267.73
 21
7.0
 31
0.0
  0
LINE
  5
202
330
17
100
AcDbEntity
  8
GRID-1M
100
AcDbLine
 10
235.45000000000002
 20
8.0
 30
0.0
 11
267.73
 21
8.0
 31
0.0
  0
LINE
  5
203
330
17
100
AcDbEntity
  8
GRID-1M
100
AcDbLine
 10
235.45000000000002
 20
9.0
 30
0.0
 11
267.73
 21
9.0
 31
0.0
  0
LINE
  5
204
330
17
100
AcDbEntity
  8
GRID-1M
100
AcDbLine
 10
235.45000000000002
 20
10.0
 30
0.0
 11
267.73
 21
10.0
 31
0.0
  0
LINE
  5
205
330
17
100
AcDbEntity
  8
GRID-1M
100
AcDbLine
 10
235.45000000000002
 20
11.0
 30
0.0
 11
267.73
 21
11.0
 31
0.0
  0
LINE
  5
206
330
17
100
AcDbEntity
  8
GRID-1M
100
AcDbLine
 10
235.45000000000002
 20
12.0
 30
0.0
 11
267.73
 21
12.0
 31
0.0
  0
LINE
  5
207
330
17
100
AcDbEntity
  8
GRID-1M
100
AcDbLine
 10
235.45000000000002
 20
13.0
 30
0.0
 11
267.73
 21
13.0
 31
0.0
  0
LINE
  5
208
330
17
100
AcDbEntity
  8
GRID-1M
100
AcDbLine
 10
235.45000000000002
 20
14.0
 30
0.0
 11
267.73
 21
14.0
 31
0.0
  0
LINE
  5
209
330
17
100
AcDbEntity
  8
GRID-1M
100
AcDbLine
 10
235.45000000000002
 20
15.0
 30
0.0
 11
267.73
 21
15.0
 31
0.0
  0
LWPOLYLINE
  5
20A
330
17
100
AcDbEntity
  8
LIGNES-NIVEAU
100
AcDbPolyline
 90
2
 70
0
 43
0.06
 10
235.45000000000002
 20
-0.86
 10
267.73
 20
-0.86
  0
TEXT
  5
20B
330
17
100
AcDbEntity
  8
LIGNES-NIVEAU
100
AcDbText
 10
235.65
 20
-0.71
 30
0.0
 40
0.35
  1
TN -0.86
 11
235.65
 21
-0.71
 31
0.0
100
AcDbText
  0
DIMENSION
  5
20C
330
17
100
AcDbEntity
  8
MESURES
100
AcDbDimension
280
0
  2
*D15
  3
EZDXF
 10
235.45000000000002
 20
-3.2
 30
0.0
 11
251.59000000000003
 21
-2.9000000000000004
 31
0.0
 70
32
 71
5
  1
<>
100
AcDbAlignedDimension
 13
235.45000000000002
 23
-2.0
 33
0.0
 14
267.73
 24
-2.0
 34
0.0
 50
0.0
100
AcDbRotatedDimension
1001
ACAD
1000
DSTYLE
1002
{
1070
140
1040
0.4
1070
41
1040
0.25
1070
271
1070
2
1070
42
1040
0.15
1070
44
1040
0.15
1002
}
  0
LWPOLYLINE
  5
21B
330
17
100
AcDbEntity
  8
LIGNES-NIVEAU
100
AcDbPolyline
 90
2
 70
0
 10
235.45000000000002
 20
13.17
 10
267.73
 20
13.17
  0
TEXT
  5
21C
330
17
100
AcDbEntity
  8
LIGNES-NIVEAU
100
AcDbText
 10
235.65
 20
13.32
 30
0.0
 40
0.35
  1
faîtage 13.17
 11
235.65
 21
13.32
 31
0.0
100
AcDbText
  0
DIMENSION
  5
21D
330
17
100
AcDbEntity
  8
MESURES
100
AcDbDimension
280
0
  2
*D16
  3
EZDXF
 10
269.13
 20
-0.86
 30
0.0
 11
268.83
 21
6.154999999999999
 31
0.0
 70
32
 71
5
  1
H faîtage 14.03
100
AcDbAlignedDimension
 13
267.73
 23
-0.86
 33
0.0
 14
267.73
 24
13.17
 34
0.0
 50
90.0
100
AcDbRotatedDimension
1001
ACAD
1000
DSTYLE
1002
{
1070
140
1040
0.4
1070
41
1040
0.25
1070
271
1070
2
1070
42
1040
0.15
1070
44
1040
0.15
1002
}
  0
IMAGE
  5
22E
330
17
100
AcDbEntity
  8
COUPE-AileSudEst_transv_arm1
100
AcDbRasterImage
 90
0
 10
272.23
 20
-2.0
 30
0.0
 11
0.014289508632138116
 21
0.0
 31
0.0
 12
8.747477136766809e-19
 22
0.014285714285714285
 32
0.0
 13
2259.0
 23
1190.0
340
22D
 70
3
280
0
281
50
282
50
283
0
360
22F
 71
1
 91
2
 14
-0.5
 24
-0.5
 14
2258.5
 24
1189.5
290
0
  0
TEXT
  5
230
330
17
100
AcDbEntity
  8
TITRES
100
AcDbText
 10
272.23
 20
15.6
 30
0.0
 40
0.55
  1
COUPE AileSudEst_transv_arm1
 11
272.23
 21
15.6
 31
0.0
100
AcDbText
  0
LINE
  5
231
330
17
100
AcDbEntity
  8
GRID-1M
100
AcDbLine
 10
272.23
 20
-2.0
 30
0.0
 11
304.51
 21
-2.0
 31
0.0
  0
LINE
  5
232
330
17
100
AcDbEntity
  8
GRID-1M
100
AcDbLine
 10
272.23
 20
-1.0
 30
0.0
 11
304.51
 21
-1.0
 31
0.0
  0
LINE
  5
233
330
17
100
AcDbEntity
  8
GRID-1M
100
AcDbLine
 10
272.23
 20
0.0
 30
0.0
 11
304.51
 21
0.0
 31
0.0
  0
LINE
  5
234
330
17
100
AcDbEntity
  8
GRID-1M
100
AcDbLine
 10
272.23
 20
1.0
 30
0.0
 11
304.51
 21
1.0
 31
0.0
  0
LINE
  5
235
330
17
100
AcDbEntity
  8
GRID-1M
100
AcDbLine
 10
272.23
 20
2.0
 30
0.0
 11
304.51
 21
2.0
 31
0.0
  0
LINE
  5
236
330
17
100
AcDbEntity
  8
GRID-1M
100
AcDbLine
 10
272.23
 20
3.0
 30
0.0
 11
304.51
 21
3.0
 31
0.0
  0
LINE
  5
237
330
17
100
AcDbEntity
  8
GRID-1M
100
AcDbLine
 10
272.23
 20
4.0
 30
0.0
 11
304.51
 21
4.0
 31
0.0
  0
LINE
  5
238
330
17
100
AcDbEntity
  8
GRID-1M
100
AcDbLine
 10
272.23
 20
5.0
 30
0.0
 11
304.51
 21
5.0
 31
0.0
  0
LINE
  5
239
330
17
100
AcDbEntity
  8
GRID-1M
100
AcDbLine
 10
272.23
 20
6.0
 30
0.0
 11
304.51
 21
6.0
 31
0.0
  0
LINE
  5
23A
330
17
100
AcDbEntity
  8
GRID-1M
100
AcDbLine
 10
272.23
 20
7.0
 30
0.0
 11
304.51
 21
7.0
 31
0.0
  0
LINE
  5
23B
330
17
100
AcDbEntity
  8
GRID-1M
100
AcDbLine
 10
272.23
 20
8.0
 30
0.0
 11
304.51
 21
8.0
 31
0.0
  0
LINE
  5
23C
330
17
100
AcDbEntity
  8
GRID-1M
100
AcDbLine
 10
272.23
 20
9.0
 30
0.0
 11
304.51
 21
9.0
 31
0.0
  0
LINE
  5
23D
330
17
100
AcDbEntity
  8
GRID-1M
100
AcDbLine
 10
272.23
 20
10.0
 30
0.0
 11
304.51
 21
10.0
 31
0.0
  0
LINE
  5
23E
330
17
100
AcDbEntity
  8
GRID-1M
100
AcDbLine
 10
272.23
 20
11.0
 30
0.0
 11
304.51
 21
11.0
 31
0.0
  0
LINE
  5
23F
330
17
100
AcDbEntity
  8
GRID-1M
100
AcDbLine
 10
272.23
 20
12.0
 30
0.0
 11
304.51
 21
12.0
 31
0.0
  0
LINE
  5
240
330
17
100
AcDbEntity
  8
GRID-1M
100
AcDbLine
 10
272.23
 20
13.0
 30
0.0
 11
304.51
 21
13.0
 31
0.0
  0
LINE
  5
241
330
17
100
AcDbEntity
  8
GRID-1M
100
AcDbLine
 10
272.23
 20
14.0
 30
0.0
 11
304.51
 21
14.0
 31
0.0
  0
LINE
  5
242
330
17
100
AcDbEntity
  8
GRID-1M
100
AcDbLine
 10
272.23
 20
15.0
 30
0.0
 11
304.51
 21
15.0
 31
0.0
  0
LWPOLYLINE
  5
243
330
17
100
AcDbEntity
  8
LIGNES-NIVEAU
100
AcDbPolyline
 90
2
 70
0
 43
0.06
 10
272.23
 20
-0.86
 10
304.51
 20
-0.86
  0
TEXT
  5
244
330
17
100
AcDbEntity
  8
LIGNES-NIVEAU
100
AcDbText
 10
272.43
 20
-0.71
 30
0.0
 40
0.35
  1
TN -0.86
 11
272.43
 21
-0.71
 31
0.0
100
AcDbText
  0
DIMENSION
  5
245
330
17
100
AcDbEntity
  8
MESURES
100
AcDbDimension
280
0
  2
*D17
  3
EZDXF
 10
272.23
 20
-3.2
 30
0.0
 11
288.37
 21
-2.9000000000000004
 31
0.0
 70
32
 71
5
  1
<>
100
AcDbAlignedDimension
 13
272.23
 23
-2.0
 33
0.0
 14
304.51
 24
-2.0
 34
0.0
 50
0.0
100
AcDbRotatedDimension
1001
ACAD
1000
DSTYLE
1002
{
1070
140
1040
0.4
1070
41
1040
0.25
1070
271
1070
2
1070
42
1040
0.15
1070
44
1040
0.15
1002
}
  0
LWPOLYLINE
  5
254
330
17
100
AcDbEntity
  8
LIGNES-NIVEAU
100
AcDbPolyline
 90
2
 70
0
 10
272.23
 20
9.84
 10
304.51
 20
9.84
  0
TEXT
  5
255
330
17
100
AcDbEntity
  8
LIGNES-NIVEAU
100
AcDbText
 10
272.43
 20
9.99
 30
0.0
 40
0.35
  1
sommet 9.84
 11
272.43
 21
9.99
 31
0.0
100
AcDbText
  0
DIMENSION
  5
256
330
17
100
AcDbEntity
  8
MESURES
100
AcDbDimension
280
0
  2
*D18
  3
EZDXF
 10
305.90999999999997
 20
-0.86
 30
0.0
 11
305.60999999999996
 21
4.489999999999999
 31
0.0
 70
32
 71
5
  1
H sommet 10.70
100
AcDbAlignedDimension
 13
304.51
 23
-0.86
 33
0.0
 14
304.51
 24
9.84
 34
0.0
 50
90.0
100
AcDbRotatedDimension
1001
ACAD
1000
DSTYLE
1002
{
1070
140
1040
0.4
1070
41
1040
0.25
1070
271
1070
2
1070
42
1040
0.15
1070
44
1040
0.15
1002
}
  0
LWPOLYLINE
  5
265
330
17
100
AcDbEntity
  8
LIGNES-NIVEAU
100
AcDbPolyline
 90
2
 70
0
 10
272.23
 20
1.25
 10
304.51
 20
1.25
  0
TEXT
  5
266
330
17
100
AcDbEntity
  8
LIGNES-NIVEAU
100
AcDbText
 10
272.43
 20
0.75
 30
0.0
 40
0.32
  1
1.25 — indéterminé (voir verif PNG)
 11
272.43
 21
0.75
 31
0.0
100
AcDbText
  0
DIMENSION
  5
267
330
17
100
AcDbEntity
  8
MESURES
100
AcDbDimension
280
0
  2
*D19
  3
EZDXF
 10
270.83000000000004
 20
-0.86
 30
0.0
 11
270.38000000000005
 21
0.19499999999999995
 31
0.0
 70
32
 71
5
  1
H 2.11
100
AcDbAlignedDimension
 13
272.23
 23
-0.86
 33
0.0
 14
272.23
 24
1.25
 34
0.0
 50
90.0
100
AcDbRotatedDimension
1001
ACAD
1000
DSTYLE
1002
{
1070
140
1040
0.4
1070
41
1040
0.25
1070
271
1070
2
1070
42
1040
0.15
1070
44
1040
0.15
1002
}
  0
IMAGE
  5
278
330
17
100
AcDbEntity
  8
COUPE-AileSudEst_transv_arm2
100
AcDbRasterImage
 90
0
 10
309.01
 20
-2.0
 30
0.0
 11
0.014289508632138116
 21
0.0
 31
0.0
 12
8.747477136766809e-19
 22
0.014285714285714285
 32
0.0
 13
2259.0
 23
1190.0
340
277
 70
3
280
0
281
50
282
50
283
0
360
279
 71
1
 91
2
 14
-0.5
 24
-0.5
 14
2258.5
 24
1189.5
290
0
  0
TEXT
  5
27A
330
17
100
AcDbEntity
  8
TITRES
100
AcDbText
 10
309.01
 20
15.6
 30
0.0
 40
0.55
  1
COUPE AileSudEst_transv_arm2
 11
309.01
 21
15.6
 31
0.0
100
AcDbText
  0
LINE
  5
27B
330
17
100
AcDbEntity
  8
GRID-1M
100
AcDbLine
 10
309.01
 20
-2.0
 30
0.0
 11
341.28999999999996
 21
-2.0
 31
0.0
  0
LINE
  5
27C
330
17
100
AcDbEntity
  8
GRID-1M
100
AcDbLine
 10
309.01
 20
-1.0
 30
0.0
 11
341.28999999999996
 21
-1.0
 31
0.0
  0
LINE
  5
27D
330
17
100
AcDbEntity
  8
GRID-1M
100
AcDbLine
 10
309.01
 20
0.0
 30
0.0
 11
341.28999999999996
 21
0.0
 31
0.0
  0
LINE
  5
27E
330
17
100
AcDbEntity
  8
GRID-1M
100
AcDbLine
 10
309.01
 20
1.0
 30
0.0
 11
341.28999999999996
 21
1.0
 31
0.0
  0
LINE
  5
27F
330
17
100
AcDbEntity
  8
GRID-1M
100
AcDbLine
 10
309.01
 20
2.0
 30
0.0
 11
341.28999999999996
 21
2.0
 31
0.0
  0
LINE
  5
280
330
17
100
AcDbEntity
  8
GRID-1M
100
AcDbLine
 10
309.01
 20
3.0
 30
0.0
 11
341.28999999999996
 21
3.0
 31
0.0
  0
LINE
  5
281
330
17
100
AcDbEntity
  8
GRID-1M
100
AcDbLine
 10
309.01
 20
4.0
 30
0.0
 11
341.28999999999996
 21
4.0
 31
0.0
  0
LINE
  5
282
330
17
100
AcDbEntity
  8
GRID-1M
100
AcDbLine
 10
309.01
 20
5.0
 30
0.0
 11
341.28999999999996
 21
5.0
 31
0.0
  0
LINE
  5
283
330
17
100
AcDbEntity
  8
GRID-1M
100
AcDbLine
 10
309.01
 20
6.0
 30
0.0
 11
341.28999999999996
 21
6.0
 31
0.0
  0
LINE
  5
284
330
17
100
AcDbEntity
  8
GRID-1M
100
AcDbLine
 10
309.01
 20
7.0
 30
0.0
 11
341.28999999999996
 21
7.0
 31
0.0
  0
LINE
  5
285
330
17
100
AcDbEntity
  8
GRID-1M
100
AcDbLine
 10
309.01
 20
8.0
 30
0.0
 11
341.28999999999996
 21
8.0
 31
0.0
  0
LINE
  5
286
330
17
100
AcDbEntity
  8
GRID-1M
100
AcDbLine
 10
309.01
 20
9.0
 30
0.0
 11
341.28999999999996
 21
9.0
 31
0.0
  0
LINE
  5
287
330
17
100
AcDbEntity
  8
GRID-1M
100
AcDbLine
 10
309.01
 20
10.0
 30
0.0
 11
341.28999999999996
 21
10.0
 31
0.0
  0
LINE
  5
288
330
17
100
AcDbEntity
  8
GRID-1M
100
AcDbLine
 10
309.01
 20
11.0
 30
0.0
 11
341.28999999999996
 21
11.0
 31
0.0
  0
LINE
  5
289
330
17
100
AcDbEntity
  8
GRID-1M
100
AcDbLine
 10
309.01
 20
12.0
 30
0.0
 11
341.28999999999996
 21
12.0
 31
0.0
  0
LINE
  5
28A
330
17
100
AcDbEntity
  8
GRID-1M
100
AcDbLine
 10
309.01
 20
13.0
 30
0.0
 11
341.28999999999996
 21
13.0
 31
0.0
  0
LINE
  5
28B
330
17
100
AcDbEntity
  8
GRID-1M
100
AcDbLine
 10
309.01
 20
14.0
 30
0.0
 11
341.28999999999996
 21
14.0
 31
0.0
  0
LINE
  5
28C
330
17
100
AcDbEntity
  8
GRID-1M
100
AcDbLine
 10
309.01
 20
15.0
 30
0.0
 11
341.28999999999996
 21
15.0
 31
0.0
  0
LWPOLYLINE
  5
28D
330
17
100
AcDbEntity
  8
LIGNES-NIVEAU
100
AcDbPolyline
 90
2
 70
0
 43
0.06
 10
309.01
 20
-0.86
 10
341.28999999999996
 20
-0.86
  0
TEXT
  5
28E
330
17
100
AcDbEntity
  8
LIGNES-NIVEAU
100
AcDbText
 10
309.21
 20
-0.71
 30
0.0
 40
0.35
  1
TN -0.86
 11
309.21
 21
-0.71
 31
0.0
100
AcDbText
  0
DIMENSION
  5
28F
330
17
100
AcDbEntity
  8
MESURES
100
AcDbDimension
280
0
  2
*D20
  3
EZDXF
 10
309.01
 20
-3.2
 30
0.0
 11
325.15
 21
-2.9000000000000004
 31
0.0
 70
32
 71
5
  1
<>
100
AcDbAlignedDimension
 13
309.01
 23
-2.0
 33
0.0
 14
341.28999999999996
 24
-2.0
 34
0.0
 50
0.0
100
AcDbRotatedDimension
1001
ACAD
1000
DSTYLE
1002
{
1070
140
1040
0.4
1070
41
1040
0.25
1070
271
1070
2
1070
42
1040
0.15
1070
44
1040
0.15
1002
}
  0
LWPOLYLINE
  5
29E
330
17
100
AcDbEntity
  8
LIGNES-NIVEAU
100
AcDbPolyline
 90
2
 70
0
 10
309.01
 20
9.87
 10
341.28999999999996
 20
9.87
  0
TEXT
  5
29F
330
17
100
AcDbEntity
  8
LIGNES-NIVEAU
100
AcDbText
 10
309.21
 20
10.02
 30
0.0
 40
0.35
  1
sommet 9.87
 11
309.21
 21
10.02
 31
0.0
100
AcDbText
  0
DIMENSION
  5
2A0
330
17
100
AcDbEntity
  8
MESURES
100
AcDbDimension
280
0
  2
*D21
  3
EZDXF
 10
342.68999999999994
 20
-0.86
 30
0.0
 11
342.38999999999993
 21
4.504999999999999
 31
0.0
 70
32
 71
5
  1
H sommet 10.73
100
AcDbAlignedDimension
 13
341.28999999999996
 23
-0.86
 33
0.0
 14
341.28999999999996
 24
9.87
 34
0.0
 50
90.0
100
AcDbRotatedDimension
1001
ACAD
1000
DSTYLE
1002
{
1070
140
1040
0.4
1070
41
1040
0.25
1070
271
1070
2
1070
42
1040
0.15
1070
44
1040
0.15
1002
}
  0
LWPOLYLINE
  5
2AF
330
17
100
AcDbEntity
  8
LIGNES-NIVEAU
100
AcDbPolyline
 90
2
 70
0
 10
309.01
 20
1.05
 10
341.28999999999996
 20
1.05
  0
TEXT
  5
2B0
330
17
100
AcDbEntity
  8
LIGNES-NIVEAU
100
AcDbText
 10
309.21
 20
0.55
 30
0.0
 40
0.32
  1
1.05 — indéterminé (voir verif PNG)
 11
309.21
 21
0.55
 31
0.0
100
AcDbText
  0
DIMENSION
  5
2B1
330
17
100
AcDbEntity
  8
MESURES
100
AcDbDimension
280
0
  2
*D22
  3
EZDXF
 10
307.61
 20
-0.86
 30
0.0
 11
307.16
 21
0.09500000000000008
 31
0.0
 70
32
 71
5
  1
H 1.91
100
AcDbAlignedDimension
 13
309.01
 23
-0.86
 33
0.0
 14
309.01
 24
1.05
 34
0.0
 50
90.0
100
AcDbRotatedDimension
1001
ACAD
1000
DSTYLE
1002
{
1070
140
1040
0.4
1070
41
1040
0.25
1070
271
1070
2
1070
42
1040
0.15
1070
44
1040
0.15
1002
}
  0
IMAGE
  5
2C2
330
17
100
AcDbEntity
  8
ELEV-Atelier_long
100
AcDbRasterImage
 90
0
 10
351.28999999999996
 20
-2.0
 30
0.0
 11
0.014288281811646297
 21
0.0
 31
0.0
 12
8.747477136766809e-19
 22
0.014285714285714285
 32
0.0
 13
2782.0
 23
1190.0
340
2C1
 70
3
280
0
281
50
282
50
283
0
360
2C3
 71
1
 91
2
 14
-0.5
 24
-0.5
 14
2781.5
 24
1189.5
290
0
  0
TEXT
  5
2C4
330
17
100
AcDbEntity
  8
TITRES
100
AcDbText
 10
351.28999999999996
 20
15.6
 30
0.0
 40
0.55
  1
ELEVATION Atelier_long
 11
351.28999999999996
 21
15.6
 31
0.0
100
AcDbText
  0
LINE
  5
2C5
330
17
100
AcDbEntity
  8
GRID-1M
100
AcDbLine
 10
351.28999999999996
 20
-2.0
 30
0.0
 11
391.03999999999996
 21
-2.0
 31
0.0
  0
LINE
  5
2C6
330
17
100
AcDbEntity
  8
GRID-1M
100
AcDbLine
 10
351.28999999999996
 20
-1.0
 30
0.0
 11
391.03999999999996
 21
-1.0
 31
0.0
  0
LINE
  5
2C7
330
17
100
AcDbEntity
  8
GRID-1M
100
AcDbLine
 10
351.28999999999996
 20
0.0
 30
0.0
 11
391.03999999999996
 21
0.0
 31
0.0
  0
LINE
  5
2C8
330
17
100
AcDbEntity
  8
GRID-1M
100
AcDbLine
 10
351.28999999999996
 20
1.0
 30
0.0
 11
391.03999999999996
 21
1.0
 31
0.0
  0
LINE
  5
2C9
330
17
100
AcDbEntity
  8
GRID-1M
100
AcDbLine
 10
351.28999999999996
 20
2.0
 30
0.0
 11
391.03999999999996
 21
2.0
 31
0.0
  0
LINE
  5
2CA
330
17
100
AcDbEntity
  8
GRID-1M
100
AcDbLine
 10
351.28999999999996
 20
3.0
 30
0.0
 11
391.03999999999996
 21
3.0
 31
0.0
  0
LINE
  5
2CB
330
17
100
AcDbEntity
  8
GRID-1M
100
AcDbLine
 10
351.28999999999996
 20
4.0
 30
0.0
 11
391.03999999999996
 21
4.0
 31
0.0
  0
LINE
  5
2CC
330
17
100
AcDbEntity
  8
GRID-1M
100
AcDbLine
 10
351.28999999999996
 20
5.0
 30
0.0
 11
391.03999999999996
 21
5.0
 31
0.0
  0
LINE
  5
2CD
330
17
100
AcDbEntity
  8
GRID-1M
100
AcDbLine
 10
351.28999999999996
 20
6.0
 30
0.0
 11
391.03999999999996
 21
6.0
 31
0.0
  0
LINE
  5
2CE
330
17
100
AcDbEntity
  8
GRID-1M
100
AcDbLine
 10
351.28999999999996
 20
7.0
 30
0.0
 11
391.03999999999996
 21
7.0
 31
0.0
  0
LINE
  5
2CF
330
17
100
AcDbEntity
  8
GRID-1M
100
AcDbLine
 10
351.28999999999996
 20
8.0
 30
0.0
 11
391.03999999999996
 21
8.0
 31
0.0
  0
LINE
  5
2D0
330
17
100
AcDbEntity
  8
GRID-1M
100
AcDbLine
 10
351.28999999999996
 20
9.0
 30
0.0
 11
391.03999999999996
 21
9.0
 31
0.0
  0
LINE
  5
2D1
330
17
100
AcDbEntity
  8
GRID-1M
100
AcDbLine
 10
351.28999999999996
 20
10.0
 30
0.0
 11
391.03999999999996
 21
10.0
 31
0.0
  0
LINE
  5
2D2
330
17
100
AcDbEntity
  8
GRID-1M
100
AcDbLine
 10
351.28999999999996
 20
11.0
 30
0.0
 11
391.03999999999996
 21
11.0
 31
0.0
  0
LINE
  5
2D3
330
17
100
AcDbEntity
  8
GRID-1M
100
AcDbLine
 10
351.28999999999996
 20
12.0
 30
0.0
 11
391.03999999999996
 21
12.0
 31
0.0
  0
LINE
  5
2D4
330
17
100
AcDbEntity
  8
GRID-1M
100
AcDbLine
 10
351.28999999999996
 20
13.0
 30
0.0
 11
391.03999999999996
 21
13.0
 31
0.0
  0
LINE
  5
2D5
330
17
100
AcDbEntity
  8
GRID-1M
100
AcDbLine
 10
351.28999999999996
 20
14.0
 30
0.0
 11
391.03999999999996
 21
14.0
 31
0.0
  0
LINE
  5
2D6
330
17
100
AcDbEntity
  8
GRID-1M
100
AcDbLine
 10
351.28999999999996
 20
15.0
 30
0.0
 11
391.03999999999996
 21
15.0
 31
0.0
  0
LWPOLYLINE
  5
2D7
330
17
100
AcDbEntity
  8
LIGNES-NIVEAU
100
AcDbPolyline
 90
2
 70
0
 43
0.06
 10
351.28999999999996
 20
-0.54
 10
391.03999999999996
 20
-0.54
  0
TEXT
  5
2D8
330
17
100
AcDbEntity
  8
LIGNES-NIVEAU
100
AcDbText
 10
351.48999999999995
 20
-0.39
 30
0.0
 40
0.35
  1
TN -0.54
 11
351.48999999999995
 21
-0.39
 31
0.0
100
AcDbText
  0
DIMENSION
  5
2D9
330
17
100
AcDbEntity
  8
MESURES
100
AcDbDimension
280
0
  2
*D23
  3
EZDXF
 10
351.28999999999996
 20
-3.2
 30
0.0
 11
371.16499999999996
 21
-2.9000000000000004
 31
0.0
 70
32
 71
5
  1
<>
100
AcDbAlignedDimension
 13
351.28999999999996
 23
-2.0
 33
0.0
 14
391.03999999999996
 24
-2.0
 34
0.0
 50
0.0
100
AcDbRotatedDimension
1001
ACAD
1000
DSTYLE
1002
{
1070
140
1040
0.4
1070
41
1040
0.25
1070
271
1070
2
1070
42
1040
0.15
1070
44
1040
0.15
1002
}
  0
LWPOLYLINE
  5
2E8
330
17
100
AcDbEntity
  8
LIGNES-NIVEAU
100
AcDbPolyline
 90
2
 70
0
 10
351.28999999999996
 20
13.64
 10
391.03999999999996
 20
13.64
  0
TEXT
  5
2E9
330
17
100
AcDbEntity
  8
LIGNES-NIVEAU
100
AcDbText
 10
351.48999999999995
 20
13.790000000000001
 30
0.0
 40
0.35
  1
faîtage 13.64
 11
351.48999999999995
 21
13.790000000000001
 31
0.0
100
AcDbText
  0
DIMENSION
  5
2EA
330
17
100
AcDbEntity
  8
MESURES
100
AcDbDimension
280
0
  2
*D24
  3
EZDXF
 10
392.43999999999994
 20
-0.54
 30
0.0
 11
392.13999999999993
 21
6.55
 31
0.0
 70
32
 71
5
  1
H faîtage 14.18
100
AcDbAlignedDimension
 13
391.03999999999996
 23
-0.54
 33
0.0
 14
391.03999999999996
 24
13.64
 34
0.0
 50
90.0
100
AcDbRotatedDimension
1001
ACAD
1000
DSTYLE
1002
{
1070
140
1040
0.4
1070
41
1040
0.25
1070
271
1070
2
1070
42
1040
0.15
1070
44
1040
0.15
1002
}
  0
IMAGE
  5
2FB
330
17
100
AcDbEntity
  8
ELEV-Atelier_short
100
AcDbRasterImage
 90
0
 10
395.53999999999996
 20
-2.0
 30
0.0
 11
0.014289473684210525
 21
0.0
 31
0.0
 12
8.747477136766809e-19
 22
0.014285714285714285
 32
0.0
 13
1140.0
 23
1190.0
340
2FA
 70
3
280
0
281
50
282
50
283
0
360
2FC
 71
1
 91
2
 14
-0.5
 24
-0.5
 14
1139.5
 24
1189.5
290
0
  0
TEXT
  5
2FD
330
17
100
AcDbEntity
  8
TITRES
100
AcDbText
 10
395.53999999999996
 20
15.6
 30
0.0
 40
0.55
  1
ELEVATION Atelier_short
 11
395.53999999999996
 21
15.6
 31
0.0
100
AcDbText
  0
LINE
  5
2FE
330
17
100
AcDbEntity
  8
GRID-1M
100
AcDbLine
 10
395.53999999999996
 20
-2.0
 30
0.0
 11
411.83
 21
-2.0
 31
0.0
  0
LINE
  5
2FF
330
17
100
AcDbEntity
  8
GRID-1M
100
AcDbLine
 10
395.53999999999996
 20
-1.0
 30
0.0
 11
411.83
 21
-1.0
 31
0.0
  0
LINE
  5
300
330
17
100
AcDbEntity
  8
GRID-1M
100
AcDbLine
 10
395.53999999999996
 20
0.0
 30
0.0
 11
411.83
 21
0.0
 31
0.0
  0
LINE
  5
301
330
17
100
AcDbEntity
  8
GRID-1M
100
AcDbLine
 10
395.53999999999996
 20
1.0
 30
0.0
 11
411.83
 21
1.0
 31
0.0
  0
LINE
  5
302
330
17
100
AcDbEntity
  8
GRID-1M
100
AcDbLine
 10
395.53999999999996
 20
2.0
 30
0.0
 11
411.83
 21
2.0
 31
0.0
  0
LINE
  5
303
330
17
100
AcDbEntity
  8
GRID-1M
100
AcDbLine
 10
395.53999999999996
 20
3.0
 30
0.0
 11
411.83
 21
3.0
 31
0.0
  0
LINE
  5
304
330
17
100
AcDbEntity
  8
GRID-1M
100
AcDbLine
 10
395.53999999999996
 20
4.0
 30
0.0
 11
411.83
 21
4.0
 31
0.0
  0
LINE
  5
305
330
17
100
AcDbEntity
  8
GRID-1M
100
AcDbLine
 10
395.53999999999996
 20
5.0
 30
0.0
 11
411.83
 21
5.0
 31
0.0
  0
LINE
  5
306
330
17
100
AcDbEntity
  8
GRID-1M
100
AcDbLine
 10
395.53999999999996
 20
6.0
 30
0.0
 11
411.83
 21
6.0
 31
0.0
  0
LINE
  5
307
330
17
100
AcDbEntity
  8
GRID-1M
100
AcDbLine
 10
395.53999999999996
 20
7.0
 30
0.0
 11
411.83
 21
7.0
 31
0.0
  0
LINE
  5
308
330
17
100
AcDbEntity
  8
GRID-1M
100
AcDbLine
 10
395.53999999999996
 20
8.0
 30
0.0
 11
411.83
 21
8.0
 31
0.0
  0
LINE
  5
309
330
17
100
AcDbEntity
  8
GRID-1M
100
AcDbLine
 10
395.53999999999996
 20
9.0
 30
0.0
 11
411.83
 21
9.0
 31
0.0
  0
LINE
  5
30A
330
17
100
AcDbEntity
  8
GRID-1M
100
AcDbLine
 10
395.53999999999996
 20
10.0
 30
0.0
 11
411.83
 21
10.0
 31
0.0
  0
LINE
  5
30B
330
17
100
AcDbEntity
  8
GRID-1M
100
AcDbLine
 10
395.53999999999996
 20
11.0
 30
0.0
 11
411.83
 21
11.0
 31
0.0
  0
LINE
  5
30C
330
17
100
AcDbEntity
  8
GRID-1M
100
AcDbLine
 10
395.53999999999996
 20
12.0
 30
0.0
 11
411.83
 21
12.0
 31
0.0
  0
LINE
  5
30D
330
17
100
AcDbEntity
  8
GRID-1M
100
AcDbLine
 10
395.53999999999996
 20
13.0
 30
0.0
 11
411.83
 21
13.0
 31
0.0
  0
LINE
  5
30E
330
17
100
AcDbEntity
  8
GRID-1M
100
AcDbLine
 10
395.53999999999996
 20
14.0
 30
0.0
 11
411.83
 21
14.0
 31
0.0
  0
LINE
  5
30F
330
17
100
AcDbEntity
  8
GRID-1M
100
AcDbLine
 10
395.53999999999996
 20
15.0
 30
0.0
 11
411.83
 21
15.0
 31
0.0
  0
LWPOLYLINE
  5
310
330
17
100
AcDbEntity
  8
LIGNES-NIVEAU
100
AcDbPolyline
 90
2
 70
0
 43
0.06
 10
395.53999999999996
 20
-0.54
 10
411.83
 20
-0.54
  0
TEXT
  5
311
330
17
100
AcDbEntity
  8
LIGNES-NIVEAU
100
AcDbText
 10
395.73999999999995
 20
-0.39
 30
0.0
 40
0.35
  1
TN -0.54
 11
395.73999999999995
 21
-0.39
 31
0.0
100
AcDbText
  0
DIMENSION
  5
312
330
17
100
AcDbEntity
  8
MESURES
100
AcDbDimension
280
0
  2
*D25
  3
EZDXF
 10
395.53999999999996
 20
-3.2
 30
0.0
 11
403.68499999999995
 21
-2.9000000000000004
 31
0.0
 70
32
 71
5
  1
<>
100
AcDbAlignedDimension
 13
395.53999999999996
 23
-2.0
 33
0.0
 14
411.83
 24
-2.0
 34
0.0
 50
0.0
100
AcDbRotatedDimension
1001
ACAD
1000
DSTYLE
1002
{
1070
140
1040
0.4
1070
41
1040
0.25
1070
271
1070
2
1070
42
1040
0.15
1070
44
1040
0.15
1002
}
  0
LWPOLYLINE
  5
321
330
17
100
AcDbEntity
  8
LIGNES-NIVEAU
100
AcDbPolyline
 90
2
 70
0
 10
395.53999999999996
 20
13.66
 10
411.83
 20
13.66
  0
TEXT
  5
322
330
17
100
AcDbEntity
  8
LIGNES-NIVEAU
100
AcDbText
 10
395.73999999999995
 20
13.81
 30
0.0
 40
0.35
  1
faîtage 13.66
 11
395.73999999999995
 21
13.81
 31
0.0
100
AcDbText
  0
DIMENSION
  5
323
330
17
100
AcDbEntity
  8
MESURES
100
AcDbDimension
280
0
  2
*D26
  3
EZDXF
 10
413.22999999999996
 20
-0.54
 30
0.0
 11
412.92999999999995
 21
6.56
 31
0.0
 70
32
 71
5
  1
H faîtage 14.20
100
AcDbAlignedDimension
 13
411.83
 23
-0.54
 33
0.0
 14
411.83
 24
13.66
 34
0.0
 50
90.0
100
AcDbRotatedDimension
1001
ACAD
1000
DSTYLE
1002
{
1070
140
1040
0.4
1070
41
1040
0.25
1070
271
1070
2
1070
42
1040
0.15
1070
44
1040
0.15
1002
}
  0
IMAGE
  5
334
330
17
100
AcDbEntity
  8
COUPE-Atelier_transv
100
AcDbRasterImage
 90
0
 10
416.33
 20
-2.0
 30
0.0
 11
0.014289473684210525
 21
0.0
 31
0.0
 12
8.747477136766809e-19
 22
0.014285714285714285
 32
0.0
 13
1140.0
 23
1190.0
340
333
 70
3
280
0
281
50
282
50
283
0
360
335
 71
1
 91
2
 14
-0.5
 24
-0.5
 14
1139.5
 24
1189.5
290
0
  0
TEXT
  5
336
330
17
100
AcDbEntity
  8
TITRES
100
AcDbText
 10
416.33
 20
15.6
 30
0.0
 40
0.55
  1
COUPE Atelier_transv
 11
416.33
 21
15.6
 31
0.0
100
AcDbText
  0
LINE
  5
337
330
17
100
AcDbEntity
  8
GRID-1M
100
AcDbLine
 10
416.33
 20
-2.0
 30
0.0
 11
432.62
 21
-2.0
 31
0.0
  0
LINE
  5
338
330
17
100
AcDbEntity
  8
GRID-1M
100
AcDbLine
 10
416.33
 20
-1.0
 30
0.0
 11
432.62
 21
-1.0
 31
0.0
  0
LINE
  5
339
330
17
100
AcDbEntity
  8
GRID-1M
100
AcDbLine
 10
416.33
 20
0.0
 30
0.0
 11
432.62
 21
0.0
 31
0.0
  0
LINE
  5
33A
330
17
100
AcDbEntity
  8
GRID-1M
100
AcDbLine
 10
416.33
 20
1.0
 30
0.0
 11
432.62
 21
1.0
 31
0.0
  0
LINE
  5
33B
330
17
100
AcDbEntity
  8
GRID-1M
100
AcDbLine
 10
416.33
 20
2.0
 30
0.0
 11
432.62
 21
2.0
 31
0.0
  0
LINE
  5
33C
330
17
100
AcDbEntity
  8
GRID-1M
100
AcDbLine
 10
416.33
 20
3.0
 30
0.0
 11
432.62
 21
3.0
 31
0.0
  0
LINE
  5
33D
330
17
100
AcDbEntity
  8
GRID-1M
100
AcDbLine
 10
416.33
 20
4.0
 30
0.0
 11
432.62
 21
4.0
 31
0.0
  0
LINE
  5
33E
330
17
100
AcDbEntity
  8
GRID-1M
100
AcDbLine
 10
416.33
 20
5.0
 30
0.0
 11
432.62
 21
5.0
 31
0.0
  0
LINE
  5
33F
330
17
100
AcDbEntity
  8
GRID-1M
100
AcDbLine
 10
416.33
 20
6.0
 30
0.0
 11
432.62
 21
6.0
 31
0.0
  0
LINE
  5
340
330
17
100
AcDbEntity
  8
GRID-1M
100
AcDbLine
 10
416.33
 20
7.0
 30
0.0
 11
432.62
 21
7.0
 31
0.0
  0
LINE
  5
341
330
17
100
AcDbEntity
  8
GRID-1M
100
AcDbLine
 10
416.33
 20
8.0
 30
0.0
 11
432.62
 21
8.0
 31
0.0
  0
LINE
  5
342
330
17
100
AcDbEntity
  8
GRID-1M
100
AcDbLine
 10
416.33
 20
9.0
 30
0.0
 11
432.62
 21
9.0
 31
0.0
  0
LINE
  5
343
330
17
100
AcDbEntity
  8
GRID-1M
100
AcDbLine
 10
416.33
 20
10.0
 30
0.0
 11
432.62
 21
10.0
 31
0.0
  0
LINE
  5
344
330
17
100
AcDbEntity
  8
GRID-1M
100
AcDbLine
 10
416.33
 20
11.0
 30
0.0
 11
432.62
 21
11.0
 31
0.0
  0
LINE
  5
345
330
17
100
AcDbEntity
  8
GRID-1M
100
AcDbLine
 10
416.33
 20
12.0
 30
0.0
 11
432.62
 21
12.0
 31
0.0
  0
LINE
  5
346
330
17
100
AcDbEntity
  8
GRID-1M
100
AcDbLine
 10
416.33
 20
13.0
 30
0.0
 11
432.62
 21
13.0
 31
0.0
  0
LINE
  5
347
330
17
100
AcDbEntity
  8
GRID-1M
100
AcDbLine
 10
416.33
 20
14.0
 30
0.0
 11
432.62
 21
14.0
 31
0.0
  0
LINE
  5
348
330
17
100
AcDbEntity
  8
GRID-1M
100
AcDbLine
 10
416.33
 20
15.0
 30
0.0
 11
432.62
 21
15.0
 31
0.0
  0
LWPOLYLINE
  5
349
330
17
100
AcDbEntity
  8
LIGNES-NIVEAU
100
AcDbPolyline
 90
2
 70
0
 43
0.06
 10
416.33
 20
-0.54
 10
432.62
 20
-0.54
  0
TEXT
  5
34A
330
17
100
AcDbEntity
  8
LIGNES-NIVEAU
100
AcDbText
 10
416.53
 20
-0.39
 30
0.0
 40
0.35
  1
TN -0.54
 11
416.53
 21
-0.39
 31
0.0
100
AcDbText
  0
DIMENSION
  5
34B
330
17
100
AcDbEntity
  8
MESURES
100
AcDbDimension
280
0
  2
*D27
  3
EZDXF
 10
416.33
 20
-3.2
 30
0.0
 11
424.475
 21
-2.9000000000000004
 31
0.0
 70
32
 71
5
  1
<>
100
AcDbAlignedDimension
 13
416.33
 23
-2.0
 33
0.0
 14
432.62
 24
-2.0
 34
0.0
 50
0.0
100
AcDbRotatedDimension
1001
ACAD
1000
DSTYLE
1002
{
1070
140
1040
0.4
1070
41
1040
0.25
1070
271
1070
2
1070
42
1040
0.15
1070
44
1040
0.15
1002
}
  0
LWPOLYLINE
  5
35A
330
17
100
AcDbEntity
  8
LIGNES-NIVEAU
100
AcDbPolyline
 90
2
 70
0
 10
416.33
 20
8.91
 10
432.62
 20
8.91
  0
TEXT
  5
35B
330
17
100
AcDbEntity
  8
LIGNES-NIVEAU
100
AcDbText
 10
416.53
 20
9.06
 30
0.0
 40
0.35
  1
sommet 8.91
 11
416.53
 21
9.06
 31
0.0
100
AcDbText
  0
DIMENSION
  5
35C
330
17
100
AcDbEntity
  8
MESURES
100
AcDbDimension
280
0
  2
*D28
  3
EZDXF
 10
434.02
 20
-0.54
 30
0.0
 11
433.71999999999997
 21
4.185
 31
0.0
 70
32
 71
5
  1
H sommet 9.45
100
AcDbAlignedDimension
 13
432.62
 23
-0.54
 33
0.0
 14
432.62
 24
8.91
 34
0.0
 50
90.0
100
AcDbRotatedDimension
1001
ACAD
1000
DSTYLE
1002
{
1070
140
1040
0.4
1070
41
1040
0.25
1070
271
1070
2
1070
42
1040
0.15
1070
44
1040
0.15
1002
}
  0
LWPOLYLINE
  5
36B
330
17
100
AcDbEntity
  8
LIGNES-NIVEAU
100
AcDbPolyline
 90
2
 70
0
 10
416.33
 20
4.35
 10
432.62
 20
4.35
  0
TEXT
  5
36C
330
17
100
AcDbEntity
  8
LIGNES-NIVEAU
100
AcDbText
 10
416.53
 20
3.8499999999999996
 30
0.0
 40
0.32
  1
4.35 — indéterminé (voir verif PNG)
 11
416.53
 21
3.8499999999999996
 31
0.0
100
AcDbText
  0
DIMENSION
  5
36D
330
17
100
AcDbEntity
  8
MESURES
100
AcDbDimension
280
0
  2
*D29
  3
EZDXF
 10
414.93
 20
-0.54
 30
0.0
 11
414.63
 21
1.9049999999999998
 31
0.0
 70
32
 71
5
  1
H 4.89
100
AcDbAlignedDimension
 13
416.33
 23
-0.54
 33
0.0
 14
416.33
 24
4.35
 34
0.0
 50
90.0
100
AcDbRotatedDimension
1001
ACAD
1000
DSTYLE
1002
{
1070
140
1040
0.4
1070
41
1040
0.25
1070
271
1070
2
1070
42
1040
0.15
1070
44
1040
0.15
1002
}
  0
IMAGE
  5
37E
330
17
100
AcDbEntity
  8
COUPE-Atelier_longit
100
AcDbRasterImage
 90
0
 10
437.12
 20
-2.0
 30
0.0
 11
0.014288281811646297
 21
0.0
 31
0.0
 12
8.747477136766809e-19
 22
0.014285714285714285
 32
0.0
 13
2782.0
 23
1190.0
340
37D
 70
3
280
0
281
50
282
50
283
0
360
37F
 71
1
 91
2
 14
-0.5
 24
-0.5
 14
2781.5
 24
1189.5
290
0
  0
TEXT
  5
380
330
17
100
AcDbEntity
  8
TITRES
100
AcDbText
 10
437.12
 20
15.6
 30
0.0
 40
0.55
  1
COUPE Atelier_longit
 11
437.12
 21
15.6
 31
0.0
100
AcDbText
  0
LINE
  5
381
330
17
100
AcDbEntity
  8
GRID-1M
100
AcDbLine
 10
437.12
 20
-2.0
 30
0.0
 11
476.87
 21
-2.0
 31
0.0
  0
LINE
  5
382
330
17
100
AcDbEntity
  8
GRID-1M
100
AcDbLine
 10
437.12
 20
-1.0
 30
0.0
 11
476.87
 21
-1.0
 31
0.0
  0
LINE
  5
383
330
17
100
AcDbEntity
  8
GRID-1M
100
AcDbLine
 10
437.12
 20
0.0
 30
0.0
 11
476.87
 21
0.0
 31
0.0
  0
LINE
  5
384
330
17
100
AcDbEntity
  8
GRID-1M
100
AcDbLine
 10
437.12
 20
1.0
 30
0.0
 11
476.87
 21
1.0
 31
0.0
  0
LINE
  5
385
330
17
100
AcDbEntity
  8
GRID-1M
100
AcDbLine
 10
437.12
 20
2.0
 30
0.0
 11
476.87
 21
2.0
 31
0.0
  0
LINE
  5
386
330
17
100
AcDbEntity
  8
GRID-1M
100
AcDbLine
 10
437.12
 20
3.0
 30
0.0
 11
476.87
 21
3.0
 31
0.0
  0
LINE
  5
387
330
17
100
AcDbEntity
  8
GRID-1M
100
AcDbLine
 10
437.12
 20
4.0
 30
0.0
 11
476.87
 21
4.0
 31
0.0
  0
LINE
  5
388
330
17
100
AcDbEntity
  8
GRID-1M
100
AcDbLine
 10
437.12
 20
5.0
 30
0.0
 11
476.87
 21
5.0
 31
0.0
  0
LINE
  5
389
330
17
100
AcDbEntity
  8
GRID-1M
100
AcDbLine
 10
437.12
 20
6.0
 30
0.0
 11
476.87
 21
6.0
 31
0.0
  0
LINE
  5
38A
330
17
100
AcDbEntity
  8
GRID-1M
100
AcDbLine
 10
437.12
 20
7.0
 30
0.0
 11
476.87
 21
7.0
 31
0.0
  0
LINE
  5
38B
330
17
100
AcDbEntity
  8
GRID-1M
100
AcDbLine
 10
437.12
 20
8.0
 30
0.0
 11
476.87
 21
8.0
 31
0.0
  0
LINE
  5
38C
330
17
100
AcDbEntity
  8
GRID-1M
100
AcDbLine
 10
437.12
 20
9.0
 30
0.0
 11
476.87
 21
9.0
 31
0.0
  0
LINE
  5
38D
330
17
100
AcDbEntity
  8
GRID-1M
100
AcDbLine
 10
437.12
 20
10.0
 30
0.0
 11
476.87
 21
10.0
 31
0.0
  0
LINE
  5
38E
330
17
100
AcDbEntity
  8
GRID-1M
100
AcDbLine
 10
437.12
 20
11.0
 30
0.0
 11
476.87
 21
11.0
 31
0.0
  0
LINE
  5
38F
330
17
100
AcDbEntity
  8
GRID-1M
100
AcDbLine
 10
437.12
 20
12.0
 30
0.0
 11
476.87
 21
12.0
 31
0.0
  0
LINE
  5
390
330
17
100
AcDbEntity
  8
GRID-1M
100
AcDbLine
 10
437.12
 20
13.0
 30
0.0
 11
476.87
 21
13.0
 31
0.0
  0
LINE
  5
391
330
17
100
AcDbEntity
  8
GRID-1M
100
AcDbLine
 10
437.12
 20
14.0
 30
0.0
 11
476.87
 21
14.0
 31
0.0
  0
LINE
  5
392
330
17
100
AcDbEntity
  8
GRID-1M
100
AcDbLine
 10
437.12
 20
15.0
 30
0.0
 11
476.87
 21
15.0
 31
0.0
  0
LWPOLYLINE
  5
393
330
17
100
AcDbEntity
  8
LIGNES-NIVEAU
100
AcDbPolyline
 90
2
 70
0
 43
0.06
 10
437.12
 20
-0.54
 10
476.87
 20
-0.54
  0
TEXT
  5
394
330
17
100
AcDbEntity
  8
LIGNES-NIVEAU
100
AcDbText
 10
437.32
 20
-0.39
 30
0.0
 40
0.35
  1
TN -0.54
 11
437.32
 21
-0.39
 31
0.0
100
AcDbText
  0
DIMENSION
  5
395
330
17
100
AcDbEntity
  8
MESURES
100
AcDbDimension
280
0
  2
*D30
  3
EZDXF
 10
437.12
 20
-3.2
 30
0.0
 11
456.995
 21
-2.9000000000000004
 31
0.0
 70
32
 71
5
  1
<>
100
AcDbAlignedDimension
 13
437.12
 23
-2.0
 33
0.0
 14
476.87
 24
-2.0
 34
0.0
 50
0.0
100
AcDbRotatedDimension
1001
ACAD
1000
DSTYLE
1002
{
1070
140
1040
0.4
1070
41
1040
0.25
1070
271
1070
2
1070
42
1040
0.15
1070
44
1040
0.15
1002
}
  0
LWPOLYLINE
  5
3A4
330
17
100
AcDbEntity
  8
LIGNES-NIVEAU
100
AcDbPolyline
 90
2
 70
0
 10
437.12
 20
12.54
 10
476.87
 20
12.54
  0
TEXT
  5
3A5
330
17
100
AcDbEntity
  8
LIGNES-NIVEAU
100
AcDbText
 10
437.32
 20
12.69
 30
0.0
 40
0.35
  1
sommet 12.54
 11
437.32
 21
12.69
 31
0.0
100
AcDbText
  0
DIMENSION
  5
3A6
330
17
100
AcDbEntity
  8
MESURES
100
AcDbDimension
280
0
  2
*D31
  3
EZDXF
 10
478.27
 20
-0.54
 30
0.0
 11
477.96999999999997
 21
5.999999999999999
 31
0.0
 70
32
 71
5
  1
H sommet 13.08
100
AcDbAlignedDimension
 13
476.87
 23
-0.54
 33
0.0
 14
476.87
 24
12.54
 34
0.0
 50
90.0
100
AcDbRotatedDimension
1001
ACAD
1000
DSTYLE
1002
{
1070
140
1040
0.4
1070
41
1040
0.25
1070
271
1070
2
1070
42
1040
0.15
1070
44
1040
0.15
1002
}
  0
LWPOLYLINE
  5
3B5
330
17
100
AcDbEntity
  8
LIGNES-NIVEAU
100
AcDbPolyline
 90
2
 70
0
 10
437.12
 20
8.95
 10
476.87
 20
8.95
  0
TEXT
  5
3B6
330
17
100
AcDbEntity
  8
LIGNES-NIVEAU
100
AcDbText
 10
437.32
 20
8.45
 30
0.0
 40
0.32
  1
8.95 — indéterminé (voir verif PNG)
 11
437.32
 21
8.45
 31
0.0
100
AcDbText
  0
DIMENSION
  5
3B7
330
17
100
AcDbEntity
  8
MESURES
100
AcDbDimension
280
0
  2
*D32
  3
EZDXF
 10
435.72
 20
-0.54
 30
0.0
 11
435.42
 21
4.204999999999999
 31
0.0
 70
32
 71
5
  1
H 9.49
100
AcDbAlignedDimension
 13
437.12
 23
-0.54
 33
0.0
 14
437.12
 24
8.95
 34
0.0
 50
90.0
100
AcDbRotatedDimension
1001
ACAD
1000
DSTYLE
1002
{
1070
140
1040
0.4
1070
41
1040
0.25
1070
271
1070
2
1070
42
1040
0.15
1070
44
1040
0.15
1002
}
  0
IMAGE
  5
3C8
330
17
100
AcDbEntity
  8
ELEV-Chapelle_long
100
AcDbRasterImage
 90
0
 10
486.87
 20
-2.0
 30
0.0
 11
0.014290856731461484
 21
0.0
 31
0.0
 12
8.747477136766809e-19
 22
0.014285714285714285
 32
0.0
 13
1389.0
 23
1190.0
340
3C7
 70
3
280
0
281
50
282
50
283
0
360
3C9
 71
1
 91
2
 14
-0.5
 24
-0.5
 14
1388.5
 24
1189.5
290
0
  0
TEXT
  5
3CA
330
17
100
AcDbEntity
  8
TITRES
100
AcDbText
 10
486.87
 20
15.6
 30
0.0
 40
0.55
  1
ELEVATION Chapelle_long
 11
486.87
 21
15.6
 31
0.0
100
AcDbText
  0
LINE
  5
3CB
330
17
100
AcDbEntity
  8
GRID-1M
100
AcDbLine
 10
486.87
 20
-2.0
 30
0.0
 11
506.72
 21
-2.0
 31
0.0
  0
LINE
  5
3CC
330
17
100
AcDbEntity
  8
GRID-1M
100
AcDbLine
 10
486.87
 20
-1.0
 30
0.0
 11
506.72
 21
-1.0
 31
0.0
  0
LINE
  5
3CD
330
17
100
AcDbEntity
  8
GRID-1M
100
AcDbLine
 10
486.87
 20
0.0
 30
0.0
 11
506.72
 21
0.0
 31
0.0
  0
LINE
  5
3CE
330
17
100
AcDbEntity
  8
GRID-1M
100
AcDbLine
 10
486.87
 20
1.0
 30
0.0
 11
506.72
 21
1.0
 31
0.0
  0
LINE
  5
3CF
330
17
100
AcDbEntity
  8
GRID-1M
100
AcDbLine
 10
486.87
 20
2.0
 30
0.0
 11
506.72
 21
2.0
 31
0.0
  0
LINE
  5
3D0
330
17
100
AcDbEntity
  8
GRID-1M
100
AcDbLine
 10
486.87
 20
3.0
 30
0.0
 11
506.72
 21
3.0
 31
0.0
  0
LINE
  5
3D1
330
17
100
AcDbEntity
  8
GRID-1M
100
AcDbLine
 10
486.87
 20
4.0
 30
0.0
 11
506.72
 21
4.0
 31
0.0
  0
LINE
  5
3D2
330
17
100
AcDbEntity
  8
GRID-1M
100
AcDbLine
 10
486.87
 20
5.0
 30
0.0
 11
506.72
 21
5.0
 31
0.0
  0
LINE
  5
3D3
330
17
100
AcDbEntity
  8
GRID-1M
100
AcDbLine
 10
486.87
 20
6.0
 30
0.0
 11
506.72
 21
6.0
 31
0.0
  0
LINE
  5
3D4
330
17
100
AcDbEntity
  8
GRID-1M
100
AcDbLine
 10
486.87
 20
7.0
 30
0.0
 11
506.72
 21
7.0
 31
0.0
  0
LINE
  5
3D5
330
17
100
AcDbEntity
  8
GRID-1M
100
AcDbLine
 10
486.87
 20
8.0
 30
0.0
 11
506.72
 21
8.0
 31
0.0
  0
LINE
  5
3D6
330
17
100
AcDbEntity
  8
GRID-1M
100
AcDbLine
 10
486.87
 20
9.0
 30
0.0
 11
506.72
 21
9.0
 31
0.0
  0
LINE
  5
3D7
330
17
100
AcDbEntity
  8
GRID-1M
100
AcDbLine
 10
486.87
 20
10.0
 30
0.0
 11
506.72
 21
10.0
 31
0.0
  0
LINE
  5
3D8
330
17
100
AcDbEntity
  8
GRID-1M
100
AcDbLine
 10
486.87
 20
11.0
 30
0.0
 11
506.72
 21
11.0
 31
0.0
  0
LINE
  5
3D9
330
17
100
AcDbEntity
  8
GRID-1M
100
AcDbLine
 10
486.87
 20
12.0
 30
0.0
 11
506.72
 21
12.0
 31
0.0
  0
LINE
  5
3DA
330
17
100
AcDbEntity
  8
GRID-1M
100
AcDbLine
 10
486.87
 20
13.0
 30
0.0
 11
506.72
 21
13.0
 31
0.0
  0
LINE
  5
3DB
330
17
100
AcDbEntity
  8
GRID-1M
100
AcDbLine
 10
486.87
 20
14.0
 30
0.0
 11
506.72
 21
14.0
 31
0.0
  0
LINE
  5
3DC
330
17
100
AcDbEntity
  8
GRID-1M
100
AcDbLine
 10
486.87
 20
15.0
 30
0.0
 11
506.72
 21
15.0
 31
0.0
  0
LWPOLYLINE
  5
3DD
330
17
100
AcDbEntity
  8
LIGNES-NIVEAU
100
AcDbPolyline
 90
2
 70
0
 43
0.06
 10
486.87
 20
-0.78
 10
506.72
 20
-0.78
  0
TEXT
  5
3DE
330
17
100
AcDbEntity
  8
LIGNES-NIVEAU
100
AcDbText
 10
487.07
 20
-0.63
 30
0.0
 40
0.35
  1
TN -0.78
 11
487.07
 21
-0.63
 31
0.0
100
AcDbText
  0
DIMENSION
  5
3DF
330
17
100
AcDbEntity
  8
MESURES
100
AcDbDimension
280
0
  2
*D33
  3
EZDXF
 10
486.87
 20
-3.2
 30
0.0
 11
496.795
 21
-2.9000000000000004
 31
0.0
 70
32
 71
5
  1
<>
100
AcDbAlignedDimension
 13
486.87
 23
-2.0
 33
0.0
 14
506.72
 24
-2.0
 34
0.0
 50
0.0
100
AcDbRotatedDimension
1001
ACAD
1000
DSTYLE
1002
{
1070
140
1040
0.4
1070
41
1040
0.25
1070
271
1070
2
1070
42
1040
0.15
1070
44
1040
0.15
1002
}
  0
LWPOLYLINE
  5
3EE
330
17
100
AcDbEntity
  8
LIGNES-NIVEAU
100
AcDbPolyline
 90
2
 70
0
 10
486.87
 20
11.83
 10
506.72
 20
11.83
  0
TEXT
  5
3EF
330
17
100
AcDbEntity
  8
LIGNES-NIVEAU
100
AcDbText
 10
487.07
 20
11.98
 30
0.0
 40
0.35
  1
faîtage 11.83
 11
487.07
 21
11.98
 31
0.0
100
AcDbText
  0
DIMENSION
  5
3F0
330
17
100
AcDbEntity
  8
MESURES
100
AcDbDimension
280
0
  2
*D34
  3
EZDXF
 10
508.12
 20
-0.78
 30
0.0
 11
507.82
 21
5.5249999999999995
 31
0.0
 70
32
 71
5
  1
H faîtage 12.61
100
AcDbAlignedDimension
 13
506.72
 23
-0.78
 33
0.0
 14
506.72
 24
11.83
 34
0.0
 50
90.0
100
AcDbRotatedDimension
1001
ACAD
1000
DSTYLE
1002
{
1070
140
1040
0.4
1070
41
1040
0.25
1070
271
1070
2
1070
42
1040
0.15
1070
44
1040
0.15
1002
}
  0
IMAGE
  5
401
330
17
100
AcDbEntity
  8
ELEV-Chapelle_short
100
AcDbRasterImage
 90
0
 10
511.22
 20
-2.0
 30
0.0
 11
0.014296799224054316
 21
0.0
 31
0.0
 12
8.747477136766809e-19
 22
0.014285714285714285
 32
0.0
 13
1031.0
 23
1190.0
340
400
 70
3
280
0
281
50
282
50
283
0
360
402
 71
1
 91
2
 14
-0.5
 24
-0.5
 14
1030.5
 24
1189.5
290
0
  0
TEXT
  5
403
330
17
100
AcDbEntity
  8
TITRES
100
AcDbText
 10
511.22
 20
15.6
 30
0.0
 40
0.55
  1
ELEVATION Chapelle_short
 11
511.22
 21
15.6
 31
0.0
100
AcDbText
  0
LINE
  5
404
330
17
100
AcDbEntity
  8
GRID-1M
100
AcDbLine
 10
511.22
 20
-2.0
 30
0.0
 11
525.96
 21
-2.0
 31
0.0
  0
LINE
  5
405
330
17
100
AcDbEntity
  8
GRID-1M
100
AcDbLine
 10
511.22
 20
-1.0
 30
0.0
 11
525.96
 21
-1.0
 31
0.0
  0
LINE
  5
406
330
17
100
AcDbEntity
  8
GRID-1M
100
AcDbLine
 10
511.22
 20
0.0
 30
0.0
 11
525.96
 21
0.0
 31
0.0
  0
LINE
  5
407
330
17
100
AcDbEntity
  8
GRID-1M
100
AcDbLine
 10
511.22
 20
1.0
 30
0.0
 11
525.96
 21
1.0
 31
0.0
  0
LINE
  5
408
330
17
100
AcDbEntity
  8
GRID-1M
100
AcDbLine
 10
511.22
 20
2.0
 30
0.0
 11
525.96
 21
2.0
 31
0.0
  0
LINE
  5
409
330
17
100
AcDbEntity
  8
GRID-1M
100
AcDbLine
 10
511.22
 20
3.0
 30
0.0
 11
525.96
 21
3.0
 31
0.0
  0
LINE
  5
40A
330
17
100
AcDbEntity
  8
GRID-1M
100
AcDbLine
 10
511.22
 20
4.0
 30
0.0
 11
525.96
 21
4.0
 31
0.0
  0
LINE
  5
40B
330
17
100
AcDbEntity
  8
GRID-1M
100
AcDbLine
 10
511.22
 20
5.0
 30
0.0
 11
525.96
 21
5.0
 31
0.0
  0
LINE
  5
40C
330
17
100
AcDbEntity
  8
GRID-1M
100
AcDbLine
 10
511.22
 20
6.0
 30
0.0
 11
525.96
 21
6.0
 31
0.0
  0
LINE
  5
40D
330
17
100
AcDbEntity
  8
GRID-1M
100
AcDbLine
 10
511.22
 20
7.0
 30
0.0
 11
525.96
 21
7.0
 31
0.0
  0
LINE
  5
40E
330
17
100
AcDbEntity
  8
GRID-1M
100
AcDbLine
 10
511.22
 20
8.0
 30
0.0
 11
525.96
 21
8.0
 31
0.0
  0
LINE
  5
40F
330
17
100
AcDbEntity
  8
GRID-1M
100
AcDbLine
 10
511.22
 20
9.0
 30
0.0
 11
525.96
 21
9.0
 31
0.0
  0
LINE
  5
410
330
17
100
AcDbEntity
  8
GRID-1M
100
AcDbLine
 10
511.22
 20
10.0
 30
0.0
 11
525.96
 21
10.0
 31
0.0
  0
LINE
  5
411
330
17
100
AcDbEntity
  8
GRID-1M
100
AcDbLine
 10
511.22
 20
11.0
 30
0.0
 11
525.96
 21
11.0
 31
0.0
  0
LINE
  5
412
330
17
100
AcDbEntity
  8
GRID-1M
100
AcDbLine
 10
511.22
 20
12.0
 30
0.0
 11
525.96
 21
12.0
 31
0.0
  0
LINE
  5
413
330
17
100
AcDbEntity
  8
GRID-1M
100
AcDbLine
 10
511.22
 20
13.0
 30
0.0
 11
525.96
 21
13.0
 31
0.0
  0
LINE
  5
414
330
17
100
AcDbEntity
  8
GRID-1M
100
AcDbLine
 10
511.22
 20
14.0
 30
0.0
 11
525.96
 21
14.0
 31
0.0
  0
LINE
  5
415
330
17
100
AcDbEntity
  8
GRID-1M
100
AcDbLine
 10
511.22
 20
15.0
 30
0.0
 11
525.96
 21
15.0
 31
0.0
  0
LWPOLYLINE
  5
416
330
17
100
AcDbEntity
  8
LIGNES-NIVEAU
100
AcDbPolyline
 90
2
 70
0
 43
0.06
 10
511.22
 20
-0.78
 10
525.96
 20
-0.78
  0
TEXT
  5
417
330
17
100
AcDbEntity
  8
LIGNES-NIVEAU
100
AcDbText
 10
511.42
 20
-0.63
 30
0.0
 40
0.35
  1
TN -0.78
 11
511.42
 21
-0.63
 31
0.0
100
AcDbText
  0
DIMENSION
  5
418
330
17
100
AcDbEntity
  8
MESURES
100
AcDbDimension
280
0
  2
*D35
  3
EZDXF
 10
511.22
 20
-3.2
 30
0.0
 11
518.59
 21
-2.9000000000000004
 31
0.0
 70
32
 71
5
  1
<>
100
AcDbAlignedDimension
 13
511.22
 23
-2.0
 33
0.0
 14
525.96
 24
-2.0
 34
0.0
 50
0.0
100
AcDbRotatedDimension
1001
ACAD
1000
DSTYLE
1002
{
1070
140
1040
0.4
1070
41
1040
0.25
1070
271
1070
2
1070
42
1040
0.15
1070
44
1040
0.15
1002
}
  0
LWPOLYLINE
  5
427
330
17
100
AcDbEntity
  8
LIGNES-NIVEAU
100
AcDbPolyline
 90
2
 70
0
 10
511.22
 20
11.87
 10
525.96
 20
11.87
  0
TEXT
  5
428
330
17
100
AcDbEntity
  8
LIGNES-NIVEAU
100
AcDbText
 10
511.42
 20
12.02
 30
0.0
 40
0.35
  1
faîtage 11.87
 11
511.42
 21
12.02
 31
0.0
100
AcDbText
  0
DIMENSION
  5
429
330
17
100
AcDbEntity
  8
MESURES
100
AcDbDimension
280
0
  2
*D36
  3
EZDXF
 10
527.36
 20
-0.78
 30
0.0
 11
527.0600000000001
 21
5.544999999999999
 31
0.0
 70
32
 71
5
  1
H faîtage 12.65
100
AcDbAlignedDimension
 13
525.96
 23
-0.78
 33
0.0
 14
525.96
 24
11.87
 34
0.0
 50
90.0
100
AcDbRotatedDimension
1001
ACAD
1000
DSTYLE
1002
{
1070
140
1040
0.4
1070
41
1040
0.25
1070
271
1070
2
1070
42
1040
0.15
1070
44
1040
0.15
1002
}
  0
LWPOLYLINE
  5
438
330
17
100
AcDbEntity
  8
LIGNES-NIVEAU
100
AcDbPolyline
 90
2
 70
0
 10
511.22
 20
11.05
 10
525.96
 20
11.05
  0
TEXT
  5
439
330
17
100
AcDbEntity
  8
LIGNES-NIVEAU
100
AcDbText
 10
511.42
 20
10.55
 30
0.0
 40
0.32
  1
11.05 — faîtage nef vu en bout (11.87 = sommets des pignons)
 11
511.42
 21
10.55
 31
0.0
100
AcDbText
  0
DIMENSION
  5
43A
330
17
100
AcDbEntity
  8
MESURES
100
AcDbDimension
280
0
  2
*D37
  3
EZDXF
 10
509.82000000000005
 20
-0.78
 30
0.0
 11
509.52000000000004
 21
5.135
 31
0.0
 70
32
 71
5
  1
H 11.83
100
AcDbAlignedDimension
 13
511.22
 23
-0.78
 33
0.0
 14
511.22
 24
11.05
 34
0.0
 50
90.0
100
AcDbRotatedDimension
1001
ACAD
1000
DSTYLE
1002
{
1070
140
1040
0.4
1070
41
1040
0.25
1070
271
1070
2
1070
42
1040
0.15
1070
44
1040
0.15
1002
}
  0
IMAGE
  5
44B
330
17
100
AcDbEntity
  8
COUPE-Chapelle_transv
100
AcDbRasterImage
 90
0
 10
530.46
 20
-2.0
 30
0.0
 11
0.014296799224054316
 21
0.0
 31
0.0
 12
8.747477136766809e-19
 22
0.014285714285714285
 32
0.0
 13
1031.0
 23
1190.0
340
44A
 70
3
280
0
281
50
282
50
283
0
360
44C
 71
1
 91
2
 14
-0.5
 24
-0.5
 14
1030.5
 24
1189.5
290
0
  0
TEXT
  5
44D
330
17
100
AcDbEntity
  8
TITRES
100
AcDbText
 10
530.46
 20
15.6
 30
0.0
 40
0.55
  1
COUPE Chapelle_transv
 11
530.46
 21
15.6
 31
0.0
100
AcDbText
  0
LINE
  5
44E
330
17
100
AcDbEntity
  8
GRID-1M
100
AcDbLine
 10
530.46
 20
-2.0
 30
0.0
 11
545.2
 21
-2.0
 31
0.0
  0
LINE
  5
44F
330
17
100
AcDbEntity
  8
GRID-1M
100
AcDbLine
 10
530.46
 20
-1.0
 30
0.0
 11
545.2
 21
-1.0
 31
0.0
  0
LINE
  5
450
330
17
100
AcDbEntity
  8
GRID-1M
100
AcDbLine
 10
530.46
 20
0.0
 30
0.0
 11
545.2
 21
0.0
 31
0.0
  0
LINE
  5
451
330
17
100
AcDbEntity
  8
GRID-1M
100
AcDbLine
 10
530.46
 20
1.0
 30
0.0
 11
545.2
 21
1.0
 31
0.0
  0
LINE
  5
452
330
17
100
AcDbEntity
  8
GRID-1M
100
AcDbLine
 10
530.46
 20
2.0
 30
0.0
 11
545.2
 21
2.0
 31
0.0
  0
LINE
  5
453
330
17
100
AcDbEntity
  8
GRID-1M
100
AcDbLine
 10
530.46
 20
3.0
 30
0.0
 11
545.2
 21
3.0
 31
0.0
  0
LINE
  5
454
330
17
100
AcDbEntity
  8
GRID-1M
100
AcDbLine
 10
530.46
 20
4.0
 30
0.0
 11
545.2
 21
4.0
 31
0.0
  0
LINE
  5
455
330
17
100
AcDbEntity
  8
GRID-1M
100
AcDbLine
 10
530.46
 20
5.0
 30
0.0
 11
545.2
 21
5.0
 31
0.0
  0
LINE
  5
456
330
17
100
AcDbEntity
  8
GRID-1M
100
AcDbLine
 10
530.46
 20
6.0
 30
0.0
 11
545.2
 21
6.0
 31
0.0
  0
LINE
  5
457
330
17
100
AcDbEntity
  8
GRID-1M
100
AcDbLine
 10
530.46
 20
7.0
 30
0.0
 11
545.2
 21
7.0
 31
0.0
  0
LINE
  5
458
330
17
100
AcDbEntity
  8
GRID-1M
100
AcDbLine
 10
530.46
 20
8.0
 30
0.0
 11
545.2
 21
8.0
 31
0.0
  0
LINE
  5
459
330
17
100
AcDbEntity
  8
GRID-1M
100
AcDbLine
 10
530.46
 20
9.0
 30
0.0
 11
545.2
 21
9.0
 31
0.0
  0
LINE
  5
45A
330
17
100
AcDbEntity
  8
GRID-1M
100
AcDbLine
 10
530.46
 20
10.0
 30
0.0
 11
545.2
 21
10.0
 31
0.0
  0
LINE
  5
45B
330
17
100
AcDbEntity
  8
GRID-1M
100
AcDbLine
 10
530.46
 20
11.0
 30
0.0
 11
545.2
 21
11.0
 31
0.0
  0
LINE
  5
45C
330
17
100
AcDbEntity
  8
GRID-1M
100
AcDbLine
 10
530.46
 20
12.0
 30
0.0
 11
545.2
 21
12.0
 31
0.0
  0
LINE
  5
45D
330
17
100
AcDbEntity
  8
GRID-1M
100
AcDbLine
 10
530.46
 20
13.0
 30
0.0
 11
545.2
 21
13.0
 31
0.0
  0
LINE
  5
45E
330
17
100
AcDbEntity
  8
GRID-1M
100
AcDbLine
 10
530.46
 20
14.0
 30
0.0
 11
545.2
 21
14.0
 31
0.0
  0
LINE
  5
45F
330
17
100
AcDbEntity
  8
GRID-1M
100
AcDbLine
 10
530.46
 20
15.0
 30
0.0
 11
545.2
 21
15.0
 31
0.0
  0
LWPOLYLINE
  5
460
330
17
100
AcDbEntity
  8
LIGNES-NIVEAU
100
AcDbPolyline
 90
2
 70
0
 43
0.06
 10
530.46
 20
-0.78
 10
545.2
 20
-0.78
  0
TEXT
  5
461
330
17
100
AcDbEntity
  8
LIGNES-NIVEAU
100
AcDbText
 10
530.6600000000001
 20
-0.63
 30
0.0
 40
0.35
  1
TN -0.78
 11
530.6600000000001
 21
-0.63
 31
0.0
100
AcDbText
  0
DIMENSION
  5
462
330
17
100
AcDbEntity
  8
MESURES
100
AcDbDimension
280
0
  2
*D38
  3
EZDXF
 10
530.46
 20
-3.2
 30
0.0
 11
537.83
 21
-2.9000000000000004
 31
0.0
 70
32
 71
5
  1
<>
100
AcDbAlignedDimension
 13
530.46
 23
-2.0
 33
0.0
 14
545.2
 24
-2.0
 34
0.0
 50
0.0
100
AcDbRotatedDimension
1001
ACAD
1000
DSTYLE
1002
{
1070
140
1040
0.4
1070
41
1040
0.25
1070
271
1070
2
1070
42
1040
0.15
1070
44
1040
0.15
1002
}
  0
LWPOLYLINE
  5
471
330
17
100
AcDbEntity
  8
LIGNES-NIVEAU
100
AcDbPolyline
 90
2
 70
0
 10
530.46
 20
11.54
 10
545.2
 20
11.54
  0
TEXT
  5
472
330
17
100
AcDbEntity
  8
LIGNES-NIVEAU
100
AcDbText
 10
530.6600000000001
 20
11.69
 30
0.0
 40
0.35
  1
sommet 11.54
 11
530.6600000000001
 21
11.69
 31
0.0
100
AcDbText
  0
DIMENSION
  5
473
330
17
100
AcDbEntity
  8
MESURES
100
AcDbDimension
280
0
  2
*D39
  3
EZDXF
 10
546.6
 20
-0.78
 30
0.0
 11
546.3000000000001
 21
5.379999999999999
 31
0.0
 70
32
 71
5
  1
H sommet 12.32
100
AcDbAlignedDimension
 13
545.2
 23
-0.78
 33
0.0
 14
545.2
 24
11.54
 34
0.0
 50
90.0
100
AcDbRotatedDimension
1001
ACAD
1000
DSTYLE
1002
{
1070
140
1040
0.4
1070
41
1040
0.25
1070
271
1070
2
1070
42
1040
0.15
1070
44
1040
0.15
1002
}
  0
IMAGE
  5
484
330
17
100
AcDbEntity
  8
COUPE-Chapelle_longit
100
AcDbRasterImage
 90
0
 10
549.7
 20
-2.0
 30
0.0
 11
0.014290856731461484
 21
0.0
 31
0.0
 12
8.747477136766809e-19
 22
0.014285714285714285
 32
0.0
 13
1389.0
 23
1190.0
340
483
 70
3
280
0
281
50
282
50
283
0
360
485
 71
1
 91
2
 14
-0.5
 24
-0.5
 14
1388.5
 24
1189.5
290
0
  0
TEXT
  5
486
330
17
100
AcDbEntity
  8
TITRES
100
AcDbText
 10
549.7
 20
15.6
 30
0.0
 40
0.55
  1
COUPE Chapelle_longit
 11
549.7
 21
15.6
 31
0.0
100
AcDbText
  0
LINE
  5
487
330
17
100
AcDbEntity
  8
GRID-1M
100
AcDbLine
 10
549.7
 20
-2.0
 30
0.0
 11
569.5500000000001
 21
-2.0
 31
0.0
  0
LINE
  5
488
330
17
100
AcDbEntity
  8
GRID-1M
100
AcDbLine
 10
549.7
 20
-1.0
 30
0.0
 11
569.5500000000001
 21
-1.0
 31
0.0
  0
LINE
  5
489
330
17
100
AcDbEntity
  8
GRID-1M
100
AcDbLine
 10
549.7
 20
0.0
 30
0.0
 11
569.5500000000001
 21
0.0
 31
0.0
  0
LINE
  5
48A
330
17
100
AcDbEntity
  8
GRID-1M
100
AcDbLine
 10
549.7
 20
1.0
 30
0.0
 11
569.5500000000001
 21
1.0
 31
0.0
  0
LINE
  5
48B
330
17
100
AcDbEntity
  8
GRID-1M
100
AcDbLine
 10
549.7
 20
2.0
 30
0.0
 11
569.5500000000001
 21
2.0
 31
0.0
  0
LINE
  5
48C
330
17
100
AcDbEntity
  8
GRID-1M
100
AcDbLine
 10
549.7
 20
3.0
 30
0.0
 11
569.5500000000001
 21
3.0
 31
0.0
  0
LINE
  5
48D
330
17
100
AcDbEntity
  8
GRID-1M
100
AcDbLine
 10
549.7
 20
4.0
 30
0.0
 11
569.5500000000001
 21
4.0
 31
0.0
  0
LINE
  5
48E
330
17
100
AcDbEntity
  8
GRID-1M
100
AcDbLine
 10
549.7
 20
5.0
 30
0.0
 11
569.5500000000001
 21
5.0
 31
0.0
  0
LINE
  5
48F
330
17
100
AcDbEntity
  8
GRID-1M
100
AcDbLine
 10
549.7
 20
6.0
 30
0.0
 11
569.5500000000001
 21
6.0
 31
0.0
  0
LINE
  5
490
330
17
100
AcDbEntity
  8
GRID-1M
100
AcDbLine
 10
549.7
 20
7.0
 30
0.0
 11
569.5500000000001
 21
7.0
 31
0.0
  0
LINE
  5
491
330
17
100
AcDbEntity
  8
GRID-1M
100
AcDbLine
 10
549.7
 20
8.0
 30
0.0
 11
569.5500000000001
 21
8.0
 31
0.0
  0
LINE
  5
492
330
17
100
AcDbEntity
  8
GRID-1M
100
AcDbLine
 10
549.7
 20
9.0
 30
0.0
 11
569.5500000000001
 21
9.0
 31
0.0
  0
LINE
  5
493
330
17
100
AcDbEntity
  8
GRID-1M
100
AcDbLine
 10
549.7
 20
10.0
 30
0.0
 11
569.5500000000001
 21
10.0
 31
0.0
  0
LINE
  5
494
330
17
100
AcDbEntity
  8
GRID-1M
100
AcDbLine
 10
549.7
 20
11.0
 30
0.0
 11
569.5500000000001
 21
11.0
 31
0.0
  0
LINE
  5
495
330
17
100
AcDbEntity
  8
GRID-1M
100
AcDbLine
 10
549.7
 20
12.0
 30
0.0
 11
569.5500000000001
 21
12.0
 31
0.0
  0
LINE
  5
496
330
17
100
AcDbEntity
  8
GRID-1M
100
AcDbLine
 10
549.7
 20
13.0
 30
0.0
 11
569.5500000000001
 21
13.0
 31
0.0
  0
LINE
  5
497
330
17
100
AcDbEntity
  8
GRID-1M
100
AcDbLine
 10
549.7
 20
14.0
 30
0.0
 11
569.5500000000001
 21
14.0
 31
0.0
  0
LINE
  5
498
330
17
100
AcDbEntity
  8
GRID-1M
100
AcDbLine
 10
549.7
 20
15.0
 30
0.0
 11
569.5500000000001
 21
15.0
 31
0.0
  0
LWPOLYLINE
  5
499
330
17
100
AcDbEntity
  8
LIGNES-NIVEAU
100
AcDbPolyline
 90
2
 70
0
 43
0.06
 10
549.7
 20
-0.78
 10
569.5500000000001
 20
-0.78
  0
TEXT
  5
49A
330
17
100
AcDbEntity
  8
LIGNES-NIVEAU
100
AcDbText
 10
549.9000000000001
 20
-0.63
 30
0.0
 40
0.35
  1
TN -0.78
 11
549.9000000000001
 21
-0.63
 31
0.0
100
AcDbText
  0
DIMENSION
  5
49B
330
17
100
AcDbEntity
  8
MESURES
100
AcDbDimension
280
0
  2
*D40
  3
EZDXF
 10
549.7
 20
-3.2
 30
0.0
 11
559.625
 21
-2.9000000000000004
 31
0.0
 70
32
 71
5
  1
<>
100
AcDbAlignedDimension
 13
549.7
 23
-2.0
 33
0.0
 14
569.5500000000001
 24
-2.0
 34
0.0
 50
0.0
100
AcDbRotatedDimension
1001
ACAD
1000
DSTYLE
1002
{
1070
140
1040
0.4
1070
41
1040
0.25
1070
271
1070
2
1070
42
1040
0.15
1070
44
1040
0.15
1002
}
  0
LWPOLYLINE
  5
4AA
330
17
100
AcDbEntity
  8
LIGNES-NIVEAU
100
AcDbPolyline
 90
2
 70
0
 10
549.7
 20
10.84
 10
569.5500000000001
 20
10.84
  0
TEXT
  5
4AB
330
17
100
AcDbEntity
  8
LIGNES-NIVEAU
100
AcDbText
 10
549.9000000000001
 20
10.99
 30
0.0
 40
0.35
  1
sommet 10.84
 11
549.9000000000001
 21
10.99
 31
0.0
100
AcDbText
  0
DIMENSION
  5
4AC
330
17
100
AcDbEntity
  8
MESURES
100
AcDbDimension
280
0
  2
*D41
  3
EZDXF
 10
570.95
 20
-0.78
 30
0.0
 11
570.6500000000001
 21
5.029999999999999
 31
0.0
 70
32
 71
5
  1
H sommet 11.62
100
AcDbAlignedDimension
 13
569.5500000000001
 23
-0.78
 33
0.0
 14
569.5500000000001
 24
10.84
 34
0.0
 50
90.0
100
AcDbRotatedDimension
1001
ACAD
1000
DSTYLE
1002
{
1070
140
1040
0.4
1070
41
1040
0.25
1070
271
1070
2
1070
42
1040
0.15
1070
44
1040
0.15
1002
}
  0
LWPOLYLINE
  5
4BB
330
17
100
AcDbEntity
  8
LIGNES-NIVEAU
100
AcDbPolyline
 90
2
 70
0
 10
549.7
 20
9.55
 10
569.5500000000001
 20
9.55
  0
TEXT
  5
4BC
330
17
100
AcDbEntity
  8
LIGNES-NIVEAU
100
AcDbText
 10
549.9000000000001
 20
9.05
 30
0.0
 40
0.32
  1
9.55 — indéterminé (voir verif PNG)
 11
549.9000000000001
 21
9.05
 31
0.0
100
AcDbText
  0
DIMENSION
  5
4BD
330
17
100
AcDbEntity
  8
MESURES
100
AcDbDimension
280
0
  2
*D42
  3
EZDXF
 10
548.3000000000001
 20
-0.78
 30
0.0
 11
548.0000000000001
 21
4.385
 31
0.0
 70
32
 71
5
  1
H 10.33
100
AcDbAlignedDimension
 13
549.7
 23
-0.78
 33
0.0
 14
549.7
 24
9.55
 34
0.0
 50
90.0
100
AcDbRotatedDimension
1001
ACAD
1000
DSTYLE
1002
{
1070
140
1040
0.4
1070
41
1040
0.25
1070
271
1070
2
1070
42
1040
0.15
1070
44
1040
0.15
1002
}
  0
IMAGE
  5
4CE
330
17
100
AcDbEntity
  8
ELEV-Maisonprincipale_long
100
AcDbRasterImage
 90
0
 10
579.5500000000001
 20
-2.0
 30
0.0
 11
0.014284532671629446
 21
0.0
 31
0.0
 12
8.747477136766809e-19
 22
0.014285714285714285
 32
0.0
 13
1209.0
 23
1190.0
340
4CD
 70
3
280
0
281
50
282
50
283
0
360
4CF
 71
1
 91
2
 14
-0.5
 24
-0.5
 14
1208.5
 24
1189.5
290
0
  0
TEXT
  5
4D0
330
17
100
AcDbEntity
  8
TITRES
100
AcDbText
 10
579.5500000000001
 20
15.6
 30
0.0
 40
0.55
  1
ELEVATION Maisonprincipale_long
 11
579.5500000000001
 21
15.6
 31
0.0
100
AcDbText
  0
LINE
  5
4D1
330
17
100
AcDbEntity
  8
GRID-1M
100
AcDbLine
 10
579.5500000000001
 20
-2.0
 30
0.0
 11
596.82
 21
-2.0
 31
0.0
  0
LINE
  5
4D2
330
17
100
AcDbEntity
  8
GRID-1M
100
AcDbLine
 10
579.5500000000001
 20
-1.0
 30
0.0
 11
596.82
 21
-1.0
 31
0.0
  0
LINE
  5
4D3
330
17
100
AcDbEntity
  8
GRID-1M
100
AcDbLine
 10
579.5500000000001
 20
0.0
 30
0.0
 11
596.82
 21
0.0
 31
0.0
  0
LINE
  5
4D4
330
17
100
AcDbEntity
  8
GRID-1M
100
AcDbLine
 10
579.5500000000001
 20
1.0
 30
0.0
 11
596.82
 21
1.0
 31
0.0
  0
LINE
  5
4D5
330
17
100
AcDbEntity
  8
GRID-1M
100
AcDbLine
 10
579.5500000000001
 20
2.0
 30
0.0
 11
596.82
 21
2.0
 31
0.0
  0
LINE
  5
4D6
330
17
100
AcDbEntity
  8
GRID-1M
100
AcDbLine
 10
579.5500000000001
 20
3.0
 30
0.0
 11
596.82
 21
3.0
 31
0.0
  0
LINE
  5
4D7
330
17
100
AcDbEntity
  8
GRID-1M
100
AcDbLine
 10
579.5500000000001
 20
4.0
 30
0.0
 11
596.82
 21
4.0
 31
0.0
  0
LINE
  5
4D8
330
17
100
AcDbEntity
  8
GRID-1M
100
AcDbLine
 10
579.5500000000001
 20
5.0
 30
0.0
 11
596.82
 21
5.0
 31
0.0
  0
LINE
  5
4D9
330
17
100
AcDbEntity
  8
GRID-1M
100
AcDbLine
 10
579.5500000000001
 20
6.0
 30
0.0
 11
596.82
 21
6.0
 31
0.0
  0
LINE
  5
4DA
330
17
100
AcDbEntity
  8
GRID-1M
100
AcDbLine
 10
579.5500000000001
 20
7.0
 30
0.0
 11
596.82
 21
7.0
 31
0.0
  0
LINE
  5
4DB
330
17
100
AcDbEntity
  8
GRID-1M
100
AcDbLine
 10
579.5500000000001
 20
8.0
 30
0.0
 11
596.82
 21
8.0
 31
0.0
  0
LINE
  5
4DC
330
17
100
AcDbEntity
  8
GRID-1M
100
AcDbLine
 10
579.5500000000001
 20
9.0
 30
0.0
 11
596.82
 21
9.0
 31
0.0
  0
LINE
  5
4DD
330
17
100
AcDbEntity
  8
GRID-1M
100
AcDbLine
 10
579.5500000000001
 20
10.0
 30
0.0
 11
596.82
 21
10.0
 31
0.0
  0
LINE
  5
4DE
330
17
100
AcDbEntity
  8
GRID-1M
100
AcDbLine
 10
579.5500000000001
 20
11.0
 30
0.0
 11
596.82
 21
11.0
 31
0.0
  0
LINE
  5
4DF
330
17
100
AcDbEntity
  8
GRID-1M
100
AcDbLine
 10
579.5500000000001
 20
12.0
 30
0.0
 11
596.82
 21
12.0
 31
0.0
  0
LINE
  5
4E0
330
17
100
AcDbEntity
  8
GRID-1M
100
AcDbLine
 10
579.5500000000001
 20
13.0
 30
0.0
 11
596.82
 21
13.0
 31
0.0
  0
LINE
  5
4E1
330
17
100
AcDbEntity
  8
GRID-1M
100
AcDbLine
 10
579.5500000000001
 20
14.0
 30
0.0
 11
596.82
 21
14.0
 31
0.0
  0
LINE
  5
4E2
330
17
100
AcDbEntity
  8
GRID-1M
100
AcDbLine
 10
579.5500000000001
 20
15.0
 30
0.0
 11
596.82
 21
15.0
 31
0.0
  0
LWPOLYLINE
  5
4E3
330
17
100
AcDbEntity
  8
LIGNES-NIVEAU
100
AcDbPolyline
 90
2
 70
0
 43
0.06
 10
579.5500000000001
 20
-2.0
 10
596.82
 20
-2.0
  0
TEXT
  5
4E4
330
17
100
AcDbEntity
  8
LIGNES-NIVEAU
100
AcDbText
 10
579.7500000000001
 20
-1.85
 30
0.0
 40
0.35
  1
TN -2.71 (sous fenêtre)
 11
579.7500000000001
 21
-1.85
 31
0.0
100
AcDbText
  0
DIMENSION
  5
4E5
330
17
100
AcDbEntity
  8
MESURES
100
AcDbDimension
280
0
  2
*D43
  3
EZDXF
 10
579.5500000000001
 20
-3.2
 30
0.0
 11
588.1850000000001
 21
-2.9000000000000004
 31
0.0
 70
32
 71
5
  1
<>
100
AcDbAlignedDimension
 13
579.5500000000001
 23
-2.0
 33
0.0
 14
596.82
 24
-2.0
 34
0.0
 50
0.0
100
AcDbRotatedDimension
1001
ACAD
1000
DSTYLE
1002
{
1070
140
1040
0.4
1070
41
1040
0.25
1070
271
1070
2
1070
42
1040
0.15
1070
44
1040
0.15
1002
}
  0
LWPOLYLINE
  5
4F4
330
17
100
AcDbEntity
  8
LIGNES-NIVEAU
100
AcDbPolyline
 90
2
 70
0
 10
579.5500000000001
 20
15.0
 10
596.82
 20
15.0
  0
TEXT
  5
4F5
330
17
100
AcDbEntity
  8
LIGNES-NIVEAU
100
AcDbText
 10
579.7500000000001
 20
15.15
 30
0.0
 40
0.35
  1
faîtage 15.00 ≥(tronqué fenêtre z)
 11
579.7500000000001
 21
15.15
 31
0.0
100
AcDbText
  0
DIMENSION
  5
4F6
330
17
100
AcDbEntity
  8
MESURES
100
AcDbDimension
280
0
  2
*D44
  3
EZDXF
 10
598.22
 20
-2.71
 30
0.0
 11
597.9200000000001
 21
6.1450000000000005
 31
0.0
 70
32
 71
5
  1
H faîtage ≥17.71
100
AcDbAlignedDimension
 13
596.82
 23
-2.71
 33
0.0
 14
596.82
 24
15.0
 34
0.0
 50
90.0
100
AcDbRotatedDimension
1001
ACAD
1000
DSTYLE
1002
{
1070
140
1040
0.4
1070
41
1040
0.25
1070
271
1070
2
1070
42
1040
0.15
1070
44
1040
0.15
1002
}
  0
IMAGE
  5
507
330
17
100
AcDbEntity
  8
ELEV-Maisonprincipale_short
100
AcDbRasterImage
 90
0
 10
601.32
 20
-2.0
 30
0.0
 11
0.014298808432630613
 21
0.0
 31
0.0
 12
8.747477136766809e-19
 22
0.014285714285714285
 32
0.0
 13
1091.0
 23
1190.0
340
506
 70
3
280
0
281
50
282
50
283
0
360
508
 71
1
 91
2
 14
-0.5
 24
-0.5
 14
1090.5
 24
1189.5
290
0
  0
TEXT
  5
509
330
17
100
AcDbEntity
  8
TITRES
100
AcDbText
 10
601.32
 20
15.6
 30
0.0
 40
0.55
  1
ELEVATION Maisonprincipale_short
 11
601.32
 21
15.6
 31
0.0
100
AcDbText
  0
LINE
  5
50A
330
17
100
AcDbEntity
  8
GRID-1M
100
AcDbLine
 10
601.32
 20
-2.0
 30
0.0
 11
616.9200000000001
 21
-2.0
 31
0.0
  0
LINE
  5
50B
330
17
100
AcDbEntity
  8
GRID-1M
100
AcDbLine
 10
601.32
 20
-1.0
 30
0.0
 11
616.9200000000001
 21
-1.0
 31
0.0
  0
LINE
  5
50C
330
17
100
AcDbEntity
  8
GRID-1M
100
AcDbLine
 10
601.32
 20
0.0
 30
0.0
 11
616.9200000000001
 21
0.0
 31
0.0
  0
LINE
  5
50D
330
17
100
AcDbEntity
  8
GRID-1M
100
AcDbLine
 10
601.32
 20
1.0
 30
0.0
 11
616.9200000000001
 21
1.0
 31
0.0
  0
LINE
  5
50E
330
17
100
AcDbEntity
  8
GRID-1M
100
AcDbLine
 10
601.32
 20
2.0
 30
0.0
 11
616.9200000000001
 21
2.0
 31
0.0
  0
LINE
  5
50F
330
17
100
AcDbEntity
  8
GRID-1M
100
AcDbLine
 10
601.32
 20
3.0
 30
0.0
 11
616.9200000000001
 21
3.0
 31
0.0
  0
LINE
  5
510
330
17
100
AcDbEntity
  8
GRID-1M
100
AcDbLine
 10
601.32
 20
4.0
 30
0.0
 11
616.9200000000001
 21
4.0
 31
0.0
  0
LINE
  5
511
330
17
100
AcDbEntity
  8
GRID-1M
100
AcDbLine
 10
601.32
 20
5.0
 30
0.0
 11
616.9200000000001
 21
5.0
 31
0.0
  0
LINE
  5
512
330
17
100
AcDbEntity
  8
GRID-1M
100
AcDbLine
 10
601.32
 20
6.0
 30
0.0
 11
616.9200000000001
 21
6.0
 31
0.0
  0
LINE
  5
513
330
17
100
AcDbEntity
  8
GRID-1M
100
AcDbLine
 10
601.32
 20
7.0
 30
0.0
 11
616.9200000000001
 21
7.0
 31
0.0
  0
LINE
  5
514
330
17
100
AcDbEntity
  8
GRID-1M
100
AcDbLine
 10
601.32
 20
8.0
 30
0.0
 11
616.9200000000001
 21
8.0
 31
0.0
  0
LINE
  5
515
330
17
100
AcDbEntity
  8
GRID-1M
100
AcDbLine
 10
601.32
 20
9.0
 30
0.0
 11
616.9200000000001
 21
9.0
 31
0.0
  0
LINE
  5
516
330
17
100
AcDbEntity
  8
GRID-1M
100
AcDbLine
 10
601.32
 20
10.0
 30
0.0
 11
616.9200000000001
 21
10.0
 31
0.0
  0
LINE
  5
517
330
17
100
AcDbEntity
  8
GRID-1M
100
AcDbLine
 10
601.32
 20
11.0
 30
0.0
 11
616.9200000000001
 21
11.0
 31
0.0
  0
LINE
  5
518
330
17
100
AcDbEntity
  8
GRID-1M
100
AcDbLine
 10
601.32
 20
12.0
 30
0.0
 11
616.9200000000001
 21
12.0
 31
0.0
  0
LINE
  5
519
330
17
100
AcDbEntity
  8
GRID-1M
100
AcDbLine
 10
601.32
 20
13.0
 30
0.0
 11
616.9200000000001
 21
13.0
 31
0.0
  0
LINE
  5
51A
330
17
100
AcDbEntity
  8
GRID-1M
100
AcDbLine
 10
601.32
 20
14.0
 30
0.0
 11
616.9200000000001
 21
14.0
 31
0.0
  0
LINE
  5
51B
330
17
100
AcDbEntity
  8
GRID-1M
100
AcDbLine
 10
601.32
 20
15.0
 30
0.0
 11
616.9200000000001
 21
15.0
 31
0.0
  0
LWPOLYLINE
  5
51C
330
17
100
AcDbEntity
  8
LIGNES-NIVEAU
100
AcDbPolyline
 90
2
 70
0
 43
0.06
 10
601.32
 20
-2.0
 10
616.9200000000001
 20
-2.0
  0
TEXT
  5
51D
330
17
100
AcDbEntity
  8
LIGNES-NIVEAU
100
AcDbText
 10
601.5200000000001
 20
-1.85
 30
0.0
 40
0.35
  1
TN -2.71 (sous fenêtre)
 11
601.5200000000001
 21
-1.85
 31
0.0
100
AcDbText
  0
DIMENSION
  5
51E
330
17
100
AcDbEntity
  8
MESURES
100
AcDbDimension
280
0
  2
*D45
  3
EZDXF
 10
601.32
 20
-3.2
 30
0.0
 11
609.1200000000001
 21
-2.9000000000000004
 31
0.0
 70
32
 71
5
  1
<>
100
AcDbAlignedDimension
 13
601.32
 23
-2.0
 33
0.0
 14
616.9200000000001
 24
-2.0
 34
0.0
 50
0.0
100
AcDbRotatedDimension
1001
ACAD
1000
DSTYLE
1002
{
1070
140
1040
0.4
1070
41
1040
0.25
1070
271
1070
2
1070
42
1040
0.15
1070
44
1040
0.15
1002
}
  0
LWPOLYLINE
  5
52D
330
17
100
AcDbEntity
  8
LIGNES-NIVEAU
100
AcDbPolyline
 90
2
 70
0
 10
601.32
 20
15.0
 10
616.9200000000001
 20
15.0
  0
TEXT
  5
52E
330
17
100
AcDbEntity
  8
LIGNES-NIVEAU
100
AcDbText
 10
601.5200000000001
 20
15.15
 30
0.0
 40
0.35
  1
faîtage 15.00 ≥(tronqué fenêtre z)
 11
601.5200000000001
 21
15.15
 31
0.0
100
AcDbText
  0
DIMENSION
  5
52F
330
17
100
AcDbEntity
  8
MESURES
100
AcDbDimension
280
0
  2
*D46
  3
EZDXF
 10
618.32
 20
-2.71
 30
0.0
 11
618.0200000000001
 21
6.1450000000000005
 31
0.0
 70
32
 71
5
  1
H faîtage ≥17.71
100
AcDbAlignedDimension
 13
616.9200000000001
 23
-2.71
 33
0.0
 14
616.9200000000001
 24
15.0
 34
0.0
 50
90.0
100
AcDbRotatedDimension
1001
ACAD
1000
DSTYLE
1002
{
1070
140
1040
0.4
1070
41
1040
0.25
1070
271
1070
2
1070
42
1040
0.15
1070
44
1040
0.15
1002
}
  0
IMAGE
  5
540
330
17
100
AcDbEntity
  8
COUPE-Maisonprincipale_transv
100
AcDbRasterImage
 90
0
 10
621.4200000000001
 20
-2.0
 30
0.0
 11
0.014298808432630613
 21
0.0
 31
0.0
 12
8.747477136766809e-19
 22
0.014285714285714285
 32
0.0
 13
1091.0
 23
1190.0
340
53F
 70
3
280
0
281
50
282
50
283
0
360
541
 71
1
 91
2
 14
-0.5
 24
-0.5
 14
1090.5
 24
1189.5
290
0
  0
TEXT
  5
542
330
17
100
AcDbEntity
  8
TITRES
100
AcDbText
 10
621.4200000000001
 20
15.6
 30
0.0
 40
0.55
  1
COUPE Maisonprincipale_transv
 11
621.4200000000001
 21
15.6
 31
0.0
100
AcDbText
  0
LINE
  5
543
330
17
100
AcDbEntity
  8
GRID-1M
100
AcDbLine
 10
621.4200000000001
 20
-2.0
 30
0.0
 11
637.0200000000001
 21
-2.0
 31
0.0
  0
LINE
  5
544
330
17
100
AcDbEntity
  8
GRID-1M
100
AcDbLine
 10
621.4200000000001
 20
-1.0
 30
0.0
 11
637.0200000000001
 21
-1.0
 31
0.0
  0
LINE
  5
545
330
17
100
AcDbEntity
  8
GRID-1M
100
AcDbLine
 10
621.4200000000001
 20
0.0
 30
0.0
 11
637.0200000000001
 21
0.0
 31
0.0
  0
LINE
  5
546
330
17
100
AcDbEntity
  8
GRID-1M
100
AcDbLine
 10
621.4200000000001
 20
1.0
 30
0.0
 11
637.0200000000001
 21
1.0
 31
0.0
  0
LINE
  5
547
330
17
100
AcDbEntity
  8
GRID-1M
100
AcDbLine
 10
621.4200000000001
 20
2.0
 30
0.0
 11
637.0200000000001
 21
2.0
 31
0.0
  0
LINE
  5
548
330
17
100
AcDbEntity
  8
GRID-1M
100
AcDbLine
 10
621.4200000000001
 20
3.0
 30
0.0
 11
637.0200000000001
 21
3.0
 31
0.0
  0
LINE
  5
549
330
17
100
AcDbEntity
  8
GRID-1M
100
AcDbLine
 10
621.4200000000001
 20
4.0
 30
0.0
 11
637.0200000000001
 21
4.0
 31
0.0
  0
LINE
  5
54A
330
17
100
AcDbEntity
  8
GRID-1M
100
AcDbLine
 10
621.4200000000001
 20
5.0
 30
0.0
 11
637.0200000000001
 21
5.0
 31
0.0
  0
LINE
  5
54B
330
17
100
AcDbEntity
  8
GRID-1M
100
AcDbLine
 10
621.4200000000001
 20
6.0
 30
0.0
 11
637.0200000000001
 21
6.0
 31
0.0
  0
LINE
  5
54C
330
17
100
AcDbEntity
  8
GRID-1M
100
AcDbLine
 10
621.4200000000001
 20
7.0
 30
0.0
 11
637.0200000000001
 21
7.0
 31
0.0
  0
LINE
  5
54D
330
17
100
AcDbEntity
  8
GRID-1M
100
AcDbLine
 10
621.4200000000001
 20
8.0
 30
0.0
 11
637.0200000000001
 21
8.0
 31
0.0
  0
LINE
  5
54E
330
17
100
AcDbEntity
  8
GRID-1M
100
AcDbLine
 10
621.4200000000001
 20
9.0
 30
0.0
 11
637.0200000000001
 21
9.0
 31
0.0
  0
LINE
  5
54F
330
17
100
AcDbEntity
  8
GRID-1M
100
AcDbLine
 10
621.4200000000001
 20
10.0
 30
0.0
 11
637.0200000000001
 21
10.0
 31
0.0
  0
LINE
  5
550
330
17
100
AcDbEntity
  8
GRID-1M
100
AcDbLine
 10
621.4200000000001
 20
11.0
 30
0.0
 11
637.0200000000001
 21
11.0
 31
0.0
  0
LINE
  5
551
330
17
100
AcDbEntity
  8
GRID-1M
100
AcDbLine
 10
621.4200000000001
 20
12.0
 30
0.0
 11
637.0200000000001
 21
12.0
 31
0.0
  0
LINE
  5
552
330
17
100
AcDbEntity
  8
GRID-1M
100
AcDbLine
 10
621.4200000000001
 20
13.0
 30
0.0
 11
637.0200000000001
 21
13.0
 31
0.0
  0
LINE
  5
553
330
17
100
AcDbEntity
  8
GRID-1M
100
AcDbLine
 10
621.4200000000001
 20
14.0
 30
0.0
 11
637.0200000000001
 21
14.0
 31
0.0
  0
LINE
  5
554
330
17
100
AcDbEntity
  8
GRID-1M
100
AcDbLine
 10
621.4200000000001
 20
15.0
 30
0.0
 11
637.0200000000001
 21
15.0
 31
0.0
  0
LWPOLYLINE
  5
555
330
17
100
AcDbEntity
  8
LIGNES-NIVEAU
100
AcDbPolyline
 90
2
 70
0
 43
0.06
 10
621.4200000000001
 20
-2.0
 10
637.0200000000001
 20
-2.0
  0
TEXT
  5
556
330
17
100
AcDbEntity
  8
LIGNES-NIVEAU
100
AcDbText
 10
621.6200000000001
 20
-1.85
 30
0.0
 40
0.35
  1
TN -2.71 (sous fenêtre)
 11
621.6200000000001
 21
-1.85
 31
0.0
100
AcDbText
  0
DIMENSION
  5
557
330
17
100
AcDbEntity
  8
MESURES
100
AcDbDimension
280
0
  2
*D47
  3
EZDXF
 10
621.4200000000001
 20
-3.2
 30
0.0
 11
629.22
 21
-2.9000000000000004
 31
0.0
 70
32
 71
5
  1
<>
100
AcDbAlignedDimension
 13
621.4200000000001
 23
-2.0
 33
0.0
 14
637.0200000000001
 24
-2.0
 34
0.0
 50
0.0
100
AcDbRotatedDimension
1001
ACAD
1000
DSTYLE
1002
{
1070
140
1040
0.4
1070
41
1040
0.25
1070
271
1070
2
1070
42
1040
0.15
1070
44
1040
0.15
1002
}
  0
LWPOLYLINE
  5
566
330
17
100
AcDbEntity
  8
LIGNES-NIVEAU
100
AcDbPolyline
 90
2
 70
0
 10
621.4200000000001
 20
14.73
 10
637.0200000000001
 20
14.73
  0
TEXT
  5
567
330
17
100
AcDbEntity
  8
LIGNES-NIVEAU
100
AcDbText
 10
621.6200000000001
 20
14.88
 30
0.0
 40
0.35
  1
sommet 14.73
 11
621.6200000000001
 21
14.88
 31
0.0
100
AcDbText
  0
DIMENSION
  5
568
330
17
100
AcDbEntity
  8
MESURES
100
AcDbDimension
280
0
  2
*D48
  3
EZDXF
 10
638.4200000000001
 20
-2.71
 30
0.0
 11
638.1200000000001
 21
6.010000000000001
 31
0.0
 70
32
 71
5
  1
H sommet 17.44
100
AcDbAlignedDimension
 13
637.0200000000001
 23
-2.71
 33
0.0
 14
637.0200000000001
 24
14.73
 34
0.0
 50
90.0
100
AcDbRotatedDimension
1001
ACAD
1000
DSTYLE
1002
{
1070
140
1040
0.4
1070
41
1040
0.25
1070
271
1070
2
1070
42
1040
0.15
1070
44
1040
0.15
1002
}
  0
IMAGE
  5
579
330
17
100
AcDbEntity
  8
COUPE-Maisonprincipale_longit
100
AcDbRasterImage
 90
0
 10
641.5200000000001
 20
-2.0
 30
0.0
 11
0.014284532671629446
 21
0.0
 31
0.0
 12
8.747477136766809e-19
 22
0.014285714285714285
 32
0.0
 13
1209.0
 23
1190.0
340
578
 70
3
280
0
281
50
282
50
283
0
360
57A
 71
1
 91
2
 14
-0.5
 24
-0.5
 14
1208.5
 24
1189.5
290
0
  0
TEXT
  5
57B
330
17
100
AcDbEntity
  8
TITRES
100
AcDbText
 10
641.5200000000001
 20
15.6
 30
0.0
 40
0.55
  1
COUPE Maisonprincipale_longit
 11
641.5200000000001
 21
15.6
 31
0.0
100
AcDbText
  0
LINE
  5
57C
330
17
100
AcDbEntity
  8
GRID-1M
100
AcDbLine
 10
641.5200000000001
 20
-2.0
 30
0.0
 11
658.7900000000001
 21
-2.0
 31
0.0
  0
LINE
  5
57D
330
17
100
AcDbEntity
  8
GRID-1M
100
AcDbLine
 10
641.5200000000001
 20
-1.0
 30
0.0
 11
658.7900000000001
 21
-1.0
 31
0.0
  0
LINE
  5
57E
330
17
100
AcDbEntity
  8
GRID-1M
100
AcDbLine
 10
641.5200000000001
 20
0.0
 30
0.0
 11
658.7900000000001
 21
0.0
 31
0.0
  0
LINE
  5
57F
330
17
100
AcDbEntity
  8
GRID-1M
100
AcDbLine
 10
641.5200000000001
 20
1.0
 30
0.0
 11
658.7900000000001
 21
1.0
 31
0.0
  0
LINE
  5
580
330
17
100
AcDbEntity
  8
GRID-1M
100
AcDbLine
 10
641.5200000000001
 20
2.0
 30
0.0
 11
658.7900000000001
 21
2.0
 31
0.0
  0
LINE
  5
581
330
17
100
AcDbEntity
  8
GRID-1M
100
AcDbLine
 10
641.5200000000001
 20
3.0
 30
0.0
 11
658.7900000000001
 21
3.0
 31
0.0
  0
LINE
  5
582
330
17
100
AcDbEntity
  8
GRID-1M
100
AcDbLine
 10
641.5200000000001
 20
4.0
 30
0.0
 11
658.7900000000001
 21
4.0
 31
0.0
  0
LINE
  5
583
330
17
100
AcDbEntity
  8
GRID-1M
100
AcDbLine
 10
641.5200000000001
 20
5.0
 30
0.0
 11
658.7900000000001
 21
5.0
 31
0.0
  0
LINE
  5
584
330
17
100
AcDbEntity
  8
GRID-1M
100
AcDbLine
 10
641.5200000000001
 20
6.0
 30
0.0
 11
658.7900000000001
 21
6.0
 31
0.0
  0
LINE
  5
585
330
17
100
AcDbEntity
  8
GRID-1M
100
AcDbLine
 10
641.5200000000001
 20
7.0
 30
0.0
 11
658.7900000000001
 21
7.0
 31
0.0
  0
LINE
  5
586
330
17
100
AcDbEntity
  8
GRID-1M
100
AcDbLine
 10
641.5200000000001
 20
8.0
 30
0.0
 11
658.7900000000001
 21
8.0
 31
0.0
  0
LINE
  5
587
330
17
100
AcDbEntity
  8
GRID-1M
100
AcDbLine
 10
641.5200000000001
 20
9.0
 30
0.0
 11
658.7900000000001
 21
9.0
 31
0.0
  0
LINE
  5
588
330
17
100
AcDbEntity
  8
GRID-1M
100
AcDbLine
 10
641.5200000000001
 20
10.0
 30
0.0
 11
658.7900000000001
 21
10.0
 31
0.0
  0
LINE
  5
589
330
17
100
AcDbEntity
  8
GRID-1M
100
AcDbLine
 10
641.5200000000001
 20
11.0
 30
0.0
 11
658.7900000000001
 21
11.0
 31
0.0
  0
LINE
  5
58A
330
17
100
AcDbEntity
  8
GRID-1M
100
AcDbLine
 10
641.5200000000001
 20
12.0
 30
0.0
 11
658.7900000000001
 21
12.0
 31
0.0
  0
LINE
  5
58B
330
17
100
AcDbEntity
  8
GRID-1M
100
AcDbLine
 10
641.5200000000001
 20
13.0
 30
0.0
 11
658.7900000000001
 21
13.0
 31
0.0
  0
LINE
  5
58C
330
17
100
AcDbEntity
  8
GRID-1M
100
AcDbLine
 10
641.5200000000001
 20
14.0
 30
0.0
 11
658.7900000000001
 21
14.0
 31
0.0
  0
LINE
  5
58D
330
17
100
AcDbEntity
  8
GRID-1M
100
AcDbLine
 10
641.5200000000001
 20
15.0
 30
0.0
 11
658.7900000000001
 21
15.0
 31
0.0
  0
LWPOLYLINE
  5
58E
330
17
100
AcDbEntity
  8
LIGNES-NIVEAU
100
AcDbPolyline
 90
2
 70
0
 43
0.06
 10
641.5200000000001
 20
-2.0
 10
658.7900000000001
 20
-2.0
  0
TEXT
  5
58F
330
17
100
AcDbEntity
  8
LIGNES-NIVEAU
100
AcDbText
 10
641.7200000000001
 20
-1.85
 30
0.0
 40
0.35
  1
TN -2.71 (sous fenêtre)
 11
641.7200000000001
 21
-1.85
 31
0.0
100
AcDbText
  0
DIMENSION
  5
590
330
17
100
AcDbEntity
  8
MESURES
100
AcDbDimension
280
0
  2
*D49
  3
EZDXF
 10
641.5200000000001
 20
-3.2
 30
0.0
 11
650.1550000000001
 21
-2.9000000000000004
 31
0.0
 70
32
 71
5
  1
<>
100
AcDbAlignedDimension
 13
641.5200000000001
 23
-2.0
 33
0.0
 14
658.7900000000001
 24
-2.0
 34
0.0
 50
0.0
100
AcDbRotatedDimension
1001
ACAD
1000
DSTYLE
1002
{
1070
140
1040
0.4
1070
41
1040
0.25
1070
271
1070
2
1070
42
1040
0.15
1070
44
1040
0.15
1002
}
  0
LWPOLYLINE
  5
59F
330
17
100
AcDbEntity
  8
LIGNES-NIVEAU
100
AcDbPolyline
 90
2
 70
0
 10
641.5200000000001
 20
14.74
 10
658.7900000000001
 20
14.74
  0
TEXT
  5
5A0
330
17
100
AcDbEntity
  8
LIGNES-NIVEAU
100
AcDbText
 10
641.7200000000001
 20
14.89
 30
0.0
 40
0.35
  1
sommet 14.74
 11
641.7200000000001
 21
14.89
 31
0.0
100
AcDbText
  0
DIMENSION
  5
5A1
330
17
100
AcDbEntity
  8
MESURES
100
AcDbDimension
280
0
  2
*D50
  3
EZDXF
 10
660.19
 20
-2.71
 30
0.0
 11
659.8900000000001
 21
6.015
 31
0.0
 70
32
 71
5
  1
H sommet 17.45
100
AcDbAlignedDimension
 13
658.7900000000001
 23
-2.71
 33
0.0
 14
658.7900000000001
 24
14.74
 34
0.0
 50
90.0
100
AcDbRotatedDimension
1001
ACAD
1000
DSTYLE
1002
{
1070
140
1040
0.4
1070
41
1040
0.25
1070
271
1070
2
1070
42
1040
0.15
1070
44
1040
0.15
1002
}
  0
LINE
  5
5B0
330
17
100
AcDbEntity
  8
Z-SCALE
100
AcDbLine
 10
-4.0
 20
-2.0
 30
0.0
 11
-4.0
 21
15.0
 31
0.0
  0
LINE
  5
5B1
330
17
100
AcDbEntity
  8
Z-SCALE
100
AcDbLine
 10
-4.3
 20
-2.0
 30
0.0
 11
-4.0
 21
-2.0
 31
0.0
  0
TEXT
  5
5B2
330
17
100
AcDbEntity
  8
Z-SCALE
100
AcDbText
 10
-5.5
 20
-2.15
 30
0.0
 40
0.3
  1
-2
 11
-5.5
 21
-2.15
 31
0.0
100
AcDbText
  0
LINE
  5
5B3
330
17
100
AcDbEntity
  8
Z-SCALE
100
AcDbLine
 10
-4.3
 20
-1.0
 30
0.0
 11
-4.0
 21
-1.0
 31
0.0
  0
TEXT
  5
5B4
330
17
100
AcDbEntity
  8
Z-SCALE
100
AcDbText
 10
-5.5
 20
-1.15
 30
0.0
 40
0.3
  1
-1
 11
-5.5
 21
-1.15
 31
0.0
100
AcDbText
  0
LINE
  5
5B5
330
17
100
AcDbEntity
  8
Z-SCALE
100
AcDbLine
 10
-4.3
 20
0.0
 30
0.0
 11
-4.0
 21
0.0
 31
0.0
  0
TEXT
  5
5B6
330
17
100
AcDbEntity
  8
Z-SCALE
100
AcDbText
 10
-5.5
 20
-0.15
 30
0.0
 40
0.3
  1
+0
 11
-5.5
 21
-0.15
 31
0.0
100
AcDbText
  0
LINE
  5
5B7
330
17
100
AcDbEntity
  8
Z-SCALE
100
AcDbLine
 10
-4.3
 20
1.0
 30
0.0
 11
-4.0
 21
1.0
 31
0.0
  0
TEXT
  5
5B8
330
17
100
AcDbEntity
  8
Z-SCALE
100
AcDbText
 10
-5.5
 20
0.85
 30
0.0
 40
0.3
  1
+1
 11
-5.5
 21
0.85
 31
0.0
100
AcDbText
  0
LINE
  5
5B9
330
17
100
AcDbEntity
  8
Z-SCALE
100
AcDbLine
 10
-4.3
 20
2.0
 30
0.0
 11
-4.0
 21
2.0
 31
0.0
  0
TEXT
  5
5BA
330
17
100
AcDbEntity
  8
Z-SCALE
100
AcDbText
 10
-5.5
 20
1.85
 30
0.0
 40
0.3
  1
+2
 11
-5.5
 21
1.85
 31
0.0
100
AcDbText
  0
LINE
  5
5BB
330
17
100
AcDbEntity
  8
Z-SCALE
100
AcDbLine
 10
-4.3
 20
3.0
 30
0.0
 11
-4.0
 21
3.0
 31
0.0
  0
TEXT
  5
5BC
330
17
100
AcDbEntity
  8
Z-SCALE
100
AcDbText
 10
-5.5
 20
2.85
 30
0.0
 40
0.3
  1
+3
 11
-5.5
 21
2.85
 31
0.0
100
AcDbText
  0
LINE
  5
5BD
330
17
100
AcDbEntity
  8
Z-SCALE
100
AcDbLine
 10
-4.3
 20
4.0
 30
0.0
 11
-4.0
 21
4.0
 31
0.0
  0
TEXT
  5
5BE
330
17
100
AcDbEntity
  8
Z-SCALE
100
AcDbText
 10
-5.5
 20
3.85
 30
0.0
 40
0.3
  1
+4
 11
-5.5
 21
3.85
 31
0.0
100
AcDbText
  0
LINE
  5
5BF
330
17
100
AcDbEntity
  8
Z-SCALE
100
AcDbLine
 10
-4.3
 20
5.0
 30
0.0
 11
-4.0
 21
5.0
 31
0.0
  0
TEXT
  5
5C0
330
17
100
AcDbEntity
  8
Z-SCALE
100
AcDbText
 10
-5.5
 20
4.85
 30
0.0
 40
0.3
  1
+5
 11
-5.5
 21
4.85
 31
0.0
100
AcDbText
  0
LINE
  5
5C1
330
17
100
AcDbEntity
  8
Z-SCALE
100
AcDbLine
 10
-4.3
 20
6.0
 30
0.0
 11
-4.0
 21
6.0
 31
0.0
  0
TEXT
  5
5C2
330
17
100
AcDbEntity
  8
Z-SCALE
100
AcDbText
 10
-5.5
 20
5.85
 30
0.0
 40
0.3
  1
+6
 11
-5.5
 21
5.85
 31
0.0
100
AcDbText
  0
LINE
  5
5C3
330
17
100
AcDbEntity
  8
Z-SCALE
100
AcDbLine
 10
-4.3
 20
7.0
 30
0.0
 11
-4.0
 21
7.0
 31
0.0
  0
TEXT
  5
5C4
330
17
100
AcDbEntity
  8
Z-SCALE
100
AcDbText
 10
-5.5
 20
6.85
 30
0.0
 40
0.3
  1
+7
 11
-5.5
 21
6.85
 31
0.0
100
AcDbText
  0
LINE
  5
5C5
330
17
100
AcDbEntity
  8
Z-SCALE
100
AcDbLine
 10
-4.3
 20
8.0
 30
0.0
 11
-4.0
 21
8.0
 31
0.0
  0
TEXT
  5
5C6
330
17
100
AcDbEntity
  8
Z-SCALE
100
AcDbText
 10
-5.5
 20
7.85
 30
0.0
 40
0.3
  1
+8
 11
-5.5
 21
7.85
 31
0.0
100
AcDbText
  0
LINE
  5
5C7
330
17
100
AcDbEntity
  8
Z-SCALE
100
AcDbLine
 10
-4.3
 20
9.0
 30
0.0
 11
-4.0
 21
9.0
 31
0.0
  0
TEXT
  5
5C8
330
17
100
AcDbEntity
  8
Z-SCALE
100
AcDbText
 10
-5.5
 20
8.85
 30
0.0
 40
0.3
  1
+9
 11
-5.5
 21
8.85
 31
0.0
100
AcDbText
  0
LINE
  5
5C9
330
17
100
AcDbEntity
  8
Z-SCALE
100
AcDbLine
 10
-4.3
 20
10.0
 30
0.0
 11
-4.0
 21
10.0
 31
0.0
  0
TEXT
  5
5CA
330
17
100
AcDbEntity
  8
Z-SCALE
100
AcDbText
 10
-5.5
 20
9.85
 30
0.0
 40
0.3
  1
+10
 11
-5.5
 21
9.85
 31
0.0
100
AcDbText
  0
LINE
  5
5CB
330
17
100
AcDbEntity
  8
Z-SCALE
100
AcDbLine
 10
-4.3
 20
11.0
 30
0.0
 11
-4.0
 21
11.0
 31
0.0
  0
TEXT
  5
5CC
330
17
100
AcDbEntity
  8
Z-SCALE
100
AcDbText
 10
-5.5
 20
10.85
 30
0.0
 40
0.3
  1
+11
 11
-5.5
 21
10.85
 31
0.0
100
AcDbText
  0
LINE
  5
5CD
330
17
100
AcDbEntity
  8
Z-SCALE
100
AcDbLine
 10
-4.3
 20
12.0
 30
0.0
 11
-4.0
 21
12.0
 31
0.0
  0
TEXT
  5
5CE
330
17
100
AcDbEntity
  8
Z-SCALE
100
AcDbText
 10
-5.5
 20
11.85
 30
0.0
 40
0.3
  1
+12
 11
-5.5
 21
11.85
 31
0.0
100
AcDbText
  0
LINE
  5
5CF
330
17
100
AcDbEntity
  8
Z-SCALE
100
AcDbLine
 10
-4.3
 20
13.0
 30
0.0
 11
-4.0
 21
13.0
 31
0.0
  0
TEXT
  5
5D0
330
17
100
AcDbEntity
  8
Z-SCALE
100
AcDbText
 10
-5.5
 20
12.85
 30
0.0
 40
0.3
  1
+13
 11
-5.5
 21
12.85
 31
0.0
100
AcDbText
  0
LINE
  5
5D1
330
17
100
AcDbEntity
  8
Z-SCALE
100
AcDbLine
 10
-4.3
 20
14.0
 30
0.0
 11
-4.0
 21
14.0
 31
0.0
  0
TEXT
  5
5D2
330
17
100
AcDbEntity
  8
Z-SCALE
100
AcDbText
 10
-5.5
 20
13.85
 30
0.0
 40
0.3
  1
+14
 11
-5.5
 21
13.85
 31
0.0
100
AcDbText
  0
LINE
  5
5D3
330
17
100
AcDbEntity
  8
Z-SCALE
100
AcDbLine
 10
-4.3
 20
15.0
 30
0.0
 11
-4.0
 21
15.0
 31
0.0
  0
TEXT
  5
5D4
330
17
100
AcDbEntity
  8
Z-SCALE
100
AcDbText
 10
-5.5
 20
14.85
 30
0.0
 40
0.3
  1
+15
 11
-5.5
 21
14.85
 31
0.0
100
AcDbText
  0
MTEXT
  5
5D5
330
17
100
AcDbEntity
  8
NOTES
100
AcDbMText
 10
-4.0
 20
-5.2
 30
0.0
 40
0.5
 71
1
  3
FERME DU TEMPLE — FACADES & COUPES MESUREES (as-built NavVis, alignées par bâtiment) — rev. C\P1 unité = 1 m; Y = altitude z site NavVis (fenêtre −2…+15). Coupes = tranche 2.5 m.\PMesures VERIFIEES (protocole v2 + sign-off, VERIF_hauteurs.md): faîtag
  3
e/sommet = max du profil de tops persistants lissé 0.5 m; plateaux secondaires identifiés visuellement; TN = z min bâtiment (site model); largeur = étendue de structure dans l'image.\PEGOUT ABSENT PAR PROTOCOLE: rendus pleine profondeur => silhouette
  1
 = enveloppe de toiture; l'égout n'y est pas mesurable (valeurs v1 retirées). Faîtage ≥15 = tronqué par la fenêtre z (vraie valeur supérieure). Document de travail (2026-06-11) — ne pas utiliser pour acte.
  0
ENDSEC
  0
SECTION
  2
OBJECTS
  0
DICTIONARY
  5
A
330
0
100
AcDbDictionary
281
1
  3
ACAD_COLOR
350
B
  3
ACAD_GROUP
350
C
  3
ACAD_LAYOUT
350
D
  3
ACAD_MATERIAL
350
E
  3
ACAD_MLEADERSTYLE
350
F
  3
ACAD_MLINESTYLE
350
10
  3
ACAD_PLOTSETTINGS
350
11
  3
ACAD_PLOTSTYLENAME
350
12
  3
ACAD_SCALELIST
350
14
  3
ACAD_TABLESTYLE
350
15
  3
ACAD_VISUALSTYLE
350
16
  3
EZDXF_META
350
2D
  3
ACAD_IMAGE_VARS
350
91
  3
ACAD_IMAGE_DICT
350
92
  0
DICTIONARY
  5
B
330
A
100
AcDbDictionary
281
1
  0
DICTIONARY
  5
C
330
A
100
AcDbDictionary
281
1
  0
DICTIONARY
  5
D
330
A
100
AcDbDictionary
281
1
  3
Model
350
1A
  3
Layout1
350
1E
  0
DICTIONARY
  5
E
330
A
100
AcDbDictionary
281
1
  3
ByBlock
350
1F
  3
ByLayer
350
20
  3
Global
350
21
  0
DICTIONARY
  5
F
330
A
100
AcDbDictionary
281
1
  3
Standard
350
2C
  0
DICTIONARY
  5
10
330
A
100
AcDbDictionary
281
1
  3
Standard
350
22
  0
DICTIONARY
  5
11
330
A
100
AcDbDictionary
281
1
  0
ACDBDICTIONARYWDFLT
  5
12
330
A
100
AcDbDictionary
281
1
  3
Normal
350
13
100
AcDbDictionaryWithDefault
340
13
  0
ACDBPLACEHOLDER
  5
13
330
12
  0
DICTIONARY
  5
14
330
A
100
AcDbDictionary
281
1
  0
DICTIONARY
  5
15
330
A
100
AcDbDictionary
281
1
  0
DICTIONARY
  5
16
330
A
100
AcDbDictionary
281
1
  3
2dWireframe
350
5A
  3
Basic
350
5B
  3
Brighten
350
5C
  3
ColorChange
350
5D
  3
Conceptual
350
5E
  3
Dim
350
5F
  3
EdgeColorOff
350
60
  3
Facepattern
350
61
  3
Flat
350
62
  3
FlatWithEdges
350
63
  3
Gouraud
350
64
  3
GouraudWithEdges
350
65
  3
Hidden
350
66
  3
JitterOff
350
67
  3
Linepattern
350
68
  3
Modeling
350
69
  3
OverhangOff
350
6A
  3
Realistic
350
6B
  3
Shaded
350
6C
  3
Shaded with edges
350
6D
  3
Shades of Gray
350
6E
  3
Sketchy
350
6F
  3
Thicken
350
70
  3
Wireframe
350
71
  3
X-Ray
350
72
  0
LAYOUT
  5
1A
330
D
100
AcDbPlotSettings
  1

  4
A3
  6

 40
7.5
 41
20.0
 42
7.5
 43
20.0
 44
420.0
 45
297.0
 46
0.0
 47
0.0
 48
0.0
 49
0.0
140
0.0
141
0.0
142
1.0
143
1.0
 70
1024
 72
1
 73
0
 74
5
  7

 75
16
 76
0
 77
2
 78
300
147
1.0
148
0.0
149
0.0
100
AcDbLayout
  1
Model
 70
1
 71
0
 10
0.0
 20
0.0
 11
420.0
 21
297.0
 12
0.0
 22
0.0
 32
0.0
 14
1e+20
 24
1e+20
 34
1e+20
 15
-1e+20
 25
-1e+20
 35
-1e+20
146
0.0
 13
0.0
 23
0.0
 33
0.0
 16
1.0
 26
0.0
 36
0.0
 17
0.0
 27
1.0
 37
0.0
 76
1
330
17
  0
LAYOUT
  5
1E
330
D
100
AcDbPlotSettings
  1

  4
A3
  6

 40
7.5
 41
20.0
 42
7.5
 43
20.0
 44
420.0
 45
297.0
 46
0.0
 47
0.0
 48
0.0
 49
0.0
140
0.0
141
0.0
142
1.0
143
1.0
 70
0
 72
1
 73
0
 74
5
  7

 75
16
 76
0
 77
2
 78
300
147
1.0
148
0.0
149
0.0
100
AcDbLayout
  1
Layout1
 70
1
 71
1
 10
0.0
 20
0.0
 11
420.0
 21
297.0
 12
0.0
 22
0.0
 32
0.0
 14
1e+20
 24
1e+20
 34
1e+20
 15
-1e+20
 25
-1e+20
 35
-1e+20
146
0.0
 13
0.0
 23
0.0
 33
0.0
 16
1.0
 26
0.0
 36
0.0
 17
0.0
 27
1.0
 37
0.0
 76
1
330
1B
  0
MATERIAL
  5
1F
102
{ACAD_REACTORS
330
E
102
}
330
E
100
AcDbMaterial
  1
ByBlock
  2

 70
0
 40
1.0
 71
1
 41
1.0
 91
-1023410177
 42
1.0
 72
1
  3

 73
1
 74
1
 75
1
 44
0.5
 73
0
 45
1.0
 46
1.0
 77
1
  4

 78
1
 79
1
170
1
 48
1.0
171
1
  6

172
1
173
1
174
1
140
1.0
141
1.0
175
1
  7

176
1
177
1
178
1
143
1.0
179
1
  8

270
1
271
1
272
1
145
1.0
146
1.0
273
1
  9

274
1
275
1
276
1
 42
1.0
 72
1
  3

 73
1
 74
1
 75
1
 94
63
  0
MATERIAL
  5
20
102
{ACAD_REACTORS
330
E
102
}
330
E
100
AcDbMaterial
  1
ByLayer
  2

 70
0
 40
1.0
 71
1
 41
1.0
 91
-1023410177
 42
1.0
 72
1
  3

 73
1
 74
1
 75
1
 44
0.5
 73
0
 45
1.0
 46
1.0
 77
1
  4

 78
1
 79
1
170
1
 48
1.0
171
1
  6

172
1
173
1
174
1
140
1.0
141
1.0
175
1
  7

176
1
177
1
178
1
143
1.0
179
1
  8

270
1
271
1
272
1
145
1.0
146
1.0
273
1
  9

274
1
275
1
276
1
 42
1.0
 72
1
  3

 73
1
 74
1
 75
1
 94
63
  0
MATERIAL
  5
21
102
{ACAD_REACTORS
330
E
102
}
330
E
100
AcDbMaterial
  1
Global
  2

 70
0
 40
1.0
 71
1
 41
1.0
 91
-1023410177
 42
1.0
 72
1
  3

 73
1
 74
1
 75
1
 44
0.5
 73
0
 45
1.0
 46
1.0
 77
1
  4

 78
1
 79
1
170
1
 48
1.0
171
1
  6

172
1
173
1
174
1
140
1.0
141
1.0
175
1
  7

176
1
177
1
178
1
143
1.0
179
1
  8

270
1
271
1
272
1
145
1.0
146
1.0
273
1
  9

274
1
275
1
276
1
 42
1.0
 72
1
  3

 73
1
 74
1
 75
1
 94
63
  0
MLINESTYLE
  5
22
102
{ACAD_REACTORS
330
10
102
}
330
10
100
AcDbMlineStyle
  2
Standard
 70
0
  3

 62
256
 51
90.0
 52
90.0
 71
2
 49
0.5
 62
256
  6
BYLAYER
 49
-0.5
 62
256
  6
BYLAYER
  0
MLEADERSTYLE
  5
2C
102
{ACAD_REACTORS
330
F
102
}
330
F
100
AcDbMLeaderStyle
179
2
170
2
171
1
172
0
 90
2
 40
0.0
 41
0.0
173
1
 91
-1056964608
 92
-2
290
1
 42
2.0
291
1
 43
8.0
  3
Standard
 44
4.0
300

342
29
174
1
175
1
176
0
178
1
 93
-1056964608
 45
4.0
292
0
297
0
 46
4.0
 94
-1056964608
 47
1.0
 49
1.0
140
1.0
294
1
141
0.0
177
0
142
1.0
295
0
296
0
143
3.75
271
0
272
9
273
9
  0
DICTIONARY
  5
2D
330
A
100
AcDbDictionary
280
1
281
1
  3
CREATED_BY_EZDXF
350
2E
  3
WRITTEN_BY_EZDXF
350
5D8
  0
DICTIONARYVAR
  5
2E
330
2D
100
DictionaryVariables
280
0
  1
1.4.4 @ 2026-06-11T21:38:33.758379+00:00
  0
VISUALSTYLE
  5
5A
102
{ACAD_REACTORS
330
16
102
}
330
16
100
AcDbVisualStyle
  2
2dWireframe
 70
4
177
3
291
0
 70
58
 90
2
176
1
 90
2
176
1
 90
0
176
1
 90
0
176
1
 40
0.6
176
1
 40
30.0
176
1
 62
7
420
16777215
176
1
 90
1
176
1
 90
4
176
1
 62
7
176
1
 62
257
176
1
 90
1
176
1
 90
1
176
1
 40
1.0
176
1
 90
8
176
1
 62
7
176
1
 40
1.0
176
1
 90
1
176
1
 90
6
176
1
 90
2
176
1
 62
7
176
1
 90
5
176
1
 90
0
176
1
 90
0
176
1
290
0
176
1
 90
1
176
1
 40
0.0
176
1
 90
0
176
1
290
1
176
1
290
1
176
1
290
0
176
1
290
0
176
1
290
0
176
1
290
0
176
1
290
0
176
1
290
0
176
1
290
0
176
1
 90
50
176
1
 40
0.0
176
1
 40
1.0
176
1
 90
0
176
1
 62
18
420
0
176
1
 90
50
176
1
 90
3
176
1
 62
5
420
255
176
1
290
0
176
1
 90
50
176
1
 90
50
176
1
 90
50
176
1
290
0
176
1
 90
50
176
1
 62
256
176
0
 40
1.0
176
0
 90
2
176
1
  1
strokes_ogs.tif
176
1
290
0
176
1
 40
1.0
176
1
 40
1.0
176
1
  0
VISUALSTYLE
  5
5B
102
{ACAD_REACTORS
330
16
102
}
330
16
100
AcDbVisualStyle
  2
Basic
 70
7
177
3
291
1
 70
58
 90
2
176
1
 90
2
176
1
 90
0
176
1
 90
1
176
1
 40
0.6
176
1
 40
30.0
176
1
 62
7
420
16777215
176
1
 90
1
176
1
 90
4
176
1
 62
7
176
1
 62
257
176
1
 90
1
176
1
 90
1
176
1
 40
1.0
176
1
 90
8
176
1
 62
7
176
1
 40
1.0
176
1
 90
1
176
1
 90
6
176
1
 90
2
176
1
 62
7
176
1
 90
5
176
1
 90
0
176
1
 90
0
176
1
290
0
176
1
 90
1
176
1
 40
0.0
176
1
 90
0
176
1
290
0
176
1
290
1
176
1
290
1
176
1
290
0
176
1
290
0
176
1
290
0
176
1
290
0
176
1
290
0
176
1
290
0
176
1
 90
50
176
1
 40
0.0
176
1
 40
1.0
176
1
 90
0
176
1
 62
18
420
0
176
1
 90
50
176
1
 90
3
176
1
 62
5
420
255
176
1
290
0
176
1
 90
50
176
1
 90
50
176
1
 90
50
176
1
290
0
176
1
 90
50
176
1
 62
256
176
0
 40
1.0
176
0
 90
2
176
1
  1
strokes_ogs.tif
176
1
290
0
176
1
 40
1.0
176
1
 40
1.0
176
1
  0
VISUALSTYLE
  5
5C
102
{ACAD_REACTORS
330
16
102
}
330
16
100
AcDbVisualStyle
  2
Brighten
 70
12
177
3
291
1
 70
58
 90
2
176
1
 90
2
176
1
 90
0
176
1
 90
2
176
1
 40
0.6
176
1
 40
30.0
176
1
 62
7
420
16777215
176
1
 90
1
176
1
 90
4
176
1
 62
7
176
1
 62
257
176
1
 90
1
176
1
 90
1
176
1
 40
1.0
176
1
 90
8
176
1
 62
7
176
1
 40
1.0
176
1
 90
1
176
1
 90
6
176
1
 90
2
176
1
 62
7
176
1
 90
5
176
1
 90
0
176
1
 90
0
176
1
290
0
176
1
 90
1
176
1
 40
0.0
176
1
 90
0
176
1
290
0
176
1
290
1
176
1
290
1
176
1
290
0
176
1
290
0
176
1
290
0
176
1
290
0
176
1
290
0
176
1
290
0
176
1
 90
50
176
1
 40
0.0
176
1
 40
1.0
176
1
 90
0
176
1
 62
18
420
0
176
1
 90
50
176
1
 90
3
176
1
 62
5
420
255
176
1
290
0
176
1
 90
50
176
1
 90
50
176
1
 90
50
176
1
290
0
176
1
 90
50
176
1
 62
256
176
0
 40
1.0
176
0
 90
2
176
1
  1
strokes_ogs.tif
176
1
290
0
176
1
 40
1.0
176
1
 40
1.0
176
1
  0
VISUALSTYLE
  5
5D
102
{ACAD_REACTORS
330
16
102
}
330
16
100
AcDbVisualStyle
  2
ColorChange
 70
16
177
3
291
1
 70
58
 90
2
176
1
 90
2
176
1
 90
0
176
1
 90
2
176
1
 40
0.6
176
1
 40
30.0
176
1
 62
7
420
16777215
176
1
 90
1
176
1
 90
4
176
1
 62
7
176
1
 62
257
176
1
 90
1
176
1
 90
1
176
1
 40
1.0
176
1
 90
8
176
1
 62
7
176
1
 40
1.0
176
1
 90
1
176
1
 90
6
176
1
 90
2
176
1
 62
7
176
1
 90
5
176
1
 90
0
176
1
 90
0
176
1
290
0
176
1
 90
1
176
1
 40
0.0
176
1
 90
0
176
1
290
0
176
1
290
1
176
1
290
1
176
1
290
0
176
1
290
0
176
1
290
0
176
1
290
0
176
1
290
0
176
1
290
0
176
1
 90
50
176
1
 40
0.0
176
1
 40
1.0
176
1
 90
0
176
1
 62
18
420
0
176
1
 90
50
176
1
 90
3
176
1
 62
5
420
255
176
1
290
0
176
1
 90
50
176
1
 90
50
176
1
 90
50
176
1
290
0
176
1
 90
50
176
1
 62
256
176
0
 40
1.0
176
0
 90
2
176
1
  1
strokes_ogs.tif
176
1
290
0
176
1
 40
1.0
176
1
 40
1.0
176
1
  0
VISUALSTYLE
  5
5E
102
{ACAD_REACTORS
330
16
102
}
330
16
100
AcDbVisualStyle
  2
Conceptual
 70
9
177
3
291
0
 70
58
 90
2
176
1
 90
2
176
1
 90
0
176
1
 90
3
176
1
 40
0.6
176
1
 40
30.0
176
1
 62
7
420
16777215
176
1
 90
1
176
1
 90
4
176
1
 62
7
176
1
 62
257
176
1
 90
1
176
1
 90
1
176
1
 40
1.0
176
1
 90
8
176
1
 62
7
176
1
 40
1.0
176
1
 90
1
176
1
 90
6
176
1
 90
2
176
1
 62
7
176
1
 90
5
176
1
 90
0
176
1
 90
0
176
1
290
0
176
1
 90
1
176
1
 40
0.0
176
1
 90
0
176
1
290
0
176
1
290
1
176
1
290
1
176
1
290
0
176
1
290
0
176
1
290
0
176
1
290
0
176
1
290
0
176
1
290
0
176
1
 90
50
176
1
 40
0.0
176
1
 40
1.0
176
1
 90
0
176
1
 62
18
420
0
176
1
 90
50
176
1
 90
3
176
1
 62
5
420
255
176
1
290
0
176
1
 90
50
176
1
 90
50
176
1
 90
50
176
1
290
0
176
1
 90
50
176
1
 62
256
176
0
 40
1.0
176
0
 90
2
176
1
  1
strokes_ogs.tif
176
1
290
0
176
1
 40
1.0
176
1
 40
1.0
176
1
  0
VISUALSTYLE
  5
5F
102
{ACAD_REACTORS
330
16
102
}
330
16
100
AcDbVisualStyle
  2
Dim
 70
11
177
3
291
1
 70
58
 90
2
176
1
 90
2
176
1
 90
0
176
1
 90
2
176
1
 40
0.6
176
1
 40
30.0
176
1
 62
7
420
16777215
176
1
 90
1
176
1
 90
4
176
1
 62
7
176
1
 62
257
176
1
 90
1
176
1
 90
1
176
1
 40
1.0
176
1
 90
8
176
1
 62
7
176
1
 40
1.0
176
1
 90
1
176
1
 90
6
176
1
 90
2
176
1
 62
7
176
1
 90
5
176
1
 90
0
176
1
 90
0
176
1
290
0
176
1
 90
1
176
1
 40
0.0
176
1
 90
0
176
1
290
0
176
1
290
1
176
1
290
1
176
1
290
0
176
1
290
0
176
1
290
0
176
1
290
0
176
1
290
0
176
1
290
0
176
1
 90
50
176
1
 40
0.0
176
1
 40
1.0
176
1
 90
0
176
1
 62
18
420
0
176
1
 90
50
176
1
 90
3
176
1
 62
5
420
255
176
1
290
0
176
1
 90
50
176
1
 90
50
176
1
 90
50
176
1
290
0
176
1
 90
50
176
1
 62
256
176
0
 40
1.0
176
0
 90
2
176
1
  1
strokes_ogs.tif
176
1
290
0
176
1
 40
1.0
176
1
 40
1.0
176
1
  0
VISUALSTYLE
  5
60
102
{ACAD_REACTORS
330
16
102
}
330
16
100
AcDbVisualStyle
  2
EdgeColorOff
 70
22
177
3
291
1
 70
58
 90
2
176
1
 90
2
176
1
 90
0
176
1
 90
2
176
1
 40
0.6
176
1
 40
30.0
176
1
 62
7
420
16777215
176
1
 90
1
176
1
 90
4
176
1
 62
7
176
1
 62
257
176
1
 90
1
176
1
 90
1
176
1
 40
1.0
176
1
 90
8
176
1
 62
7
176
1
 40
1.0
176
1
 90
1
176
1
 90
6
176
1
 90
2
176
1
 62
7
176
1
 90
5
176
1
 90
0
176
1
 90
0
176
1
290
0
176
1
 90
1
176
1
 40
0.0
176
1
 90
0
176
1
290
0
176
1
290
1
176
1
290
1
176
1
290
0
176
1
290
0
176
1
290
0
176
1
290
0
176
1
290
0
176
1
290
0
176
1
 90
50
176
1
 40
0.0
176
1
 40
1.0
176
1
 90
0
176
1
 62
18
420
0
176
1
 90
50
176
1
 90
3
176
1
 62
5
420
255
176
1
290
0
176
1
 90
50
176
1
 90
50
176
1
 90
50
176
1
290
0
176
1
 90
50
176
1
 62
256
176
0
 40
1.0
176
0
 90
2
176
1
  1
strokes_ogs.tif
176
1
290
0
176
1
 40
1.0
176
1
 40
1.0
176
1
  0
VISUALSTYLE
  5
61
102
{ACAD_REACTORS
330
16
102
}
330
16
100
AcDbVisualStyle
  2
Facepattern
 70
15
177
3
291
1
 70
58
 90
2
176
1
 90
2
176
1
 90
0
176
1
 90
2
176
1
 40
0.6
176
1
 40
30.0
176
1
 62
7
420
16777215
176
1
 90
1
176
1
 90
4
176
1
 62
7
176
1
 62
257
176
1
 90
1
176
1
 90
1
176
1
 40
1.0
176
1
 90
8
176
1
 62
7
176
1
 40
1.0
176
1
 90
1
176
1
 90
6
176
1
 90
2
176
1
 62
7
176
1
 90
5
176
1
 90
0
176
1
 90
0
176
1
290
0
176
1
 90
1
176
1
 40
0.0
176
1
 90
0
176
1
290
0
176
1
290
1
176
1
290
1
176
1
290
0
176
1
290
0
176
1
290
0
176
1
290
0
176
1
290
0
176
1
290
0
176
1
 90
50
176
1
 40
0.0
176
1
 40
1.0
176
1
 90
0
176
1
 62
18
420
0
176
1
 90
50
176
1
 90
3
176
1
 62
5
420
255
176
1
290
0
176
1
 90
50
176
1
 90
50
176
1
 90
50
176
1
290
0
176
1
 90
50
176
1
 62
256
176
0
 40
1.0
176
0
 90
2
176
1
  1
strokes_ogs.tif
176
1
290
0
176
1
 40
1.0
176
1
 40
1.0
176
1
  0
VISUALSTYLE
  5
62
102
{ACAD_REACTORS
330
16
102
}
330
16
100
AcDbVisualStyle
  2
Flat
 70
0
177
3
291
1
 70
58
 90
2
176
1
 90
2
176
1
 90
0
176
1
 90
2
176
1
 40
0.6
176
1
 40
30.0
176
1
 62
7
420
16777215
176
1
 90
1
176
1
 90
4
176
1
 62
7
176
1
 62
257
176
1
 90
1
176
1
 90
1
176
1
 40
1.0
176
1
 90
8
176
1
 62
7
176
1
 40
1.0
176
1
 90
1
176
1
 90
6
176
1
 90
2
176
1
 62
7
176
1
 90
5
176
1
 90
0
176
1
 90
0
176
1
290
0
176
1
 90
1
176
1
 40
0.0
176
1
 90
0
176
1
290
0
176
1
290
1
176
1
290
1
176
1
290
0
176
1
290
0
176
1
290
0
176
1
290
0
176
1
290
0
176
1
290
0
176
1
 90
50
176
1
 40
0.0
176
1
 40
1.0
176
1
 90
0
176
1
 62
18
420
0
176
1
 90
50
176
1
 90
3
176
1
 62
5
420
255
176
1
290
0
176
1
 90
50
176
1
 90
50
176
1
 90
50
176
1
290
0
176
1
 90
50
176
1
 62
256
176
0
 40
1.0
176
0
 90
2
176
1
  1
strokes_ogs.tif
176
1
290
0
176
1
 40
1.0
176
1
 40
1.0
176
1
  0
VISUALSTYLE
  5
63
102
{ACAD_REACTORS
330
16
102
}
330
16
100
AcDbVisualStyle
  2
FlatWithEdges
 70
1
177
3
291
1
 70
58
 90
2
176
1
 90
2
176
1
 90
0
176
1
 90
2
176
1
 40
0.6
176
1
 40
30.0
176
1
 62
7
420
16777215
176
1
 90
1
176
1
 90
4
176
1
 62
7
176
1
 62
257
176
1
 90
1
176
1
 90
1
176
1
 40
1.0
176
1
 90
8
176
1
 62
7
176
1
 40
1.0
176
1
 90
1
176
1
 90
6
176
1
 90
2
176
1
 62
7
176
1
 90
5
176
1
 90
0
176
1
 90
0
176
1
290
0
176
1
 90
1
176
1
 40
0.0
176
1
 90
0
176
1
290
0
176
1
290
1
176
1
290
1
176
1
290
0
176
1
290
0
176
1
290
0
176
1
290
0
176
1
290
0
176
1
290
0
176
1
 90
50
176
1
 40
0.0
176
1
 40
1.0
176
1
 90
0
176
1
 62
18
420
0
176
1
 90
50
176
1
 90
3
176
1
 62
5
420
255
176
1
290
0
176
1
 90
50
176
1
 90
50
176
1
 90
50
176
1
290
0
176
1
 90
50
176
1
 62
256
176
0
 40
1.0
176
0
 90
2
176
1
  1
strokes_ogs.tif
176
1
290
0
176
1
 40
1.0
176
1
 40
1.0
176
1
  0
VISUALSTYLE
  5
64
102
{ACAD_REACTORS
330
16
102
}
330
16
100
AcDbVisualStyle
  2
Gouraud
 70
2
177
3
291
1
 70
58
 90
2
176
1
 90
2
176
1
 90
0
176
1
 90
2
176
1
 40
0.6
176
1
 40
30.0
176
1
 62
7
420
16777215
176
1
 90
1
176
1
 90
4
176
1
 62
7
176
1
 62
257
176
1
 90
1
176
1
 90
1
176
1
 40
1.0
176
1
 90
8
176
1
 62
7
176
1
 40
1.0
176
1
 90
1
176
1
 90
6
176
1
 90
2
176
1
 62
7
176
1
 90
5
176
1
 90
0
176
1
 90
0
176
1
290
0
176
1
 90
1
176
1
 40
0.0
176
1
 90
0
176
1
290
0
176
1
290
1
176
1
290
1
176
1
290
0
176
1
290
0
176
1
290
0
176
1
290
0
176
1
290
0
176
1
290
0
176
1
 90
50
176
1
 40
0.0
176
1
 40
1.0
176
1
 90
0
176
1
 62
18
420
0
176
1
 90
50
176
1
 90
3
176
1
 62
5
420
255
176
1
290
0
176
1
 90
50
176
1
 90
50
176
1
 90
50
176
1
290
0
176
1
 90
50
176
1
 62
256
176
0
 40
1.0
176
0
 90
2
176
1
  1
strokes_ogs.tif
176
1
290
0
176
1
 40
1.0
176
1
 40
1.0
176
1
  0
VISUALSTYLE
  5
65
102
{ACAD_REACTORS
330
16
102
}
330
16
100
AcDbVisualStyle
  2
GouraudWithEdges
 70
3
177
3
291
1
 70
58
 90
2
176
1
 90
2
176
1
 90
0
176
1
 90
2
176
1
 40
0.6
176
1
 40
30.0
176
1
 62
7
420
16777215
176
1
 90
1
176
1
 90
4
176
1
 62
7
176
1
 62
257
176
1
 90
1
176
1
 90
1
176
1
 40
1.0
176
1
 90
8
176
1
 62
7
176
1
 40
1.0
176
1
 90
1
176
1
 90
6
176
1
 90
2
176
1
 62
7
176
1
 90
5
176
1
 90
0
176
1
 90
0
176
1
290
0
176
1
 90
1
176
1
 40
0.0
176
1
 90
0
176
1
290
0
176
1
290
1
176
1
290
1
176
1
290
0
176
1
290
0
176
1
290
0
176
1
290
0
176
1
290
0
176
1
290
0
176
1
 90
50
176
1
 40
0.0
176
1
 40
1.0
176
1
 90
0
176
1
 62
18
420
0
176
1
 90
50
176
1
 90
3
176
1
 62
5
420
255
176
1
290
0
176
1
 90
50
176
1
 90
50
176
1
 90
50
176
1
290
0
176
1
 90
50
176
1
 62
256
176
0
 40
1.0
176
0
 90
2
176
1
  1
strokes_ogs.tif
176
1
290
0
176
1
 40
1.0
176
1
 40
1.0
176
1
  0
VISUALSTYLE
  5
66
102
{ACAD_REACTORS
330
16
102
}
330
16
100
AcDbVisualStyle
  2
Hidden
 70
6
177
3
291
0
 70
58
 90
2
176
1
 90
2
176
1
 90
0
176
1
 90
1
176
1
 40
0.6
176
1
 40
30.0
176
1
 62
7
420
16777215
176
1
 90
1
176
1
 90
4
176
1
 62
7
176
1
 62
257
176
1
 90
1
176
1
 90
1
176
1
 40
1.0
176
1
 90
8
176
1
 62
7
176
1
 40
1.0
176
1
 90
1
176
1
 90
6
176
1
 90
2
176
1
 62
7
176
1
 90
5
176
1
 90
0
176
1
 90
0
176
1
290
0
176
1
 90
1
176
1
 40
0.0
176
1
 90
0
176
1
290
0
176
1
290
1
176
1
290
1
176
1
290
0
176
1
290
0
176
1
290
0
176
1
290
0
176
1
290
0
176
1
290
0
176
1
 90
50
176
1
 40
0.0
176
1
 40
1.0
176
1
 90
0
176
1
 62
18
420
0
176
1
 90
50
176
1
 90
3
176
1
 62
5
420
255
176
1
290
0
176
1
 90
50
176
1
 90
50
176
1
 90
50
176
1
290
0
176
1
 90
50
176
1
 62
256
176
0
 40
1.0
176
0
 90
2
176
1
  1
strokes_ogs.tif
176
1
290
0
176
1
 40
1.0
176
1
 40
1.0
176
1
  0
VISUALSTYLE
  5
67
102
{ACAD_REACTORS
330
16
102
}
330
16
100
AcDbVisualStyle
  2
JitterOff
 70
20
177
3
291
1
 70
58
 90
2
176
1
 90
2
176
1
 90
0
176
1
 90
2
176
1
 40
0.6
176
1
 40
30.0
176
1
 62
7
420
16777215
176
1
 90
1
176
1
 90
4
176
1
 62
7
176
1
 62
257
176
1
 90
1
176
1
 90
1
176
1
 40
1.0
176
1
 90
8
176
1
 62
7
176
1
 40
1.0
176
1
 90
1
176
1
 90
6
176
1
 90
2
176
1
 62
7
176
1
 90
5
176
1
 90
0
176
1
 90
0
176
1
290
0
176
1
 90
1
176
1
 40
0.0
176
1
 90
0
176
1
290
0
176
1
290
1
176
1
290
1
176
1
290
0
176
1
290
0
176
1
290
0
176
1
290
0
176
1
290
0
176
1
290
0
176
1
 90
50
176
1
 40
0.0
176
1
 40
1.0
176
1
 90
0
176
1
 62
18
420
0
176
1
 90
50
176
1
 90
3
176
1
 62
5
420
255
176
1
290
0
176
1
 90
50
176
1
 90
50
176
1
 90
50
176
1
290
0
176
1
 90
50
176
1
 62
256
176
0
 40
1.0
176
0
 90
2
176
1
  1
strokes_ogs.tif
176
1
290
0
176
1
 40
1.0
176
1
 40
1.0
176
1
  0
VISUALSTYLE
  5
68
102
{ACAD_REACTORS
330
16
102
}
330
16
100
AcDbVisualStyle
  2
Linepattern
 70
14
177
3
291
1
 70
58
 90
2
176
1
 90
2
176
1
 90
0
176
1
 90
2
176
1
 40
0.6
176
1
 40
30.0
176
1
 62
7
420
16777215
176
1
 90
1
176
1
 90
4
176
1
 62
7
176
1
 62
257
176
1
 90
1
176
1
 90
1
176
1
 40
1.0
176
1
 90
8
176
1
 62
7
176
1
 40
1.0
176
1
 90
1
176
1
 90
6
176
1
 90
2
176
1
 62
7
176
1
 90
5
176
1
 90
0
176
1
 90
0
176
1
290
0
176
1
 90
1
176
1
 40
0.0
176
1
 90
0
176
1
290
0
176
1
290
1
176
1
290
1
176
1
290
0
176
1
290
0
176
1
290
0
176
1
290
0
176
1
290
0
176
1
290
0
176
1
 90
50
176
1
 40
0.0
176
1
 40
1.0
176
1
 90
0
176
1
 62
18
420
0
176
1
 90
50
176
1
 90
3
176
1
 62
5
420
255
176
1
290
0
176
1
 90
50
176
1
 90
50
176
1
 90
50
176
1
290
0
176
1
 90
50
176
1
 62
256
176
0
 40
1.0
176
0
 90
2
176
1
  1
strokes_ogs.tif
176
1
290
0
176
1
 40
1.0
176
1
 40
1.0
176
1
  0
VISUALSTYLE
  5
69
102
{ACAD_REACTORS
330
16
102
}
330
16
100
AcDbVisualStyle
  2
Modeling
 70
10
177
3
291
0
 70
58
 90
2
176
1
 90
2
176
1
 90
0
176
1
 90
2
176
1
 40
0.6
176
1
 40
30.0
176
1
 62
7
420
16777215
176
1
 90
1
176
1
 90
4
176
1
 62
7
176
1
 62
257
176
1
 90
1
176
1
 90
1
176
1
 40
1.0
176
1
 90
8
176
1
 62
7
176
1
 40
1.0
176
1
 90
1
176
1
 90
6
176
1
 90
2
176
1
 62
7
176
1
 90
5
176
1
 90
0
176
1
 90
0
176
1
290
0
176
1
 90
1
176
1
 40
0.0
176
1
 90
0
176
1
290
0
176
1
290
1
176
1
290
1
176
1
290
0
176
1
290
0
176
1
290
0
176
1
290
0
176
1
290
0
176
1
290
0
176
1
 90
50
176
1
 40
0.0
176
1
 40
1.0
176
1
 90
0
176
1
 62
18
420
0
176
1
 90
50
176
1
 90
3
176
1
 62
5
420
255
176
1
290
0
176
1
 90
50
176
1
 90
50
176
1
 90
50
176
1
290
0
176
1
 90
50
176
1
 62
256
176
0
 40
1.0
176
0
 90
2
176
1
  1
strokes_ogs.tif
176
1
290
0
176
1
 40
1.0
176
1
 40
1.0
176
1
  0
VISUALSTYLE
  5
6A
102
{ACAD_REACTORS
330
16
102
}
330
16
100
AcDbVisualStyle
  2
OverhangOff
 70
21
177
3
291
1
 70
58
 90
2
176
1
 90
2
176
1
 90
0
176
1
 90
2
176
1
 40
0.6
176
1
 40
30.0
176
1
 62
7
420
16777215
176
1
 90
1
176
1
 90
4
176
1
 62
7
176
1
 62
257
176
1
 90
1
176
1
 90
1
176
1
 40
1.0
176
1
 90
8
176
1
 62
7
176
1
 40
1.0
176
1
 90
1
176
1
 90
6
176
1
 90
2
176
1
 62
7
176
1
 90
5
176
1
 90
0
176
1
 90
0
176
1
290
0
176
1
 90
1
176
1
 40
0.0
176
1
 90
0
176
1
290
0
176
1
290
1
176
1
290
1
176
1
290
0
176
1
290
0
176
1
290
0
176
1
290
0
176
1
290
0
176
1
290
0
176
1
 90
50
176
1
 40
0.0
176
1
 40
1.0
176
1
 90
0
176
1
 62
18
420
0
176
1
 90
50
176
1
 90
3
176
1
 62
5
420
255
176
1
290
0
176
1
 90
50
176
1
 90
50
176
1
 90
50
176
1
290
0
176
1
 90
50
176
1
 62
256
176
0
 40
1.0
176
0
 90
2
176
1
  1
strokes_ogs.tif
176
1
290
0
176
1
 40
1.0
176
1
 40
1.0
176
1
  0
VISUALSTYLE
  5
6B
102
{ACAD_REACTORS
330
16
102
}
330
16
100
AcDbVisualStyle
  2
Realistic
 70
8
177
3
291
0
 70
58
 90
2
176
1
 90
2
176
1
 90
0
176
1
 90
2
176
1
 40
0.6
176
1
 40
30.0
176
1
 62
7
420
16777215
176
1
 90
1
176
1
 90
4
176
1
 62
7
176
1
 62
257
176
1
 90
1
176
1
 90
1
176
1
 40
1.0
176
1
 90
8
176
1
 62
7
176
1
 40
1.0
176
1
 90
1
176
1
 90
6
176
1
 90
2
176
1
 62
7
176
1
 90
5
176
1
 90
0
176
1
 90
0
176
1
290
0
176
1
 90
1
176
1
 40
0.0
176
1
 90
0
176
1
290
0
176
1
290
1
176
1
290
1
176
1
290
0
176
1
290
0
176
1
290
0
176
1
290
0
176
1
290
0
176
1
290
0
176
1
 90
50
176
1
 40
0.0
176
1
 40
1.0
176
1
 90
0
176
1
 62
18
420
0
176
1
 90
50
176
1
 90
3
176
1
 62
5
420
255
176
1
290
0
176
1
 90
50
176
1
 90
50
176
1
 90
50
176
1
290
0
176
1
 90
50
176
1
 62
256
176
0
 40
1.0
176
0
 90
2
176
1
  1
strokes_ogs.tif
176
1
290
0
176
1
 40
1.0
176
1
 40
1.0
176
1
  0
VISUALSTYLE
  5
6C
102
{ACAD_REACTORS
330
16
102
}
330
16
100
AcDbVisualStyle
  2
Shaded
 70
27
177
3
291
0
 70
58
 90
2
176
1
 90
2
176
1
 90
0
176
1
 90
2
176
1
 40
0.6
176
1
 40
30.0
176
1
 62
7
420
16777215
176
1
 90
1
176
1
 90
4
176
1
 62
7
176
1
 62
257
176
1
 90
1
176
1
 90
1
176
1
 40
1.0
176
1
 90
8
176
1
 62
7
176
1
 40
1.0
176
1
 90
1
176
1
 90
6
176
1
 90
2
176
1
 62
7
176
1
 90
5
176
1
 90
0
176
1
 90
0
176
1
290
0
176
1
 90
1
176
1
 40
0.0
176
1
 90
0
176
1
290
0
176
1
290
1
176
1
290
1
176
1
290
0
176
1
290
0
176
1
290
0
176
1
290
0
176
1
290
0
176
1
290
0
176
1
 90
50
176
1
 40
0.0
176
1
 40
1.0
176
1
 90
0
176
1
 62
18
420
0
176
1
 90
50
176
1
 90
3
176
1
 62
5
420
255
176
1
290
0
176
1
 90
50
176
1
 90
50
176
1
 90
50
176
1
290
0
176
1
 90
50
176
1
 62
256
176
0
 40
1.0
176
0
 90
2
176
1
  1
strokes_ogs.tif
176
1
290
0
176
1
 40
1.0
176
1
 40
1.0
176
1
  0
VISUALSTYLE
  5
6D
102
{ACAD_REACTORS
330
16
102
}
330
16
100
AcDbVisualStyle
  2
Shaded with edges
 70
26
177
3
291
0
 70
58
 90
2
176
1
 90
2
176
1
 90
0
176
1
 90
2
176
1
 40
0.6
176
1
 40
30.0
176
1
 62
7
420
16777215
176
1
 90
1
176
1
 90
4
176
1
 62
7
176
1
 62
257
176
1
 90
1
176
1
 90
1
176
1
 40
1.0
176
1
 90
8
176
1
 62
7
176
1
 40
1.0
176
1
 90
1
176
1
 90
6
176
1
 90
2
176
1
 62
7
176
1
 90
5
176
1
 90
0
176
1
 90
0
176
1
290
0
176
1
 90
1
176
1
 40
0.0
176
1
 90
0
176
1
290
0
176
1
290
1
176
1
290
1
176
1
290
0
176
1
290
0
176
1
290
0
176
1
290
0
176
1
290
0
176
1
290
0
176
1
 90
50
176
1
 40
0.0
176
1
 40
1.0
176
1
 90
0
176
1
 62
18
420
0
176
1
 90
50
176
1
 90
3
176
1
 62
5
420
255
176
1
290
0
176
1
 90
50
176
1
 90
50
176
1
 90
50
176
1
290
0
176
1
 90
50
176
1
 62
256
176
0
 40
1.0
176
0
 90
2
176
1
  1
strokes_ogs.tif
176
1
290
0
176
1
 40
1.0
176
1
 40
1.0
176
1
  0
VISUALSTYLE
  5
6E
102
{ACAD_REACTORS
330
16
102
}
330
16
100
AcDbVisualStyle
  2
Shades of Gray
 70
23
177
3
291
0
 70
58
 90
2
176
1
 90
2
176
1
 90
0
176
1
 90
2
176
1
 40
0.6
176
1
 40
30.0
176
1
 62
7
420
16777215
176
1
 90
1
176
1
 90
4
176
1
 62
7
176
1
 62
257
176
1
 90
1
176
1
 90
1
176
1
 40
1.0
176
1
 90
8
176
1
 62
7
176
1
 40
1.0
176
1
 90
1
176
1
 90
6
176
1
 90
2
176
1
 62
7
176
1
 90
5
176
1
 90
0
176
1
 90
0
176
1
290
0
176
1
 90
1
176
1
 40
0.0
176
1
 90
0
176
1
290
0
176
1
290
1
176
1
290
1
176
1
290
0
176
1
290
0
176
1
290
0
176
1
290
0
176
1
290
0
176
1
290
0
176
1
 90
50
176
1
 40
0.0
176
1
 40
1.0
176
1
 90
0
176
1
 62
18
420
0
176
1
 90
50
176
1
 90
3
176
1
 62
5
420
255
176
1
290
0
176
1
 90
50
176
1
 90
50
176
1
 90
50
176
1
290
0
176
1
 90
50
176
1
 62
256
176
0
 40
1.0
176
0
 90
2
176
1
  1
strokes_ogs.tif
176
1
290
0
176
1
 40
1.0
176
1
 40
1.0
176
1
  0
VISUALSTYLE
  5
6F
102
{ACAD_REACTORS
330
16
102
}
330
16
100
AcDbVisualStyle
  2
Sketchy
 70
24
177
3
291
0
 70
58
 90
2
176
1
 90
2
176
1
 90
0
176
1
 90
1
176
1
 40
0.6
176
1
 40
30.0
176
1
 62
7
420
16777215
176
1
 90
1
176
1
 90
4
176
1
 62
7
176
1
 62
257
176
1
 90
1
176
1
 90
1
176
1
 40
1.0
176
1
 90
8
176
1
 62
7
176
1
 40
1.0
176
1
 90
1
176
1
 90
6
176
1
 90
2
176
1
 62
7
176
1
 90
5
176
1
 90
0
176
1
 90
0
176
1
290
0
176
1
 90
1
176
1
 40
0.0
176
1
 90
0
176
1
290
0
176
1
290
1
176
1
290
1
176
1
290
0
176
1
290
0
176
1
290
0
176
1
290
0
176
1
290
0
176
1
290
0
176
1
 90
50
176
1
 40
0.0
176
1
 40
1.0
176
1
 90
0
176
1
 62
18
420
0
176
1
 90
50
176
1
 90
3
176
1
 62
5
420
255
176
1
290
0
176
1
 90
50
176
1
 90
50
176
1
 90
50
176
1
290
0
176
1
 90
50
176
1
 62
256
176
0
 40
1.0
176
0
 90
2
176
1
  1
strokes_ogs.tif
176
1
290
0
176
1
 40
1.0
176
1
 40
1.0
176
1
  0
VISUALSTYLE
  5
70
102
{ACAD_REACTORS
330
16
102
}
330
16
100
AcDbVisualStyle
  2
Thicken
 70
13
177
3
291
1
 70
58
 90
2
176
1
 90
2
176
1
 90
0
176
1
 90
2
176
1
 40
0.6
176
1
 40
30.0
176
1
 62
7
420
16777215
176
1
 90
1
176
1
 90
4
176
1
 62
7
176
1
 62
257
176
1
 90
1
176
1
 90
1
176
1
 40
1.0
176
1
 90
8
176
1
 62
7
176
1
 40
1.0
176
1
 90
1
176
1
 90
6
176
1
 90
2
176
1
 62
7
176
1
 90
5
176
1
 90
0
176
1
 90
0
176
1
290
0
176
1
 90
1
176
1
 40
0.0
176
1
 90
0
176
1
290
0
176
1
290
1
176
1
290
1
176
1
290
0
176
1
290
0
176
1
290
0
176
1
290
0
176
1
290
0
176
1
290
0
176
1
 90
50
176
1
 40
0.0
176
1
 40
1.0
176
1
 90
0
176
1
 62
18
420
0
176
1
 90
50
176
1
 90
3
176
1
 62
5
420
255
176
1
290
0
176
1
 90
50
176
1
 90
50
176
1
 90
50
176
1
290
0
176
1
 90
50
176
1
 62
256
176
0
 40
1.0
176
0
 90
2
176
1
  1
strokes_ogs.tif
176
1
290
0
176
1
 40
1.0
176
1
 40
1.0
176
1
  0
VISUALSTYLE
  5
71
102
{ACAD_REACTORS
330
16
102
}
330
16
100
AcDbVisualStyle
  2
Wireframe
 70
5
177
3
291
0
 70
58
 90
2
176
1
 90
2
176
1
 90
0
176
1
 90
0
176
1
 40
0.6
176
1
 40
30.0
176
1
 62
7
420
16777215
176
1
 90
1
176
1
 90
4
176
1
 62
7
176
1
 62
257
176
1
 90
1
176
1
 90
1
176
1
 40
1.0
176
1
 90
8
176
1
 62
7
176
1
 40
1.0
176
1
 90
1
176
1
 90
6
176
1
 90
2
176
1
 62
7
176
1
 90
5
176
1
 90
0
176
1
 90
0
176
1
290
0
176
1
 90
1
176
1
 40
0.0
176
1
 90
0
176
1
290
0
176
1
290
1
176
1
290
1
176
1
290
0
176
1
290
0
176
1
290
0
176
1
290
0
176
1
290
0
176
1
290
0
176
1
 90
50
176
1
 40
0.0
176
1
 40
1.0
176
1
 90
0
176
1
 62
18
420
0
176
1
 90
50
176
1
 90
3
176
1
 62
5
420
255
176
1
290
0
176
1
 90
50
176
1
 90
50
176
1
 90
50
176
1
290
0
176
1
 90
50
176
1
 62
256
176
0
 40
1.0
176
0
 90
2
176
1
  1
strokes_ogs.tif
176
1
290
0
176
1
 40
1.0
176
1
 40
1.0
176
1
  0
VISUALSTYLE
  5
72
102
{ACAD_REACTORS
330
16
102
}
330
16
100
AcDbVisualStyle
  2
X-Ray
 70
25
177
3
291
0
 70
58
 90
2
176
1
 90
2
176
1
 90
0
176
1
 90
2
176
1
 40
0.5
176
1
 40
30.0
176
1
 62
7
420
16777215
176
1
 90
1
176
1
 90
4
176
1
 62
7
176
1
 62
257
176
1
 90
1
176
1
 90
1
176
1
 40
1.0
176
1
 90
8
176
1
 62
7
176
1
 40
1.0
176
1
 90
1
176
1
 90
6
176
1
 90
2
176
1
 62
7
176
1
 90
5
176
1
 90
0
176
1
 90
0
176
1
290
0
176
1
 90
1
176
1
 40
0.0
176
1
 90
0
176
1
290
0
176
1
290
1
176
1
290
1
176
1
290
0
176
1
290
0
176
1
290
0
176
1
290
0
176
1
290
0
176
1
290
0
176
1
 90
50
176
1
 40
0.0
176
1
 40
1.0
176
1
 90
0
176
1
 62
18
420
0
176
1
 90
50
176
1
 90
3
176
1
 62
5
420
255
176
1
290
0
176
1
 90
50
176
1
 90
50
176
1
 90
50
176
1
290
0
176
1
 90
50
176
1
 62
256
176
0
 40
1.0
176
0
 90
2
176
1
  1
strokes_ogs.tif
176
1
290
0
176
1
 40
1.0
176
1
 40
1.0
176
1
  0
RASTERVARIABLES
  5
91
102
{ACAD_REACTORS
330
A
102
}
330
A
100
AcDbRasterVariables
 90
0
 70
0
 71
1
 72
3
  0
DICTIONARY
  5
92
330
A
100
AcDbDictionary
281
1
  3
facades_coupes_aligned/underlay/belev_AileOuest_long.png
350
93
  3
facades_coupes_aligned/underlay/belev_AileOuest_short.png
350
DD
  3
facades_coupes_aligned/underlay/bcoupe_AileOuest_transv.png
350
116
  3
facades_coupes_aligned/underlay/bcoupe_AileOuest_longit.png
350
160
  3
facades_coupes_aligned/underlay/belev_AileSudEst_long.png
350
1AA
  3
facades_coupes_aligned/underlay/belev_AileSudEst_short.png
350
1F4
  3
facades_coupes_aligned/underlay/bcoupe_AileSudEst_transv_arm1.png
350
22D
  3
facades_coupes_aligned/underlay/bcoupe_AileSudEst_transv_arm2.png
350
277
  3
facades_coupes_aligned/underlay/belev_Atelier_long.png
350
2C1
  3
facades_coupes_aligned/underlay/belev_Atelier_short.png
350
2FA
  3
facades_coupes_aligned/underlay/bcoupe_Atelier_transv.png
350
333
  3
facades_coupes_aligned/underlay/bcoupe_Atelier_longit.png
350
37D
  3
facades_coupes_aligned/underlay/belev_Chapelle_long.png
350
3C7
  3
facades_coupes_aligned/underlay/belev_Chapelle_short.png
350
400
  3
facades_coupes_aligned/underlay/bcoupe_Chapelle_transv.png
350
44A
  3
facades_coupes_aligned/underlay/bcoupe_Chapelle_longit.png
350
483
  3
facades_coupes_aligned/underlay/belev_Maisonprincipale_long.png
350
4CD
  3
facades_coupes_aligned/underlay/belev_Maisonprincipale_short.png
350
506
  3
facades_coupes_aligned/underlay/bcoupe_Maisonprincipale_transv.png
350
53F
  3
facades_coupes_aligned/underlay/bcoupe_Maisonprincipale_longit.png
350
578
  0
IMAGEDEF
  5
93
102
{ACAD_REACTORS
330
92
330
95
102
}
330
92
100
AcDbRasterImageDef
 90
0
  1
facades_coupes_aligned/underlay/belev_AileOuest_long.png
 10
2802.0
 20
816.0
 11
0.01
 21
0.01
280
1
281
0
  0
IMAGEDEF_REACTOR
  5
95
330
94
100
AcDbRasterImageDefReactor
 90
2
330
94
  0
IMAGEDEF
  5
DD
102
{ACAD_REACTORS
330
92
330
DF
102
}
330
92
100
AcDbRasterImageDef
 90
0
  1
facades_coupes_aligned/underlay/belev_AileOuest_short.png
 10
1813.0
 20
1190.0
 11
0.01
 21
0.01
280
1
281
0
  0
IMAGEDEF_REACTOR
  5
DF
330
DE
100
AcDbRasterImageDefReactor
 90
2
330
DE
  0
IMAGEDEF
  5
116
102
{ACAD_REACTORS
330
92
330
118
102
}
330
92
100
AcDbRasterImageDef
 90
0
  1
facades_coupes_aligned/underlay/bcoupe_AileOuest_transv.png
 10
1813.0
 20
1190.0
 11
0.01
 21
0.01
280
1
281
0
  0
IMAGEDEF_REACTOR
  5
118
330
117
100
AcDbRasterImageDefReactor
 90
2
330
117
  0
IMAGEDEF
  5
160
102
{ACAD_REACTORS
330
92
330
162
102
}
330
92
100
AcDbRasterImageDef
 90
0
  1
facades_coupes_aligned/underlay/bcoupe_AileOuest_longit.png
 10
2802.0
 20
816.0
 11
0.01
 21
0.01
280
1
281
0
  0
IMAGEDEF_REACTOR
  5
162
330
161
100
AcDbRasterImageDefReactor
 90
2
330
161
  0
IMAGEDEF
  5
1AA
102
{ACAD_REACTORS
330
92
330
1AC
102
}
330
92
100
AcDbRasterImageDef
 90
0
  1
facades_coupes_aligned/underlay/belev_AileSudEst_long.png
 10
2720.0
 20
1190.0
 11
0.01
 21
0.01
280
1
281
0
  0
IMAGEDEF_REACTOR
  5
1AC
330
1AB
100
AcDbRasterImageDefReactor
 90
2
330
1AB
  0
IMAGEDEF
  5
1F4
102
{ACAD_REACTORS
330
92
330
1F6
102
}
330
92
100
AcDbRasterImageDef
 90
0
  1
facades_coupes_aligned/underlay/belev_AileSudEst_short.png
 10
2259.0
 20
1190.0
 11
0.01
 21
0.01
280
1
281
0
  0
IMAGEDEF_REACTOR
  5
1F6
330
1F5
100
AcDbRasterImageDefReactor
 90
2
330
1F5
  0
IMAGEDEF
  5
22D
102
{ACAD_REACTORS
330
92
330
22F
102
}
330
92
100
AcDbRasterImageDef
 90
0
  1
facades_coupes_aligned/underlay/bcoupe_AileSudEst_transv_arm1.png
 10
2259.0
 20
1190.0
 11
0.01
 21
0.01
280
1
281
0
  0
IMAGEDEF_REACTOR
  5
22F
330
22E
100
AcDbRasterImageDefReactor
 90
2
330
22E
  0
IMAGEDEF
  5
277
102
{ACAD_REACTORS
330
92
330
279
102
}
330
92
100
AcDbRasterImageDef
 90
0
  1
facades_coupes_aligned/underlay/bcoupe_AileSudEst_transv_arm2.png
 10
2259.0
 20
1190.0
 11
0.01
 21
0.01
280
1
281
0
  0
IMAGEDEF_REACTOR
  5
279
330
278
100
AcDbRasterImageDefReactor
 90
2
330
278
  0
IMAGEDEF
  5
2C1
102
{ACAD_REACTORS
330
92
330
2C3
102
}
330
92
100
AcDbRasterImageDef
 90
0
  1
facades_coupes_aligned/underlay/belev_Atelier_long.png
 10
2782.0
 20
1190.0
 11
0.01
 21
0.01
280
1
281
0
  0
IMAGEDEF_REACTOR
  5
2C3
330
2C2
100
AcDbRasterImageDefReactor
 90
2
330
2C2
  0
IMAGEDEF
  5
2FA
102
{ACAD_REACTORS
330
92
330
2FC
102
}
330
92
100
AcDbRasterImageDef
 90
0
  1
facades_coupes_aligned/underlay/belev_Atelier_short.png
 10
1140.0
 20
1190.0
 11
0.01
 21
0.01
280
1
281
0
  0
IMAGEDEF_REACTOR
  5
2FC
330
2FB
100
AcDbRasterImageDefReactor
 90
2
330
2FB
  0
IMAGEDEF
  5
333
102
{ACAD_REACTORS
330
92
330
335
102
}
330
92
100
AcDbRasterImageDef
 90
0
  1
facades_coupes_aligned/underlay/bcoupe_Atelier_transv.png
 10
1140.0
 20
1190.0
 11
0.01
 21
0.01
280
1
281
0
  0
IMAGEDEF_REACTOR
  5
335
330
334
100
AcDbRasterImageDefReactor
 90
2
330
334
  0
IMAGEDEF
  5
37D
102
{ACAD_REACTORS
330
92
330
37F
102
}
330
92
100
AcDbRasterImageDef
 90
0
  1
facades_coupes_aligned/underlay/bcoupe_Atelier_longit.png
 10
2782.0
 20
1190.0
 11
0.01
 21
0.01
280
1
281
0
  0
IMAGEDEF_REACTOR
  5
37F
330
37E
100
AcDbRasterImageDefReactor
 90
2
330
37E
  0
IMAGEDEF
  5
3C7
102
{ACAD_REACTORS
330
92
330
3C9
102
}
330
92
100
AcDbRasterImageDef
 90
0
  1
facades_coupes_aligned/underlay/belev_Chapelle_long.png
 10
1389.0
 20
1190.0
 11
0.01
 21
0.01
280
1
281
0
  0
IMAGEDEF_REACTOR
  5
3C9
330
3C8
100
AcDbRasterImageDefReactor
 90
2
330
3C8
  0
IMAGEDEF
  5
400
102
{ACAD_REACTORS
330
92
330
402
102
}
330
92
100
AcDbRasterImageDef
 90
0
  1
facades_coupes_aligned/underlay/belev_Chapelle_short.png
 10
1031.0
 20
1190.0
 11
0.01
 21
0.01
280
1
281
0
  0
IMAGEDEF_REACTOR
  5
402
330
401
100
AcDbRasterImageDefReactor
 90
2
330
401
  0
IMAGEDEF
  5
44A
102
{ACAD_REACTORS
330
92
330
44C
102
}
330
92
100
AcDbRasterImageDef
 90
0
  1
facades_coupes_aligned/underlay/bcoupe_Chapelle_transv.png
 10
1031.0
 20
1190.0
 11
0.01
 21
0.01
280
1
281
0
  0
IMAGEDEF_REACTOR
  5
44C
330
44B
100
AcDbRasterImageDefReactor
 90
2
330
44B
  0
IMAGEDEF
  5
483
102
{ACAD_REACTORS
330
92
330
485
102
}
330
92
100
AcDbRasterImageDef
 90
0
  1
facades_coupes_aligned/underlay/bcoupe_Chapelle_longit.png
 10
1389.0
 20
1190.0
 11
0.01
 21
0.01
280
1
281
0
  0
IMAGEDEF_REACTOR
  5
485
330
484
100
AcDbRasterImageDefReactor
 90
2
330
484
  0
IMAGEDEF
  5
4CD
102
{ACAD_REACTORS
330
92
330
4CF
102
}
330
92
100
AcDbRasterImageDef
 90
0
  1
facades_coupes_aligned/underlay/belev_Maisonprincipale_long.png
 10
1209.0
 20
1190.0
 11
0.01
 21
0.01
280
1
281
0
  0
IMAGEDEF_REACTOR
  5
4CF
330
4CE
100
AcDbRasterImageDefReactor
 90
2
330
4CE
  0
IMAGEDEF
  5
506
102
{ACAD_REACTORS
330
92
330
508
102
}
330
92
100
AcDbRasterImageDef
 90
0
  1
facades_coupes_aligned/underlay/belev_Maisonprincipale_short.png
 10
1091.0
 20
1190.0
 11
0.01
 21
0.01
280
1
281
0
  0
IMAGEDEF_REACTOR
  5
508
330
507
100
AcDbRasterImageDefReactor
 90
2
330
507
  0
IMAGEDEF
  5
53F
102
{ACAD_REACTORS
330
92
330
541
102
}
330
92
100
AcDbRasterImageDef
 90
0
  1
facades_coupes_aligned/underlay/bcoupe_Maisonprincipale_transv.png
 10
1091.0
 20
1190.0
 11
0.01
 21
0.01
280
1
281
0
  0
IMAGEDEF_REACTOR
  5
541
330
540
100
AcDbRasterImageDefReactor
 90
2
330
540
  0
IMAGEDEF
  5
578
102
{ACAD_REACTORS
330
92
330
57A
102
}
330
92
100
AcDbRasterImageDef
 90
0
  1
facades_coupes_aligned/underlay/bcoupe_Maisonprincipale_longit.png
 10
1209.0
 20
1190.0
 11
0.01
 21
0.01
280
1
281
0
  0
IMAGEDEF_REACTOR
  5
57A
330
579
100
AcDbRasterImageDefReactor
 90
2
330
579
  0
DICTIONARYVAR
  5
5D8
330
2D
100
DictionaryVariables
280
0
  1
1.4.4 @ 2026-06-11T21:38:34.059711+00:00
  0
ENDSEC
  0
EOF
