  0
SECTION
  2
HEADER
  9
$ACADVER
  1
AC1032
  9
$ACADMAINTVER
 90
4
  9
$DWGCODEPAGE
  3
ANSI_1252
  9
$LASTSAVEDBY
  1
ezdxf
  9
$REQUIREDVERSIONS
160
0
  9
$INSBASE
 10
0.0
 20
0.0
 30
0.0
  9
$EXTMIN
 10
1e+20
 20
1e+20
 30
1e+20
  9
$EXTMAX
 10
-1e+20
 20
-1e+20
 30
-1e+20
  9
$LIMMIN
 10
0.0
 20
0.0
  9
$LIMMAX
 10
420.0
 20
297.0
  9
$ORTHOMODE
 70
0
  9
$REGENMODE
 70
1
  9
$FILLMODE
 70
1
  9
$QTEXTMODE
 70
0
  9
$MIRRTEXT
 70
1
  9
$LTSCALE
 40
1.0
  9
$ATTMODE
 70
1
  9
$TEXTSIZE
 40
2.5
  9
$TRACEWID
 40
1.0
  9
$TEXTSTYLE
  7
Standard
  9
$CLAYER
  8
0
  9
$CELTYPE
  6
ByLayer
  9
$CECOLOR
 62
256
  9
$CELTSCALE
 40
1.0
  9
$DISPSILH
 70
0
  9
$DIMSCALE
 40
1.0
  9
$DIMASZ
 40
2.5
  9
$DIMEXO
 40
0.625
  9
$DIMDLI
 40
3.75
  9
$DIMRND
 40
0.0
  9
$DIMDLE
 40
0.0
  9
$DIMEXE
 40
1.25
  9
$DIMTP
 40
0.0
  9
$DIMTM
 40
0.0
  9
$DIMTXT
 40
2.5
  9
$DIMCEN
 40
2.5
  9
$DIMTSZ
 40
0.0
  9
$DIMTOL
 70
0
  9
$DIMLIM
 70
0
  9
$DIMTIH
 70
0
  9
$DIMTOH
 70
0
  9
$DIMSE1
 70
0
  9
$DIMSE2
 70
0
  9
$DIMTAD
 70
1
  9
$DIMZIN
 70
8
  9
$DIMBLK
  1

  9
$DIMASO
 70
1
  9
$DIMSHO
 70
1
  9
$DIMPOST
  1

  9
$DIMAPOST
  1

  9
$DIMALT
 70
0
  9
$DIMALTD
 70
3
  9
$DIMALTF
 40
0.03937007874
  9
$DIMLFAC
 40
1.0
  9
$DIMTOFL
 70
1
  9
$DIMTVP
 40
0.0
  9
$DIMTIX
 70
0
  9
$DIMSOXD
 70
0
  9
$DIMSAH
 70
0
  9
$DIMBLK1
  1

  9
$DIMBLK2
  1

  9
$DIMSTYLE
  2
ISO-25
  9
$DIMCLRD
 70
0
  9
$DIMCLRE
 70
0
  9
$DIMCLRT
 70
0
  9
$DIMTFAC
 40
1.0
  9
$DIMGAP
 40
0.625
  9
$DIMJUST
 70
0
  9
$DIMSD1
 70
0
  9
$DIMSD2
 70
0
  9
$DIMTOLJ
 70
0
  9
$DIMTZIN
 70
8
  9
$DIMALTZ
 70
0
  9
$DIMALTTZ
 70
0
  9
$DIMUPT
 70
0
  9
$DIMDEC
 70
2
  9
$DIMTDEC
 70
2
  9
$DIMALTU
 70
2
  9
$DIMALTTD
 70
3
  9
$DIMTXSTY
  7
Standard
  9
$DIMAUNIT
 70
0
  9
$DIMADEC
 70
0
  9
$DIMALTRND
 40
0.0
  9
$DIMAZIN
 70
0
  9
$DIMDSEP
 70
44
  9
$DIMATFIT
 70
3
  9
$DIMFRAC
 70
0
  9
$DIMLDRBLK
  1

  9
$DIMLUNIT
 70
2
  9
$DIMLWD
 70
-2
  9
$DIMLWE
 70
-2
  9
$DIMTMOVE
 70
0
  9
$DIMFXL
 40
1.0
  9
$DIMFXLON
 70
0
  9
$DIMJOGANG
 40
0.785398163397
  9
$DIMTFILL
 70
0
  9
$DIMTFILLCLR
 70
0
  9
$DIMARCSYM
 70
0
  9
$DIMLTYPE
  6

  9
$DIMLTEX1
  6

  9
$DIMLTEX2
  6

  9
$DIMTXTDIRECTION
 70
0
  9
$LUNITS
 70
2
  9
$LUPREC
 70
4
  9
$SKETCHINC
 40
1.0
  9
$FILLETRAD
 40
10.0
  9
$AUNITS
 70
0
  9
$AUPREC
 70
2
  9
$MENU
  1
.
  9
$ELEVATION
 40
0.0
  9
$PELEVATION
 40
0.0
  9
$THICKNESS
 40
0.0
  9
$LIMCHECK
 70
0
  9
$CHAMFERA
 40
0.0
  9
$CHAMFERB
 40
0.0
  9
$CHAMFERC
 40
0.0
  9
$CHAMFERD
 40
0.0
  9
$SKPOLY
 70
0
  9
$TDCREATE
 40
2461203.968449074
  9
$TDUCREATE
 40
2458532.153996898
  9
$TDUPDATE
 40
2461203.9684837963
  9
$TDUUPDATE
 40
2458532.1544311
  9
$TDINDWG
 40
0.0
  9
$TDUSRTIMER
 40
0.0
  9
$USRTIMER
 70
1
  9
$ANGBASE
 50
0.0
  9
$ANGDIR
 70
0
  9
$PDMODE
 70
0
  9
$PDSIZE
 40
0.0
  9
$PLINEWID
 40
0.0
  9
$SPLFRAME
 70
0
  9
$SPLINETYPE
 70
6
  9
$SPLINESEGS
 70
8
  9
$HANDSEED
  5
7A5
  9
$SURFTAB1
 70
6
  9
$SURFTAB2
 70
6
  9
$SURFTYPE
 70
6
  9
$SURFU
 70
6
  9
$SURFV
 70
6
  9
$UCSBASE
  2

  9
$UCSNAME
  2

  9
$UCSORG
 10
0.0
 20
0.0
 30
0.0
  9
$UCSXDIR
 10
1.0
 20
0.0
 30
0.0
  9
$UCSYDIR
 10
0.0
 20
1.0
 30
0.0
  9
$UCSORTHOREF
  2

  9
$UCSORTHOVIEW
 70
0
  9
$UCSORGTOP
 10
0.0
 20
0.0
 30
0.0
  9
$UCSORGBOTTOM
 10
0.0
 20
0.0
 30
0.0
  9
$UCSORGLEFT
 10
0.0
 20
0.0
 30
0.0
  9
$UCSORGRIGHT
 10
0.0
 20
0.0
 30
0.0
  9
$UCSORGFRONT
 10
0.0
 20
0.0
 30
0.0
  9
$UCSORGBACK
 10
0.0
 20
0.0
 30
0.0
  9
$PUCSBASE
  2

  9
$PUCSNAME
  2

  9
$PUCSORG
 10
0.0
 20
0.0
 30
0.0
  9
$PUCSXDIR
 10
1.0
 20
0.0
 30
0.0
  9
$PUCSYDIR
 10
0.0
 20
1.0
 30
0.0
  9
$PUCSORTHOREF
  2

  9
$PUCSORTHOVIEW
 70
0
  9
$PUCSORGTOP
 10
0.0
 20
0.0
 30
0.0
  9
$PUCSORGBOTTOM
 10
0.0
 20
0.0
 30
0.0
  9
$PUCSORGLEFT
 10
0.0
 20
0.0
 30
0.0
  9
$PUCSORGRIGHT
 10
0.0
 20
0.0
 30
0.0
  9
$PUCSORGFRONT
 10
0.0
 20
0.0
 30
0.0
  9
$PUCSORGBACK
 10
0.0
 20
0.0
 30
0.0
  9
$USERI1
 70
0
  9
$USERI2
 70
0
  9
$USERI3
 70
0
  9
$USERI4
 70
0
  9
$USERI5
 70
0
  9
$USERR1
 40
0.0
  9
$USERR2
 40
0.0
  9
$USERR3
 40
0.0
  9
$USERR4
 40
0.0
  9
$USERR5
 40
0.0
  9
$WORLDVIEW
 70
1
  9
$SHADEDGE
 70
3
  9
$SHADEDIF
 70
70
  9
$TILEMODE
 70
1
  9
$MAXACTVP
 70
64
  9
$PINSBASE
 10
0.0
 20
0.0
 30
0.0
  9
$PLIMCHECK
 70
0
  9
$PEXTMIN
 10
1e+20
 20
1e+20
 30
1e+20
  9
$PEXTMAX
 10
-1e+20
 20
-1e+20
 30
-1e+20
  9
$PLIMMIN
 10
0.0
 20
0.0
  9
$PLIMMAX
 10
420.0
 20
297.0
  9
$UNITMODE
 70
0
  9
$VISRETAIN
 70
1
  9
$PLINEGEN
 70
0
  9
$PSLTSCALE
 70
1
  9
$TREEDEPTH
 70
3020
  9
$CMLSTYLE
  2
Standard
  9
$CMLJUST
 70
0
  9
$CMLSCALE
 40
20.0
  9
$PROXYGRAPHICS
 70
1
  9
$MEASUREMENT
 70
1
  9
$CELWEIGHT
370
-1
  9
$ENDCAPS
280
0
  9
$JOINSTYLE
280
0
  9
$LWDISPLAY
290
0
  9
$INSUNITS
 70
6
  9
$HYPERLINKBASE
  1

  9
$STYLESHEET
  1

  9
$XEDIT
290
1
  9
$CEPSNTYPE
380
0
  9
$PSTYLEMODE
290
1
  9
$FINGERPRINTGUID
  2
{6D2E88E7-4070-4227-ABF9-D036214882A9}
  9
$VERSIONGUID
  2
{794DF8DC-311A-4A9A-A9A1-7FE8B5ABF70A}
  9
$EXTNAMES
290
1
  9
$PSVPSCALE
 40
0.0
  9
$OLESTARTUP
290
0
  9
$SORTENTS
280
127
  9
$INDEXCTL
280
0
  9
$HIDETEXT
280
1
  9
$XCLIPFRAME
280
1
  9
$HALOGAP
280
0
  9
$OBSCOLOR
 70
257
  9
$OBSLTYPE
280
0
  9
$INTERSECTIONDISPLAY
280
0
  9
$INTERSECTIONCOLOR
 70
257
  9
$DIMASSOC
280
2
  9
$PROJECTNAME
  1

  9
$CAMERADISPLAY
290
0
  9
$LENSLENGTH
 40
50.0
  9
$CAMERAHEIGHT
 40
0.0
  9
$STEPSPERSEC
 40
24.0
  9
$STEPSIZE
 40
100.0
  9
$3DDWFPREC
 40
2.0
  9
$PSOLWIDTH
 40
0.005
  9
$PSOLHEIGHT
 40
0.08
  9
$LOFTANG1
 40
1.570796326795
  9
$LOFTANG2
 40
1.570796326795
  9
$LOFTMAG1
 40
0.0
  9
$LOFTMAG2
 40
0.0
  9
$LOFTPARAM
 70
7
  9
$LOFTNORMALS
280
1
  9
$LATITUDE
 40
37.795
  9
$LONGITUDE
 40
-122.394
  9
$NORTHDIRECTION
 40
0.0
  9
$TIMEZONE
 70
-8000
  9
$LIGHTGLYPHDISPLAY
280
1
  9
$TILEMODELIGHTSYNCH
280
1
  9
$CMATERIAL
347
20
  9
$SOLIDHIST
280
0
  9
$SHOWHIST
280
1
  9
$DWFFRAME
280
2
  9
$DGNFRAME
280
2
  9
$REALWORLDSCALE
290
1
  9
$INTERFERECOLOR
 62
256
  9
$CSHADOW
280
0
  9
$SHADOWPLANELOCATION
 40
0.0
  0
ENDSEC
  0
SECTION
  2
CLASSES
  0
CLASS
  1
ACDBDICTIONARYWDFLT
  2
AcDbDictionaryWithDefault
  3
ObjectDBX Classes
 90
0
 91
0
280
0
281
0
  0
CLASS
  1
SUN
  2
AcDbSun
  3
SCENEOE
 90
1153
 91
0
280
0
281
0
  0
CLASS
  1
VISUALSTYLE
  2
AcDbVisualStyle
  3
ObjectDBX Classes
 90
4095
 91
0
280
0
281
0
  0
CLASS
  1
MATERIAL
  2
AcDbMaterial
  3
ObjectDBX Classes
 90
1153
 91
0
280
0
281
0
  0
CLASS
  1
SCALE
  2
AcDbScale
  3
ObjectDBX Classes
 90
1153
 91
0
280
0
281
0
  0
CLASS
  1
TABLESTYLE
  2
AcDbTableStyle
  3
ObjectDBX Classes
 90
4095
 91
0
280
0
281
0
  0
CLASS
  1
MLEADERSTYLE
  2
AcDbMLeaderStyle
  3
ACDB_MLEADERSTYLE_CLASS
 90
4095
 91
0
280
0
281
0
  0
CLASS
  1
DICTIONARYVAR
  2
AcDbDictionaryVar
  3
ObjectDBX Classes
 90
0
 91
0
280
0
281
0
  0
CLASS
  1
CELLSTYLEMAP
  2
AcDbCellStyleMap
  3
ObjectDBX Classes
 90
1152
 91
0
280
0
281
0
  0
CLASS
  1
MENTALRAYRENDERSETTINGS
  2
AcDbMentalRayRenderSettings
  3
SCENEOE
 90
1024
 91
0
280
0
281
0
  0
CLASS
  1
ACDBDETAILVIEWSTYLE
  2
AcDbDetailViewStyle
  3
ObjectDBX Classes
 90
1025
 91
0
280
0
281
0
  0
CLASS
  1
ACDBSECTIONVIEWSTYLE
  2
AcDbSectionViewStyle
  3
ObjectDBX Classes
 90
1025
 91
0
280
0
281
0
  0
CLASS
  1
RASTERVARIABLES
  2
AcDbRasterVariables
  3
ISM
 90
0
 91
0
280
0
281
0
  0
CLASS
  1
IMAGE
  2
AcDbRasterImage
  3
ISM
 90
2175
 91
0
280
0
281
1
  0
CLASS
  1
IMAGEDEF
  2
AcDbRasterImageDef
  3
ISM
 90
0
 91
0
280
0
281
0
  0
CLASS
  1
IMAGEDEF_REACTOR
  2
AcDbRasterImageDefReactor
  3
ISM
 90
1
 91
0
280
0
281
0
  0
CLASS
  1
ACDBPLACEHOLDER
  2
AcDbPlaceHolder
  3
ObjectDBX Classes
 90
0
 91
0
280
0
281
0
  0
CLASS
  1
LAYOUT
  2
AcDbLayout
  3
ObjectDBX Classes
 90
0
 91
0
280
0
281
0
  0
ENDSEC
  0
SECTION
  2
TABLES
  0
TABLE
  2
VPORT
  5
8
330
0
100
AcDbSymbolTable
 70
1
  0
VPORT
  5
23
330
8
100
AcDbSymbolTableRecord
100
AcDbViewportTableRecord
  2
*Active
 70
0
 10
0.0
 20
0.0
 11
1.0
 21
1.0
 12
0.0
 22
0.0
 13
0.0
 23
0.0
 14
0.5
 24
0.5
 15
0.5
 25
0.5
 16
0.0
 26
0.0
 36
1.0
 17
0.0
 27
0.0
 37
0.0
 40
1000.0
 41
1.34
 42
50.0
 43
0.0
 44
0.0
 50
0.0
 51
0.0
 71
0
 72
1000
 73
1
 74
3
 75
0
 76
0
 77
0
 78
0
281
0
 65
0
146
0.0
  0
ENDTAB
  0
TABLE
  2
LTYPE
  5
2
330
0
100
AcDbSymbolTable
 70
3
  0
LTYPE
  5
24
330
2
100
AcDbSymbolTableRecord
100
AcDbLinetypeTableRecord
  2
ByBlock
 70
0
  3

 72
65
 73
0
 40
0.0
  0
LTYPE
  5
25
330
2
100
AcDbSymbolTableRecord
100
AcDbLinetypeTableRecord
  2
ByLayer
 70
0
  3

 72
65
 73
0
 40
0.0
  0
LTYPE
  5
26
330
2
100
AcDbSymbolTableRecord
100
AcDbLinetypeTableRecord
  2
Continuous
 70
0
  3

 72
65
 73
0
 40
0.0
  0
ENDTAB
  0
TABLE
  2
LAYER
  5
1
330
0
100
AcDbSymbolTable
 70
20
  0
LAYER
  5
27
330
1
100
AcDbSymbolTableRecord
100
AcDbLayerTableRecord
  2
0
 70
0
 62
7
  6
Continuous
370
-3
390
13
347
21
  0
LAYER
  5
28
330
1
100
AcDbSymbolTableRecord
100
AcDbLayerTableRecord
  2
Defpoints
 70
0
 62
7
  6
Continuous
290
0
370
-3
390
13
347
21
  0
LAYER
  5
2F
330
1
100
AcDbSymbolTableRecord
100
AcDbLayerTableRecord
  2
NAVVIS-PLAN-0
 70
0
 62
8
  6
Continuous
370
-3
390
13
347
21
  0
LAYER
  5
30
330
1
100
AcDbSymbolTableRecord
100
AcDbLayerTableRecord
  2
NAVVIS-PLAN-1
 70
0
 62
8
  6
Continuous
370
-3
390
13
347
21
  0
LAYER
  5
31
330
1
100
AcDbSymbolTableRecord
100
AcDbLayerTableRecord
  2
NAVVIS-FOOTPRINT
 70
0
 62
5
  6
Continuous
370
-3
390
13
347
21
  0
LAYER
  5
32
330
1
100
AcDbSymbolTableRecord
100
AcDbLayerTableRecord
  2
NAVVIS-ROOM-0
 70
0
 62
3
  6
Continuous
370
-3
390
13
347
21
  0
LAYER
  5
33
330
1
100
AcDbSymbolTableRecord
100
AcDbLayerTableRecord
  2
NAVVIS-ROOM-1
 70
0
 62
3
  6
Continuous
370
-3
390
13
347
21
  0
LAYER
  5
34
330
1
100
AcDbSymbolTableRecord
100
AcDbLayerTableRecord
  2
LOT-TRACE-0
 70
0
 62
1
  6
Continuous
370
-3
390
13
347
21
  0
LAYER
  5
35
330
1
100
AcDbSymbolTableRecord
100
AcDbLayerTableRecord
  2
LOT-TRACE-1
 70
0
 62
1
  6
Continuous
370
-3
390
13
347
21
  0
LAYER
  5
36
330
1
100
AcDbSymbolTableRecord
100
AcDbLayerTableRecord
  2
NAVVIS-NOTES
 70
0
 62
7
  6
Continuous
370
-3
390
13
347
21
  0
LAYER
  5
BA
330
1
100
AcDbSymbolTableRecord
100
AcDbLayerTableRecord
  2
NAVVIS-MURS-0
 70
0
 62
7
  6
Continuous
370
-3
390
13
347
21
  0
LAYER
  5
BB
330
1
100
AcDbSymbolTableRecord
100
AcDbLayerTableRecord
  2
NAVVIS-MURS-1
 70
0
 62
4
  6
Continuous
370
-3
390
13
347
21
  0
LAYER
  5
BC
330
1
100
AcDbSymbolTableRecord
100
AcDbLayerTableRecord
  2
6190-PLAN-0
 70
0
 62
1
  6
Continuous
370
-3
390
13
347
21
  0
LAYER
  5
BD
330
1
100
AcDbSymbolTableRecord
100
AcDbLayerTableRecord
  2
6190-PLAN-1
 70
0
 62
6
  6
Continuous
370
-3
390
13
347
21
  0
LAYER
  5
BE
330
1
100
AcDbSymbolTableRecord
100
AcDbLayerTableRecord
  2
6190-AIRES-0
 70
0
 62
1
  6
Continuous
370
-3
390
13
347
21
  0
LAYER
  5
BF
330
1
100
AcDbSymbolTableRecord
100
AcDbLayerTableRecord
  2
6190-AIRES-1
 70
0
 62
6
  6
Continuous
370
-3
390
13
347
21
  0
LAYER
  5
C0
330
1
100
AcDbSymbolTableRecord
100
AcDbLayerTableRecord
  2
6190-COTES-0
 70
0
 62
8
  6
Continuous
370
-3
390
13
347
21
  0
LAYER
  5
C1
330
1
100
AcDbSymbolTableRecord
100
AcDbLayerTableRecord
  2
6190-COTES-1
 70
0
 62
8
  6
Continuous
370
-3
390
13
347
21
  0
LAYER
  5
C2
330
1
100
AcDbSymbolTableRecord
100
AcDbLayerTableRecord
  2
6190-LIMITE
 70
0
 62
3
  6
Continuous
370
-3
390
13
347
21
  0
LAYER
  5
C3
330
1
100
AcDbSymbolTableRecord
100
AcDbLayerTableRecord
  2
OVERLAY-NOTES
 70
0
 62
7
  6
Continuous
370
-3
390
13
347
21
  0
ENDTAB
  0
TABLE
  2
STYLE
  5
5
330
0
100
AcDbSymbolTable
 70
1
  0
STYLE
  5
29
330
5
100
AcDbSymbolTableRecord
100
AcDbTextStyleTableRecord
  2
Standard
 70
0
 40
0.0
 41
1.0
 50
0.0
 71
0
 42
2.5
  3
txt
  4

  0
ENDTAB
  0
TABLE
  2
VIEW
  5
7
330
0
100
AcDbSymbolTable
 70
0
  0
ENDTAB
  0
TABLE
  2
UCS
  5
6
330
0
100
AcDbSymbolTable
 70
0
  0
ENDTAB
  0
TABLE
  2
APPID
  5
3
330
0
100
AcDbSymbolTable
 70
3
  0
APPID
  5
2A
330
3
100
AcDbSymbolTableRecord
100
AcDbRegAppTableRecord
  2
ACAD
 70
0
  0
APPID
  5
B7
330
3
100
AcDbSymbolTableRecord
100
AcDbRegAppTableRecord
  2
HATCHBACKGROUNDCOLOR
 70
0
  0
APPID
  5
B8
330
3
100
AcDbSymbolTableRecord
100
AcDbRegAppTableRecord
  2
EZDXF
 70
0
  0
ENDTAB
  0
TABLE
  2
DIMSTYLE
  5
4
330
0
100
AcDbSymbolTable
 70
1
100
AcDbDimStyleTable
  0
DIMSTYLE
105
2B
330
4
100
AcDbSymbolTableRecord
100
AcDbDimStyleTableRecord
  2
Standard
 70
0
 40
1.0
 41
2.5
 42
0.625
 43
3.75
 44
1.25
 45
0.0
 46
0.0
 47
0.0
 48
0.0
 49
2.5
140
2.5
141
2.5
142
0.0
143
0.03937007874
144
1.0
145
0.0
146
1.0
147
0.625
148
0.0
 69
0
 70
0
 71
0
 72
0
 73
0
 74
0
 75
0
 76
0
 77
1
 78
8
 79
3
170
0
171
3
172
1
173
0
174
0
175
0
176
0
177
0
178
0
179
2
271
2
272
2
273
2
274
3
275
0
276
0
277
2
278
44
279
0
280
0
281
0
282
0
283
0
284
8
285
0
286
0
288
0
289
3
290
0
371
-2
372
-2
  0
ENDTAB
  0
TABLE
  2
BLOCK_RECORD
  5
9
330
0
100
AcDbSymbolTable
 70
2
  0
BLOCK_RECORD
  5
17
330
9
100
AcDbSymbolTableRecord
100
AcDbBlockTableRecord
  2
*Model_Space
340
1A
 70
0
280
1
281
0
  0
BLOCK_RECORD
  5
1B
330
9
100
AcDbSymbolTableRecord
100
AcDbBlockTableRecord
  2
*Paper_Space
340
1E
 70
0
280
1
281
0
  0
ENDTAB
  0
ENDSEC
  0
SECTION
  2
BLOCKS
  0
BLOCK
  5
18
330
17
100
AcDbEntity
  8
0
100
AcDbBlockBegin
  2
*Model_Space
 70
0
 10
0.0
 20
0.0
 30
0.0
  3
*Model_Space
  1

  0
ENDBLK
  5
19
330
17
100
AcDbEntity
  8
0
100
AcDbBlockEnd
  0
BLOCK
  5
1C
330
1B
100
AcDbEntity
  8
0
100
AcDbBlockBegin
  2
*Paper_Space
 70
0
 10
0.0
 20
0.0
 30
0.0
  3
*Paper_Space
  1

  0
ENDBLK
  5
1D
330
1B
100
AcDbEntity
  8
0
100
AcDbBlockEnd
  0
ENDSEC
  0
SECTION
  2
ENTITIES
  0
IMAGE
  5
3A
330
17
100
AcDbEntity
  8
NAVVIS-PLAN-0
100
AcDbRasterImage
 90
0
 10
-43.179
 20
-49.13
 30
0.0
 11
0.02272671568627451
 21
0.0
 31
0.0
 12
1.3913596663305514e-18
 22
0.02272262773722628
 32
0.0
 13
1632.0
 23
2740.0
340
39
 70
3
280
0
281
50
282
50
283
0
360
3B
 71
1
 91
2
 14
-0.5
 24
-0.5
 14
1631.5
 24
2739.5
290
0
  0
IMAGE
  5
3D
330
17
100
AcDbEntity
  8
NAVVIS-PLAN-1
100
AcDbRasterImage
 90
0
 10
-43.179
 20
-49.13
 30
0.0
 11
0.02272671568627451
 21
0.0
 31
0.0
 12
1.3913596663305514e-18
 22
0.02272262773722628
 32
0.0
 13
1632.0
 23
2740.0
340
3C
 70
3
280
0
281
50
282
50
283
0
360
3E
 71
1
 91
2
 14
-0.5
 24
-0.5
 14
1631.5
 24
2739.5
290
0
  0
IMAGE
  5
40
330
17
100
AcDbEntity
  8
NAVVIS-PLAN-0
100
AcDbRasterImage
 90
0
 10
-4.255
 20
-40.291
 30
0.0
 11
0.014281115879828325
 21
0.0
 31
0.0
 12
8.744654358199906e-19
 22
0.01428110433847257
 32
0.0
 13
2796.0
 23
2789.0
340
3F
 70
3
280
0
281
50
282
50
283
0
360
41
 71
1
 91
2
 14
-0.5
 24
-0.5
 14
2795.5
 24
2788.5
290
0
  0
IMAGE
  5
43
330
17
100
AcDbEntity
  8
NAVVIS-PLAN-1
100
AcDbRasterImage
 90
0
 10
-4.255
 20
-40.291
 30
0.0
 11
0.014281115879828325
 21
0.0
 31
0.0
 12
8.744654358199906e-19
 22
0.01428110433847257
 32
0.0
 13
2796.0
 23
2789.0
340
42
 70
3
280
0
281
50
282
50
283
0
360
44
 71
1
 91
2
 14
-0.5
 24
-0.5
 14
2795.5
 24
2788.5
290
0
  0
IMAGE
  5
46
330
17
100
AcDbEntity
  8
NAVVIS-PLAN-0
100
AcDbRasterImage
 90
0
 10
-11.623
 20
7.02
 30
0.0
 11
0.014702508960573474
 21
0.0
 31
0.0
 12
8.9980151312454e-19
 22
0.01469487388120423
 32
0.0
 13
2790.0
 23
1229.0
340
45
 70
3
280
0
281
50
282
50
283
0
360
47
 71
1
 91
2
 14
-0.5
 24
-0.5
 14
2789.5
 24
1228.5
290
0
  0
IMAGE
  5
49
330
17
100
AcDbEntity
  8
NAVVIS-PLAN-1
100
AcDbRasterImage
 90
0
 10
-11.623
 20
7.02
 30
0.0
 11
0.014702508960573474
 21
0.0
 31
0.0
 12
8.9980151312454e-19
 22
0.01469487388120423
 32
0.0
 13
2790.0
 23
1229.0
340
48
 70
3
280
0
281
50
282
50
283
0
360
4A
 71
1
 91
2
 14
-0.5
 24
-0.5
 14
2789.5
 24
1228.5
290
0
  0
IMAGE
  5
4C
330
17
100
AcDbEntity
  8
NAVVIS-PLAN-0
100
AcDbRasterImage
 90
0
 10
9.102
 20
-3.852
 30
0.0
 11
0.01
 21
0.0
 31
0.0
 12
6.123233995736766e-19
 22
0.01
 32
0.0
 13
2116.0
 23
1663.0
340
4B
 70
3
280
0
281
50
282
50
283
0
360
4D
 71
1
 91
2
 14
-0.5
 24
-0.5
 14
2115.5
 24
1662.5
290
0
  0
IMAGE
  5
4F
330
17
100
AcDbEntity
  8
NAVVIS-PLAN-1
100
AcDbRasterImage
 90
0
 10
9.102
 20
-3.852
 30
0.0
 11
0.01
 21
0.0
 31
0.0
 12
6.123233995736766e-19
 22
0.01
 32
0.0
 13
2116.0
 23
1663.0
340
4E
 70
3
280
0
281
50
282
50
283
0
360
50
 71
1
 91
2
 14
-0.5
 24
-0.5
 14
2115.5
 24
1662.5
290
0
  0
IMAGE
  5
52
330
17
100
AcDbEntity
  8
NAVVIS-PLAN-0
100
AcDbRasterImage
 90
0
 10
-25.275
 20
2.678
 30
0.0
 11
0.009994689325544344
 21
0.0
 31
0.0
 12
6.123233995736765e-19
 22
0.009999999999999998
 32
0.0
 13
1883.0
 23
1937.0
340
51
 70
3
280
0
281
50
282
50
283
0
360
53
 71
1
 91
2
 14
-0.5
 24
-0.5
 14
1882.5
 24
1936.5
290
0
  0
IMAGE
  5
55
330
17
100
AcDbEntity
  8
NAVVIS-PLAN-1
100
AcDbRasterImage
 90
0
 10
-25.275
 20
2.678
 30
0.0
 11
0.009994689325544344
 21
0.0
 31
0.0
 12
6.123233995736765e-19
 22
0.009999999999999998
 32
0.0
 13
1883.0
 23
1937.0
340
54
 70
3
280
0
281
50
282
50
283
0
360
56
 71
1
 91
2
 14
-0.5
 24
-0.5
 14
1882.5
 24
1936.5
290
0
  0
LWPOLYLINE
  5
57
330
17
100
AcDbEntity
  8
NAVVIS-FOOTPRINT
100
AcDbPolyline
 90
14
 70
1
 10
-23.32038180718353
 20
12.12806956604807
 10
-9.680401115311728
 20
-34.30488575309847
 10
-8.338426083131623
 20
-34.137502119383825
 10
-7.179210667915787
 20
-38.17989433654675
 10
-8.04119136128141
 20
-38.47712905839696
 10
-7.087411315277538
 20
-41.452111042406784
 10
-29.617803231523848
 20
-48.1285299430712
 10
-31.7578932288454
 20
-40.99489661866603
 10
-15.945006026413953
 20
-36.14997065250753
 10
-28.5667618272949
 20
5.737710139411712
 10
-41.43702528340921
 20
2.705915976539518
 10
-42.180112088034754
 20
7.431948053957939
 10
-34.45200931992916
 20
8.888398191023992
 10
-23.32038180718353
 20
12.12806956604807
  0
LWPOLYLINE
  5
58
330
17
100
AcDbEntity
  8
NAVVIS-FOOTPRINT
100
AcDbPolyline
 90
9
 70
1
 10
18.816687964142584
 20
-2.168598534438219
 10
25.30272653409385
 20
-24.0312692990317
 10
-3.2542398739979275
 20
-32.339996115987766
 10
-1.9936505449636543
 20
-36.420886994725834
 10
-0.5621338492806656
 20
-36.14313002392167
 10
0.3465059915224522
 20
-39.289604158069416
 10
34.67519982085145
 20
-29.215390447263985
 10
26.75185455191803
 20
-1.4632503944639383
 10
18.816687964142584
 20
-2.168598534438219
  0
LWPOLYLINE
  5
59
330
17
100
AcDbEntity
  8
NAVVIS-FOOTPRINT
100
AcDbPolyline
 90
12
 70
1
 10
-9.022596829276994
 20
22.754675979958442
 10
-9.170700073242188
 20
20.393207550048828
 10
-9.27173137664795
 20
18.865102767944336
 10
-10.623030662536621
 20
18.801958084106445
 10
-7.6925138038306855
 20
8.020002949532191
 10
4.997127929487705
 20
9.946214205866427
 10
28.39716352371402
 20
11.775994459308144
 10
28.010590230733374
 20
14.58509372163416
 10
25.188605191974673
 20
14.353149745845771
 10
24.594296169247162
 20
24.08034764570148
 10
11.824491724453218
 20
22.817541555298043
 10
-9.022596829276994
 20
22.754675979958442
  0
LWPOLYLINE
  5
5A
330
17
100
AcDbEntity
  8
NAVVIS-FOOTPRINT
100
AcDbPolyline
 90
5
 70
1
 10
10.102531664244264
 20
10.34543473825659
 10
11.160074538868674
 20
-2.8491864404055356
 10
29.261116175283114
 20
-1.2402049616131414
 10
28.39716339111328
 20
11.775994300842285
 10
10.102531664244264
 20
10.34543473825659
  0
LWPOLYLINE
  5
5B
330
17
100
AcDbEntity
  8
NAVVIS-FOOTPRINT
100
AcDbPolyline
 90
12
 70
1
 10
-24.274937966983522
 20
15.922555048168377
 10
-23.32038116455078
 20
12.128069877624512
 10
-20.837715914333224
 20
3.676629112078249
 10
-7.455906925728616
 20
7.1494788213631715
 10
-10.623030463114143
 20
18.801958295978014
 10
-9.271731570501727
 20
18.865103104044014
 10
-9.170699877596125
 20
20.393207459241232
 10
-9.915808612774935
 20
21.049913463127645
 10
-10.875609695378149
 20
20.82259215409004
 10
-11.254478543774152
 20
20.07748341891123
 10
-11.22922062054775
 20
19.534438069543622
 10
-24.274937966983522
 20
15.922555048168377
  0
CIRCLE
  5
5C
330
17
100
AcDbEntity
  8
NAVVIS-ROOM-0
100
AcDbCircle
 10
-18.46
 20
-39.42
 30
0.0
 40
0.3
  0
TEXT
  5
5D
330
17
100
AcDbEntity
  8
NAVVIS-ROOM-0
100
AcDbText
 10
-18.060000000000002
 20
-39.42
 30
0.0
 40
0.35
  1
G25 128.8m2 H10.6
 11
-18.060000000000002
 21
-39.42
 31
0.0
100
AcDbText
  0
CIRCLE
  5
5E
330
17
100
AcDbEntity
  8
NAVVIS-ROOM-0
100
AcDbCircle
 10
-19.31
 20
-19.72
 30
0.0
 40
0.3
  0
TEXT
  5
5F
330
17
100
AcDbEntity
  8
NAVVIS-ROOM-0
100
AcDbText
 10
-18.91
 20
-19.72
 30
0.0
 40
0.35
  1
G19 63.5m2 H4.0
 11
-18.91
 21
-19.72
 31
0.0
100
AcDbText
  0
CIRCLE
  5
60
330
17
100
AcDbEntity
  8
NAVVIS-ROOM-0
100
AcDbCircle
 10
-21.8
 20
-9.91
 30
0.0
 40
0.3
  0
TEXT
  5
61
330
17
100
AcDbEntity
  8
NAVVIS-ROOM-0
100
AcDbText
 10
-21.400000000000002
 20
-9.91
 30
0.0
 40
0.35
  1
G17 56.1m2 H3.6
 11
-21.400000000000002
 21
-9.91
 31
0.0
100
AcDbText
  0
CIRCLE
  5
62
330
17
100
AcDbEntity
  8
NAVVIS-ROOM-0
100
AcDbCircle
 10
-16.39
 20
-30.0
 30
0.0
 40
0.3
  0
TEXT
  5
63
330
17
100
AcDbEntity
  8
NAVVIS-ROOM-0
100
AcDbText
 10
-15.99
 20
-30.0
 30
0.0
 40
0.35
  1
G23 48.4m2 H3.6
 11
-15.99
 21
-30.0
 31
0.0
100
AcDbText
  0
CIRCLE
  5
64
330
17
100
AcDbEntity
  8
NAVVIS-ROOM-0
100
AcDbCircle
 10
-24.32
 20
-1.75
 30
0.0
 40
0.3
  0
TEXT
  5
65
330
17
100
AcDbEntity
  8
NAVVIS-ROOM-0
100
AcDbText
 10
-23.92
 20
-1.75
 30
0.0
 40
0.35
  1
G14 36.6m2 H3.3
 11
-23.92
 21
-1.75
 31
0.0
100
AcDbText
  0
CIRCLE
  5
66
330
17
100
AcDbEntity
  8
NAVVIS-ROOM-0
100
AcDbCircle
 10
-28.61
 20
10.31
 30
0.0
 40
0.3
  0
TEXT
  5
67
330
17
100
AcDbEntity
  8
NAVVIS-ROOM-0
100
AcDbText
 10
-28.21
 20
10.31
 30
0.0
 40
0.35
  1
G7 19.4m2 H3.1
 11
-28.21
 21
10.31
 31
0.0
100
AcDbText
  0
CIRCLE
  5
68
330
17
100
AcDbEntity
  8
NAVVIS-ROOM-0
100
AcDbCircle
 10
-33.52
 20
8.41
 30
0.0
 40
0.3
  0
TEXT
  5
69
330
17
100
AcDbEntity
  8
NAVVIS-ROOM-0
100
AcDbText
 10
-33.120000000000005
 20
8.41
 30
0.0
 40
0.35
  1
G9 18.9m2 H2.6
 11
-33.120000000000005
 21
8.41
 31
0.0
100
AcDbText
  0
CIRCLE
  5
6A
330
17
100
AcDbEntity
  8
NAVVIS-ROOM-0
100
AcDbCircle
 10
-27.14
 20
2.52
 30
0.0
 40
0.3
  0
TEXT
  5
6B
330
17
100
AcDbEntity
  8
NAVVIS-ROOM-0
100
AcDbText
 10
-26.740000000000002
 20
2.52
 30
0.0
 40
0.35
  1
G12 12.7m2 H3.3
 11
-26.740000000000002
 21
2.52
 31
0.0
100
AcDbText
  0
CIRCLE
  5
6C
330
17
100
AcDbEntity
  8
NAVVIS-ROOM-0
100
AcDbCircle
 10
-28.2
 20
6.08
 30
0.0
 40
0.3
  0
TEXT
  5
6D
330
17
100
AcDbEntity
  8
NAVVIS-ROOM-0
100
AcDbText
 10
-27.8
 20
6.08
 30
0.0
 40
0.35
  1
G11 12.3m2 H3.4
 11
-27.8
 21
6.08
 31
0.0
100
AcDbText
  0
CIRCLE
  5
6E
330
17
100
AcDbEntity
  8
NAVVIS-ROOM-0
100
AcDbCircle
 10
24.35
 20
-13.55
 30
0.0
 40
0.3
  0
TEXT
  5
6F
330
17
100
AcDbEntity
  8
NAVVIS-ROOM-0
100
AcDbText
 10
24.75
 20
-13.55
 30
0.0
 40
0.35
  1
G18 69.8m2 H3.3
 11
24.75
 21
-13.55
 31
0.0
100
AcDbText
  0
CIRCLE
  5
70
330
17
100
AcDbEntity
  8
NAVVIS-ROOM-0
100
AcDbCircle
 10
27.6
 20
-23.06
 30
0.0
 40
0.3
  0
TEXT
  5
71
330
17
100
AcDbEntity
  8
NAVVIS-ROOM-0
100
AcDbText
 10
28.0
 20
-23.06
 30
0.0
 40
0.35
  1
G20 69.2m2 H3.3
 11
28.0
 21
-23.06
 31
0.0
100
AcDbText
  0
CIRCLE
  5
72
330
17
100
AcDbEntity
  8
NAVVIS-ROOM-0
100
AcDbCircle
 10
22.12
 20
-26.85
 30
0.0
 40
0.3
  0
TEXT
  5
73
330
17
100
AcDbEntity
  8
NAVVIS-ROOM-0
100
AcDbText
 10
22.52
 20
-26.85
 30
0.0
 40
0.35
  1
G21 28.6m2 H3.3
 11
22.52
 21
-26.85
 31
0.0
100
AcDbText
  0
CIRCLE
  5
74
330
17
100
AcDbEntity
  8
NAVVIS-ROOM-0
100
AcDbCircle
 10
22.63
 20
-6.85
 30
0.0
 40
0.3
  0
TEXT
  5
75
330
17
100
AcDbEntity
  8
NAVVIS-ROOM-0
100
AcDbText
 10
23.029999999999998
 20
-6.85
 30
0.0
 40
0.35
  1
G16 28.2m2 H3.2
 11
23.029999999999998
 21
-6.85
 31
0.0
100
AcDbText
  0
CIRCLE
  5
76
330
17
100
AcDbEntity
  8
NAVVIS-ROOM-0
100
AcDbCircle
 10
20.84
 20
-2.51
 30
0.0
 40
0.3
  0
TEXT
  5
77
330
17
100
AcDbEntity
  8
NAVVIS-ROOM-0
100
AcDbText
 10
21.24
 20
-2.51
 30
0.0
 40
0.35
  1
G15 27.1m2 H2.9
 11
21.24
 21
-2.51
 31
0.0
100
AcDbText
  0
CIRCLE
  5
78
330
17
100
AcDbEntity
  8
NAVVIS-ROOM-0
100
AcDbCircle
 10
17.64
 20
-29.41
 30
0.0
 40
0.3
  0
TEXT
  5
79
330
17
100
AcDbEntity
  8
NAVVIS-ROOM-0
100
AcDbText
 10
18.04
 20
-29.41
 30
0.0
 40
0.35
  1
G22 25.6m2 H3.3
 11
18.04
 21
-29.41
 31
0.0
100
AcDbText
  0
CIRCLE
  5
7A
330
17
100
AcDbEntity
  8
NAVVIS-ROOM-0
100
AcDbCircle
 10
-0.17
 20
-34.79
 30
0.0
 40
0.3
  0
TEXT
  5
7B
330
17
100
AcDbEntity
  8
NAVVIS-ROOM-0
100
AcDbText
 10
0.23
 20
-34.79
 30
0.0
 40
0.35
  1
G24 18.1m2 H2.8
 11
0.23
 21
-34.79
 31
0.0
100
AcDbText
  0
CIRCLE
  5
7C
330
17
100
AcDbEntity
  8
NAVVIS-ROOM-0
100
AcDbCircle
 10
9.04
 20
17.27
 30
0.0
 40
0.3
  0
TEXT
  5
7D
330
17
100
AcDbEntity
  8
NAVVIS-ROOM-0
100
AcDbText
 10
9.44
 20
17.27
 30
0.0
 40
0.35
  1
G2 245.0m2 H4.4
 11
9.44
 21
17.27
 31
0.0
100
AcDbText
  0
CIRCLE
  5
7E
330
17
100
AcDbEntity
  8
NAVVIS-ROOM-0
100
AcDbCircle
 10
-6.32
 20
20.24
 30
0.0
 40
0.3
  0
TEXT
  5
7F
330
17
100
AcDbEntity
  8
NAVVIS-ROOM-0
100
AcDbText
 10
-5.92
 20
20.24
 30
0.0
 40
0.35
  1
G1 68.6m2 H3.8
 11
-5.92
 21
20.24
 31
0.0
100
AcDbText
  0
CIRCLE
  5
80
330
17
100
AcDbEntity
  8
NAVVIS-ROOM-0
100
AcDbCircle
 10
-4.68
 20
12.71
 30
0.0
 40
0.3
  0
TEXT
  5
81
330
17
100
AcDbEntity
  8
NAVVIS-ROOM-0
100
AcDbText
 10
-4.279999999999999
 20
12.71
 30
0.0
 40
0.35
  1
G5 27.6m2 H3.1
 11
-4.279999999999999
 21
12.71
 31
0.0
100
AcDbText
  0
CIRCLE
  5
82
330
17
100
AcDbEntity
  8
NAVVIS-ROOM-0
100
AcDbCircle
 10
0.63
 20
13.24
 30
0.0
 40
0.3
  0
TEXT
  5
83
330
17
100
AcDbEntity
  8
NAVVIS-ROOM-0
100
AcDbText
 10
1.03
 20
13.24
 30
0.0
 40
0.35
  1
G4 21.1m2 H3.1
 11
1.03
 21
13.24
 31
0.0
100
AcDbText
  0
CIRCLE
  5
84
330
17
100
AcDbEntity
  8
NAVVIS-ROOM-0
100
AcDbCircle
 10
18.24
 20
8.67
 30
0.0
 40
0.3
  0
TEXT
  5
85
330
17
100
AcDbEntity
  8
NAVVIS-ROOM-0
100
AcDbText
 10
18.639999999999997
 20
8.67
 30
0.0
 40
0.35
  1
G8 120.7m2 H11.7
 11
18.639999999999997
 21
8.67
 31
0.0
100
AcDbText
  0
CIRCLE
  5
86
330
17
100
AcDbEntity
  8
NAVVIS-ROOM-0
100
AcDbCircle
 10
19.02
 20
1.47
 30
0.0
 40
0.3
  0
TEXT
  5
87
330
17
100
AcDbEntity
  8
NAVVIS-ROOM-0
100
AcDbText
 10
19.419999999999998
 20
1.47
 30
0.0
 40
0.35
  1
G13 71.7m2 H4.0
 11
19.419999999999998
 21
1.47
 31
0.0
100
AcDbText
  0
CIRCLE
  5
88
330
17
100
AcDbEntity
  8
NAVVIS-ROOM-0
100
AcDbCircle
 10
-18.79
 20
16.82
 30
0.0
 40
0.3
  0
TEXT
  5
89
330
17
100
AcDbEntity
  8
NAVVIS-ROOM-0
100
AcDbText
 10
-18.39
 20
16.82
 30
0.0
 40
0.35
  1
G3 66.6m2 H3.6
 11
-18.39
 21
16.82
 31
0.0
100
AcDbText
  0
CIRCLE
  5
8A
330
17
100
AcDbEntity
  8
NAVVIS-ROOM-0
100
AcDbCircle
 10
-13.8
 20
10.8
 30
0.0
 40
0.3
  0
TEXT
  5
8B
330
17
100
AcDbEntity
  8
NAVVIS-ROOM-0
100
AcDbText
 10
-13.4
 20
10.8
 30
0.0
 40
0.35
  1
G6 32.5m2 H3.6
 11
-13.4
 21
10.8
 31
0.0
100
AcDbText
  0
CIRCLE
  5
8C
330
17
100
AcDbEntity
  8
NAVVIS-ROOM-0
100
AcDbCircle
 10
-20.84
 20
8.27
 30
0.0
 40
0.3
  0
TEXT
  5
8D
330
17
100
AcDbEntity
  8
NAVVIS-ROOM-0
100
AcDbText
 10
-20.44
 20
8.27
 30
0.0
 40
0.35
  1
G10 25.4m2 H3.4
 11
-20.44
 21
8.27
 31
0.0
100
AcDbText
  0
CIRCLE
  5
8E
330
17
100
AcDbEntity
  8
NAVVIS-ROOM-1
100
AcDbCircle
 10
-16.12
 20
-16.66
 30
0.0
 40
0.3
  0
TEXT
  5
8F
330
17
100
AcDbEntity
  8
NAVVIS-ROOM-1
100
AcDbText
 10
-15.72
 20
-16.66
 30
0.0
 40
0.35
  1
F18 158.3m2 H5.4
 11
-15.72
 21
-16.66
 31
0.0
100
AcDbText
  0
CIRCLE
  5
90
330
17
100
AcDbEntity
  8
NAVVIS-ROOM-1
100
AcDbCircle
 10
-32.76
 20
6.62
 30
0.0
 40
0.3
  0
TEXT
  5
91
330
17
100
AcDbEntity
  8
NAVVIS-ROOM-1
100
AcDbText
 10
-32.36
 20
6.62
 30
0.0
 40
0.35
  1
F14 53.5m2 H2.4
 11
-32.36
 21
6.62
 31
0.0
100
AcDbText
  0
CIRCLE
  5
92
330
17
100
AcDbEntity
  8
NAVVIS-ROOM-1
100
AcDbCircle
 10
-22.15
 20
7.46
 30
0.0
 40
0.3
  0
TEXT
  5
93
330
17
100
AcDbEntity
  8
NAVVIS-ROOM-1
100
AcDbText
 10
-21.75
 20
7.46
 30
0.0
 40
0.35
  1
F13 43.0m2 H2.7
 11
-21.75
 21
7.46
 31
0.0
100
AcDbText
  0
CIRCLE
  5
94
330
17
100
AcDbEntity
  8
NAVVIS-ROOM-1
100
AcDbCircle
 10
-18.94
 20
-5.18
 30
0.0
 40
0.3
  0
TEXT
  5
95
330
17
100
AcDbEntity
  8
NAVVIS-ROOM-1
100
AcDbText
 10
-18.540000000000003
 20
-5.18
 30
0.0
 40
0.35
  1
F17 27.1m2 H2.6
 11
-18.540000000000003
 21
-5.18
 31
0.0
100
AcDbText
  0
CIRCLE
  5
96
330
17
100
AcDbEntity
  8
NAVVIS-ROOM-1
100
AcDbCircle
 10
-21.58
 20
3.2
 30
0.0
 40
0.3
  0
TEXT
  5
97
330
17
100
AcDbEntity
  8
NAVVIS-ROOM-1
100
AcDbText
 10
-21.18
 20
3.2
 30
0.0
 40
0.35
  1
F15 20.0m2 H2.6
 11
-21.18
 21
3.2
 31
0.0
100
AcDbText
  0
CIRCLE
  5
98
330
17
100
AcDbEntity
  8
NAVVIS-ROOM-1
100
AcDbCircle
 10
-20.2
 20
-0.79
 30
0.0
 40
0.3
  0
TEXT
  5
99
330
17
100
AcDbEntity
  8
NAVVIS-ROOM-1
100
AcDbText
 10
-19.8
 20
-0.79
 30
0.0
 40
0.35
  1
F16 13.2m2 H2.6
 11
-19.8
 21
-0.79
 31
0.0
100
AcDbText
  0
CIRCLE
  5
9A
330
17
100
AcDbEntity
  8
NAVVIS-ROOM-1
100
AcDbCircle
 10
18.02
 20
-28.95
 30
0.0
 40
0.3
  0
TEXT
  5
9B
330
17
100
AcDbEntity
  8
NAVVIS-ROOM-1
100
AcDbText
 10
18.419999999999998
 20
-28.95
 30
0.0
 40
0.35
  1
F19 348.4m2 H5.6
 11
18.419999999999998
 21
-28.95
 31
0.0
100
AcDbText
  0
CIRCLE
  5
9C
330
17
100
AcDbEntity
  8
NAVVIS-ROOM-1
100
AcDbCircle
 10
-2.7
 20
-34.07
 30
0.0
 40
0.3
  0
TEXT
  5
9D
330
17
100
AcDbEntity
  8
NAVVIS-ROOM-1
100
AcDbText
 10
-2.3000000000000003
 20
-34.07
 30
0.0
 40
0.35
  1
F20 20.6m2 H3.8
 11
-2.3000000000000003
 21
-34.07
 31
0.0
100
AcDbText
  0
CIRCLE
  5
9E
330
17
100
AcDbEntity
  8
NAVVIS-ROOM-1
100
AcDbCircle
 10
-0.38
 20
20.14
 30
0.0
 40
0.3
  0
TEXT
  5
9F
330
17
100
AcDbEntity
  8
NAVVIS-ROOM-1
100
AcDbText
 10
0.020000000000000018
 20
20.14
 30
0.0
 40
0.35
  1
F4 23.9m2 H5.1
 11
0.020000000000000018
 21
20.14
 31
0.0
100
AcDbText
  0
CIRCLE
  5
A0
330
17
100
AcDbEntity
  8
NAVVIS-ROOM-1
100
AcDbCircle
 10
-5.01
 20
21.26
 30
0.0
 40
0.3
  0
TEXT
  5
A1
330
17
100
AcDbEntity
  8
NAVVIS-ROOM-1
100
AcDbText
 10
-4.609999999999999
 20
21.26
 30
0.0
 40
0.35
  1
F3 19.4m2 H2.5
 11
-4.609999999999999
 21
21.26
 31
0.0
100
AcDbText
  0
CIRCLE
  5
A2
330
17
100
AcDbEntity
  8
NAVVIS-ROOM-1
100
AcDbCircle
 10
-4.31
 20
17.42
 30
0.0
 40
0.3
  0
TEXT
  5
A3
330
17
100
AcDbEntity
  8
NAVVIS-ROOM-1
100
AcDbText
 10
-3.9099999999999997
 20
17.42
 30
0.0
 40
0.35
  1
F7 18.7m2
 11
-3.9099999999999997
 21
17.42
 31
0.0
100
AcDbText
  0
CIRCLE
  5
A4
330
17
100
AcDbEntity
  8
NAVVIS-ROOM-1
100
AcDbCircle
 10
3.59
 20
18.55
 30
0.0
 40
0.3
  0
TEXT
  5
A5
330
17
100
AcDbEntity
  8
NAVVIS-ROOM-1
100
AcDbText
 10
3.9899999999999998
 20
18.55
 30
0.0
 40
0.35
  1
F5 18.2m2 H2.3
 11
3.9899999999999998
 21
18.55
 31
0.0
100
AcDbText
  0
CIRCLE
  5
A6
330
17
100
AcDbEntity
  8
NAVVIS-ROOM-1
100
AcDbCircle
 10
3.34
 20
22.47
 30
0.0
 40
0.3
  0
TEXT
  5
A7
330
17
100
AcDbEntity
  8
NAVVIS-ROOM-1
100
AcDbText
 10
3.7399999999999998
 20
22.47
 30
0.0
 40
0.35
  1
F2 13.4m2 H7.9
 11
3.7399999999999998
 21
22.47
 31
0.0
100
AcDbText
  0
CIRCLE
  5
A8
330
17
100
AcDbEntity
  8
NAVVIS-ROOM-1
100
AcDbCircle
 10
-25.36
 20
26.64
 30
0.0
 40
0.3
  0
TEXT
  5
A9
330
17
100
AcDbEntity
  8
NAVVIS-ROOM-1
100
AcDbText
 10
-24.96
 20
26.64
 30
0.0
 40
0.35
  1
F1 161.4m2 H5.7
 11
-24.96
 21
26.64
 31
0.0
100
AcDbText
  0
CIRCLE
  5
AA
330
17
100
AcDbEntity
  8
NAVVIS-ROOM-1
100
AcDbCircle
 10
-17.29
 20
8.44
 30
0.0
 40
0.3
  0
TEXT
  5
AB
330
17
100
AcDbEntity
  8
NAVVIS-ROOM-1
100
AcDbText
 10
-16.89
 20
8.44
 30
0.0
 40
0.35
  1
F12 26.5m2 H3.5
 11
-16.89
 21
8.44
 31
0.0
100
AcDbText
  0
CIRCLE
  5
AC
330
17
100
AcDbEntity
  8
NAVVIS-ROOM-1
100
AcDbCircle
 10
-15.23
 20
16.34
 30
0.0
 40
0.3
  0
TEXT
  5
AD
330
17
100
AcDbEntity
  8
NAVVIS-ROOM-1
100
AcDbText
 10
-14.83
 20
16.34
 30
0.0
 40
0.35
  1
F8 22.7m2 H3.5
 11
-14.83
 21
16.34
 31
0.0
100
AcDbText
  0
CIRCLE
  5
AE
330
17
100
AcDbEntity
  8
NAVVIS-ROOM-1
100
AcDbCircle
 10
-12.85
 20
9.2
 30
0.0
 40
0.3
  0
TEXT
  5
AF
330
17
100
AcDbEntity
  8
NAVVIS-ROOM-1
100
AcDbText
 10
-12.45
 20
9.2
 30
0.0
 40
0.35
  1
F11 22.4m2 H3.5
 11
-12.45
 21
9.2
 31
0.0
100
AcDbText
  0
CIRCLE
  5
B0
330
17
100
AcDbEntity
  8
NAVVIS-ROOM-1
100
AcDbCircle
 10
-9.17
 20
10.55
 30
0.0
 40
0.3
  0
TEXT
  5
B1
330
17
100
AcDbEntity
  8
NAVVIS-ROOM-1
100
AcDbText
 10
-8.77
 20
10.55
 30
0.0
 40
0.35
  1
F10 21.7m2 H3.5
 11
-8.77
 21
10.55
 31
0.0
100
AcDbText
  0
CIRCLE
  5
B2
330
17
100
AcDbEntity
  8
NAVVIS-ROOM-1
100
AcDbCircle
 10
-19.66
 20
15.17
 30
0.0
 40
0.3
  0
TEXT
  5
B3
330
17
100
AcDbEntity
  8
NAVVIS-ROOM-1
100
AcDbText
 10
-19.26
 20
15.17
 30
0.0
 40
0.35
  1
F9 17.6m2 H3.5
 11
-19.26
 21
15.17
 31
0.0
100
AcDbText
  0
CIRCLE
  5
B4
330
17
100
AcDbEntity
  8
NAVVIS-ROOM-1
100
AcDbCircle
 10
-10.8
 20
17.51
 30
0.0
 40
0.3
  0
TEXT
  5
B5
330
17
100
AcDbEntity
  8
NAVVIS-ROOM-1
100
AcDbText
 10
-10.4
 20
17.51
 30
0.0
 40
0.35
  1
F6 16.8m2 H3.5
 11
-10.4
 21
17.51
 31
0.0
100
AcDbText
  0
MTEXT
  5
B6
330
17
100
AcDbEntity
  8
NAVVIS-NOTES
100
AcDbMText
 10
-43.0
 20
-52.0
 30
0.0
 40
0.5
 71
1
  3
FERME DU TEMPLE — plans as-built NavVis (orthophotos, coupe horizontale ~1.2 m au-dessus du sol, coordonnees site metres, EPSG:8370). PLAN-0 = rez, PLAN-1 = etage. Tracer les lots sur LOT-TRACE-*. Aires 6190 indicatives. F19/F18/G25 = volumes non clo
  1
isonnes a redecouper.
  0
LINE
  5
C4
330
17
100
AcDbEntity
  8
NAVVIS-MURS-0
100
AcDbLine
 10
-40.45118155935779
 20
5.0423932009143755
 30
0.0
 11
-35.08798835161724
 21
5.963958350053872
 31
0.0
  0
LINE
  5
C5
330
17
100
AcDbEntity
  8
NAVVIS-MURS-0
100
AcDbLine
 10
-40.57733157154871
 20
2.897956181783229
 30
0.0
 11
-41.0599407505797
 21
5.706575645817793
 31
0.0
  0
LINE
  5
C6
330
17
100
AcDbEntity
  8
NAVVIS-MURS-0
100
AcDbLine
 10
-22.880865379076567
 20
-6.4539576667157235
 30
0.0
 11
-18.53255428200646
 21
-5.706781160246464
 31
0.0
  0
LINE
  5
C7
330
17
100
AcDbEntity
  8
NAVVIS-MURS-0
100
AcDbLine
 10
-23.435071504311054
 20
-4.306902544616605
 30
0.0
 11
-23.674567875583307
 21
-2.9131160209071822
 31
0.0
  0
LINE
  5
C8
330
17
100
AcDbEntity
  8
NAVVIS-MURS-0
100
AcDbLine
 10
-22.82513215902145
 20
-7.134209412615746
 30
0.0
 11
-22.953896288963733
 21
-6.38484645531571
 31
0.0
  0
LINE
  5
C9
330
17
100
AcDbEntity
  8
NAVVIS-MURS-0
100
AcDbLine
 10
-23.168923920733505
 20
-5.133459581047646
 30
0.0
 11
-23.27132443418668
 21
-4.5375238059205
 31
0.0
  0
LINE
  5
CA
330
17
100
AcDbEntity
  8
NAVVIS-MURS-0
100
AcDbLine
 10
-19.86203068193572
 20
-5.961273634296958
 30
0.0
 11
-20.4682984254614
 21
-2.433003847952932
 31
0.0
  0
LINE
  5
CB
330
17
100
AcDbEntity
  8
NAVVIS-MURS-0
100
AcDbLine
 10
-23.08589890759322
 20
-7.211101036620676
 30
0.0
 11
-23.223739308072254
 21
-6.408917305787327
 31
0.0
  0
LINE
  5
CC
330
17
100
AcDbEntity
  8
NAVVIS-MURS-0
100
AcDbLine
 10
-21.827074497938156
 20
-7.2776508364477195
 30
0.0
 11
-19.554035938490415
 21
-6.887071374207153
 31
0.0
  0
LINE
  5
CD
330
17
100
AcDbEntity
  8
NAVVIS-MURS-0
100
AcDbLine
 10
-25.05115300088073
 20
-3.25586741285224
 30
0.0
 11
-24.40743704873603
 21
-3.14525678139762
 31
0.0
  0
LINE
  5
CE
330
17
100
AcDbEntity
  8
NAVVIS-MURS-0
100
AcDbLine
 10
-21.52562147070421
 20
-2.650070294519537
 30
0.0
 11
-20.5308291859983
 21
-2.479133715372882
 31
0.0
  0
LINE
  5
CF
330
17
100
AcDbEntity
  8
NAVVIS-MURS-0
100
AcDbLine
 10
-24.330019318236737
 20
-3.0613118209148524
 30
0.0
 11
-22.743696567602456
 21
-2.7887317169079324
 31
0.0
  0
LINE
  5
D0
330
17
100
AcDbEntity
  8
NAVVIS-MURS-0
100
AcDbLine
 10
-20.691479722911026
 20
-2.436096365301637
 30
0.0
 11
-20.040526554425014
 21
-2.324242152608349
 31
0.0
  0
LINE
  5
D1
330
17
100
AcDbEntity
  8
NAVVIS-MURS-0
100
AcDbLine
 10
-34.98656688914343
 20
5.8637863116309745
 30
0.0
 11
-35.14944212893897
 21
6.811664198234212
 31
0.0
  0
LINE
  5
D2
330
17
100
AcDbEntity
  8
NAVVIS-MURS-0
100
AcDbLine
 10
-41.12988573563052
 20
6.568651624198537
 30
0.0
 11
-41.30475528132229
 21
7.586332246588427
 31
0.0
  0
LINE
  5
D3
330
17
100
AcDbEntity
  8
NAVVIS-MURS-0
100
AcDbLine
 10
-39.979820251464844
 20
3.5899925231933594
 30
0.0
 11
-39.354820251464844
 21
4.464992523193359
 31
0.0
  0
LINE
  5
D4
330
17
100
AcDbEntity
  8
NAVVIS-MURS-0
100
AcDbLine
 10
-40.1867136227811
 20
3.097263095827657
 30
0.0
 11
-40.649586776897195
 21
5.791025681828614
 31
0.0
  0
LINE
  5
D5
330
17
100
AcDbEntity
  8
NAVVIS-MURS-0
100
AcDbLine
 10
-40.77827004948631
 20
6.539918077207403
 30
0.0
 11
-40.96627888207149
 21
7.634064831130672
 31
0.0
  0
LINE
  5
D6
330
17
100
AcDbEntity
  8
NAVVIS-MURS-0
100
AcDbLine
 10
-20.578420877747703
 20
-2.3431489392678486
 30
0.0
 11
-19.756216401452548
 21
-2.201868369753356
 31
0.0
  0
LINE
  5
D7
330
17
100
AcDbEntity
  8
NAVVIS-MURS-0
100
AcDbLine
 10
-34.88344139713445
 20
7.014355599152623
 30
0.0
 11
-35.05119549580559
 21
7.9906267667829525
 31
0.0
  0
LINE
  5
D8
330
17
100
AcDbEntity
  8
NAVVIS-MURS-0
100
AcDbLine
 10
-18.38067216349009
 20
-6.430862255423563
 30
0.0
 11
-18.68766004726058
 21
-4.644298337560031
 31
0.0
  0
LINE
  5
D9
330
17
100
AcDbEntity
  8
NAVVIS-MURS-0
100
AcDbLine
 10
-40.656316765147494
 20
5.8774448172189295
 30
0.0
 11
-39.928321103798226
 21
6.002537351494539
 31
0.0
  0
LINE
  5
DA
330
17
100
AcDbEntity
  8
NAVVIS-MURS-0
100
AcDbLine
 10
-24.046523227370926
 20
-7.790273997394252
 30
0.0
 11
-23.30735616700258
 21
-7.663261865658569
 31
0.0
  0
LINE
  5
DB
330
17
100
AcDbEntity
  8
NAVVIS-MURS-0
100
AcDbLine
 10
-22.572534885432106
 20
-7.536996475289925
 30
0.0
 11
-21.917863494090852
 21
-7.424503355068737
 31
0.0
  0
LINE
  5
DC
330
17
100
AcDbEntity
  8
NAVVIS-MURS-0
100
AcDbLine
 10
-23.657106173501234
 20
-5.210430741775781
 30
0.0
 11
-23.77691297067213
 21
-4.5131963809690205
 31
0.0
  0
LINE
  5
DD
330
17
100
AcDbEntity
  8
NAVVIS-MURS-0
100
AcDbLine
 10
-19.85007693542866
 20
-2.7263334231829504
 30
0.0
 11
-19.984560738535947
 21
-1.943683934820001
 31
0.0
  0
LINE
  5
DE
330
17
100
AcDbEntity
  8
NAVVIS-MURS-0
100
AcDbLine
 10
-39.42981719970703
 20
3.189990997314453
 30
0.0
 11
-40.004817962646484
 21
3.5899925231933594
 31
0.0
  0
LINE
  5
DF
330
17
100
AcDbEntity
  8
NAVVIS-MURS-0
100
AcDbLine
 10
-34.5674807105388
 20
4.7078414644056465
 30
0.0
 11
-34.767515499232104
 21
5.871975147529156
 31
0.0
  0
LINE
  5
E0
330
17
100
AcDbEntity
  8
NAVVIS-MURS-0
100
AcDbLine
 10
-22.129817962646484
 20
-1.9600086212158203
 30
0.0
 11
-21.629817962646484
 21
-1.2350082397460938
 31
0.0
  0
LINE
  5
E1
330
17
100
AcDbEntity
  8
NAVVIS-MURS-0
100
AcDbLine
 10
-34.52401685900986
 20
5.9407499361550435
 30
0.0
 11
-34.69597897678614
 21
6.94151032793161
 31
0.0
  0
LINE
  5
E2
330
17
100
AcDbEntity
  8
NAVVIS-MURS-0
100
AcDbLine
 10
-19.954818725585938
 20
-3.2350082397460938
 30
0.0
 11
-19.47981834411621
 21
-1.885009765625
 31
0.0
  0
LINE
  5
E3
330
17
100
AcDbEntity
  8
NAVVIS-MURS-0
100
AcDbLine
 10
-24.11542322281457
 20
-7.66202461643843
 30
0.0
 11
-24.219214661512524
 21
-7.057994134680484
 31
0.0
  0
LINE
  5
E4
330
17
100
AcDbEntity
  8
NAVVIS-MURS-0
100
AcDbLine
 10
-24.85481834411621
 20
-3.060009002685547
 30
0.0
 11
-25.47981834411621
 21
-2.8600082397460938
 31
0.0
  0
LINE
  5
E5
330
17
100
AcDbEntity
  8
NAVVIS-MURS-0
100
AcDbLine
 10
-22.129817962646484
 20
-1.9350090026855469
 30
0.0
 11
-22.72981834411621
 21
-1.4850082397460938
 31
0.0
  0
LINE
  5
E6
330
17
100
AcDbEntity
  8
NAVVIS-MURS-0
100
AcDbLine
 10
-22.52981948852539
 20
-2.8350086212158203
 30
0.0
 11
-22.129817962646484
 21
-2.260009765625
 31
0.0
  0
LINE
  5
E7
330
17
100
AcDbEntity
  8
NAVVIS-MURS-0
100
AcDbLine
 10
-39.35881810054707
 20
4.539282854733756
 30
0.0
 11
-39.500822065005195
 21
5.365697096189251
 31
0.0
  0
LINE
  5
E8
330
17
100
AcDbEntity
  8
NAVVIS-MURS-0
100
AcDbLine
 10
-34.624398778760224
 20
8.0836164434877
 30
0.0
 11
-33.78631542138464
 21
8.227625503815943
 31
0.0
  0
LINE
  5
E9
330
17
100
AcDbEntity
  8
NAVVIS-MURS-0
100
AcDbLine
 10
-40.576511123159435
 20
3.014010196289746
 30
0.0
 11
-39.983129034226295
 21
3.115971888153581
 31
0.0
  0
LINE
  5
EA
330
17
100
AcDbEntity
  8
NAVVIS-MURS-0
100
AcDbLine
 10
-17.829818725585938
 20
-6.735008239746094
 30
0.0
 11
-18.65481948852539
 21
-6.285009384155273
 31
0.0
  0
LINE
  5
EB
330
17
100
AcDbEntity
  8
NAVVIS-MURS-0
100
AcDbLine
 10
-19.52981948852539
 20
-6.910009384155273
 30
0.0
 11
-19.379817962646484
 21
-6.21000862121582
 31
0.0
  0
LINE
  5
EC
330
17
100
AcDbEntity
  8
NAVVIS-MURS-0
100
AcDbLine
 10
-18.555892887568916
 20
-4.804985527400277
 30
0.0
 11
-18.678744340562844
 21
-4.09003231661336
 31
0.0
  0
LINE
  5
ED
330
17
100
AcDbEntity
  8
NAVVIS-MURS-0
100
AcDbLine
 10
-18.954818725585938
 20
-6.83500862121582
 30
0.0
 11
-19.379817962646484
 21
-6.185009002685547
 31
0.0
  0
LINE
  5
EE
330
17
100
AcDbEntity
  8
NAVVIS-MURS-0
100
AcDbLine
 10
-40.742103835436865
 20
6.5920151768950745
 30
0.0
 11
-40.91753563647217
 21
7.612967932174797
 31
0.0
  0
LINE
  5
EF
330
17
100
AcDbEntity
  8
NAVVIS-MURS-0
100
AcDbLine
 10
-34.824780344381
 20
6.944686904724222
 30
0.0
 11
-34.93485730716202
 21
7.585296975346864
 31
0.0
  0
LINE
  5
F0
330
17
100
AcDbEntity
  8
NAVVIS-MURS-0
100
AcDbLine
 10
-34.90481948852539
 20
7.814990997314453
 30
0.0
 11
-35.379817962646484
 21
8.414989471435547
 31
0.0
  0
LINE
  5
F1
330
17
100
AcDbEntity
  8
NAVVIS-MURS-0
100
AcDbLine
 10
-34.65481948852539
 20
7.939990997314453
 30
0.0
 11
-34.004817962646484
 21
8.689990997314453
 31
0.0
  0
LINE
  5
F2
330
17
100
AcDbEntity
  8
NAVVIS-MURS-0
100
AcDbLine
 10
-19.079818725585938
 20
-6.760009765625
 30
0.0
 11
-18.47981834411621
 21
-6.08500862121582
 31
0.0
  0
LINE
  5
F3
330
17
100
AcDbEntity
  8
NAVVIS-MURS-0
100
AcDbLine
 10
-23.40481948852539
 20
-7.685009002685547
 30
0.0
 11
-22.829818725585938
 21
-7.035009384155273
 31
0.0
  0
LINE
  5
F4
330
17
100
AcDbEntity
  8
NAVVIS-MURS-0
100
AcDbLine
 10
-23.65481948852539
 20
-3.1100082397460938
 30
0.0
 11
-23.254817962646484
 21
-2.4850082397460938
 31
0.0
  0
LINE
  5
F5
330
17
100
AcDbEntity
  8
NAVVIS-MURS-0
100
AcDbLine
 10
-24.329818725585938
 20
-8.21000862121582
 30
0.0
 11
-24.10481834411621
 21
-7.635009765625
 31
0.0
  0
LINE
  5
F6
330
17
100
AcDbEntity
  8
NAVVIS-MURS-0
100
AcDbLine
 10
15.951001863417332
 20
-33.496329314875766
 30
0.0
 11
23.66726270246727
 21
-32.03135148185538
 31
0.0
  0
LINE
  5
F7
330
17
100
AcDbEntity
  8
NAVVIS-MURS-0
100
AcDbLine
 10
24.657120711752214
 20
-31.843421074663638
 30
0.0
 11
25.278477544430643
 21
-31.725452798928018
 31
0.0
  0
LINE
  5
F8
330
17
100
AcDbEntity
  8
NAVVIS-MURS-0
100
AcDbLine
 10
26.50485475359892
 20
-2.430474332970334
 30
0.0
 11
26.322993446330656
 21
-1.4725828889932018
 31
0.0
  0
LINE
  5
F9
330
17
100
AcDbEntity
  8
NAVVIS-MURS-0
100
AcDbLine
 10
3.470429830806097
 20
-36.09255792357726
 30
0.0
 11
2.786367566077388
 21
-32.489496885755216
 31
0.0
  0
LINE
  5
FA
330
17
100
AcDbEntity
  8
NAVVIS-MURS-0
100
AcDbLine
 10
2.615357381873764
 20
-31.58875997402356
 30
0.0
 11
2.401371313157142
 21
-30.461662476387573
 31
0.0
  0
LINE
  5
FB
330
17
100
AcDbEntity
  8
NAVVIS-MURS-0
100
AcDbLine
 10
10.608989827567711
 20
-35.31357059335278
 30
0.0
 11
11.312316680981894
 21
-35.18003982359369
 31
0.0
  0
LINE
  5
FC
330
17
100
AcDbEntity
  8
NAVVIS-MURS-0
100
AcDbLine
 10
17.463371831414406
 20
-34.01222556314315
 30
0.0
 11
19.04338328310405
 21
-33.7122510287154
 31
0.0
  0
LINE
  5
FD
330
17
100
AcDbEntity
  8
NAVVIS-MURS-0
100
AcDbLine
 10
20.864034853337216
 20
-33.366589542187285
 30
0.0
 11
21.664052996973624
 21
-33.21470135814161
 31
0.0
  0
LINE
  5
FE
330
17
100
AcDbEntity
  8
NAVVIS-MURS-0
100
AcDbLine
 10
10.633295566411107
 20
-35.13593491332722
 30
0.0
 11
12.278156071464764
 21
-34.82364840195805
 31
0.0
  0
LINE
  5
FF
330
17
100
AcDbEntity
  8
NAVVIS-MURS-0
100
AcDbLine
 10
15.89791984576732
 20
-34.13641480516526
 30
0.0
 11
17.35415067091526
 21
-33.85994075598137
 31
0.0
  0
LINE
  5
100
330
17
100
AcDbEntity
  8
NAVVIS-MURS-0
100
AcDbLine
 10
21.794175239367178
 20
-33.01697578803578
 30
0.0
 11
23.39827387848345
 21
-32.712428158381954
 31
0.0
  0
LINE
  5
101
330
17
100
AcDbEntity
  8
NAVVIS-MURS-0
100
AcDbLine
 10
10.004004588568932
 20
-36.74937339202734
 30
0.0
 11
9.648843323797337
 21
-34.878684448616696
 31
0.0
  0
LINE
  5
102
330
17
100
AcDbEntity
  8
NAVVIS-MURS-0
100
AcDbLine
 10
26.624410791744594
 20
-6.991870545680285
 30
0.0
 11
26.153438169538276
 21
-4.51118539107847
 31
0.0
  0
LINE
  5
103
330
17
100
AcDbEntity
  8
NAVVIS-MURS-0
100
AcDbLine
 10
15.018054961255984
 20
-33.879301950510126
 30
0.0
 11
15.700486441943212
 21
-33.74973829103692
 31
0.0
  0
LINE
  5
104
330
17
100
AcDbEntity
  8
NAVVIS-MURS-0
100
AcDbLine
 10
23.84902748913737
 20
-32.20268949956517
 30
0.0
 11
24.580950527320965
 21
-32.06372957470012
 31
0.0
  0
LINE
  5
105
330
17
100
AcDbEntity
  8
NAVVIS-MURS-0
100
AcDbLine
 10
24.673403746579424
 20
-31.760656846672646
 30
0.0
 11
31.320752092069597
 21
-30.498618383004214
 31
0.0
  0
LINE
  5
106
330
17
100
AcDbEntity
  8
NAVVIS-MURS-0
100
AcDbLine
 10
9.980254140333273
 20
-34.74348019625177
 30
0.0
 11
16.79566731058003
 21
-33.44953362995875
 31
0.0
  0
LINE
  5
107
330
17
100
AcDbEntity
  8
NAVVIS-MURS-0
100
AcDbLine
 10
26.72232141882705
 20
-5.081679147275281
 30
0.0
 11
26.32668030014611
 21
-2.997776594609604
 31
0.0
  0
LINE
  5
108
330
17
100
AcDbEntity
  8
NAVVIS-MURS-0
100
AcDbLine
 10
10.674261667983956
 20
-35.24463768811256
 30
0.0
 11
11.469758624429232
 21
-35.09360787823971
 31
0.0
  0
LINE
  5
109
330
17
100
AcDbEntity
  8
NAVVIS-MURS-0
100
AcDbLine
 10
15.978611366692348
 20
-34.23757547372952
 30
0.0
 11
16.812609068409074
 21
-34.07923606928671
 31
0.0
  0
LINE
  5
10A
330
17
100
AcDbEntity
  8
NAVVIS-MURS-0
100
AcDbLine
 10
17.462354333445546
 20
-33.95587808149867
 30
0.0
 11
18.16094921081094
 21
-33.8232457053964
 31
0.0
  0
LINE
  5
10B
330
17
100
AcDbEntity
  8
NAVVIS-MURS-0
100
AcDbLine
 10
26.432571111043217
 20
-7.1872111037082504
 30
0.0
 11
28.52027837804053
 21
-6.790847511059837
 31
0.0
  0
LINE
  5
10C
330
17
100
AcDbEntity
  8
NAVVIS-MURS-0
100
AcDbLine
 10
16.707203179990756
 20
-34.63206384664227
 30
0.0
 11
18.345643710606964
 21
-34.32099620543886
 31
0.0
  0
LINE
  5
10D
330
17
100
AcDbEntity
  8
NAVVIS-MURS-0
100
AcDbLine
 10
13.963923454284668
 20
-34.964027404785156
 30
0.0
 11
14.663923263549805
 21
-34.41402816772461
 31
0.0
  0
LINE
  5
10E
330
17
100
AcDbEntity
  8
NAVVIS-MURS-0
100
AcDbLine
 10
3.541116535430774
 20
-36.15165810837061
 30
0.0
 11
4.712178586763912
 21
-35.92932504029886
 31
0.0
  0
LINE
  5
10F
330
17
100
AcDbEntity
  8
NAVVIS-MURS-0
100
AcDbLine
 10
5.47549471691309
 20
-38.025068637143704
 30
0.0
 11
5.077352048960165
 21
-35.92799004005792
 31
0.0
  0
LINE
  5
110
330
17
100
AcDbEntity
  8
NAVVIS-MURS-0
100
AcDbLine
 10
13.086702342858189
 20
-35.00252004606591
 30
0.0
 11
14.31500629238144
 21
-34.7693192645238
 31
0.0
  0
LINE
  5
111
330
17
100
AcDbEntity
  8
NAVVIS-MURS-0
100
AcDbLine
 10
2.5177394111960893
 20
-32.41332623249036
 30
0.0
 11
2.3851070804230403
 21
-31.71473137063731
 31
0.0
  0
LINE
  5
112
330
17
100
AcDbEntity
  8
NAVVIS-MURS-0
100
AcDbLine
 10
19.467806010172353
 20
-33.86486822363804
 30
0.0
 11
20.135042270092526
 21
-33.73818946683605
 31
0.0
  0
LINE
  5
113
330
17
100
AcDbEntity
  8
NAVVIS-MURS-0
100
AcDbLine
 10
11.456361584117985
 20
-35.831281051330734
 30
0.0
 11
12.296486414023093
 21
-35.671778375282884
 31
0.0
  0
LINE
  5
114
330
17
100
AcDbEntity
  8
NAVVIS-MURS-0
100
AcDbLine
 10
15.499221220277832
 20
-34.1244341465208
 30
0.0
 11
16.609138984407764
 21
-33.9137096836057
 31
0.0
  0
LINE
  5
115
330
17
100
AcDbEntity
  8
NAVVIS-MURS-0
100
AcDbLine
 10
20.506125731524662
 20
-33.17384366309852
 30
0.0
 11
21.18545545185043
 21
-33.04486889120017
 31
0.0
  0
LINE
  5
116
330
17
100
AcDbEntity
  8
NAVVIS-MURS-0
100
AcDbLine
 10
22.892086918247514
 20
-32.72085479689122
 30
0.0
 11
23.81795146634977
 21
-32.54507392740925
 31
0.0
  0
LINE
  5
117
330
17
100
AcDbEntity
  8
NAVVIS-MURS-0
100
AcDbLine
 10
26.5065385196649
 20
-2.9576657911238726
 30
0.0
 11
26.37130891889683
 21
-2.2453907090821303
 31
0.0
  0
LINE
  5
118
330
17
100
AcDbEntity
  8
NAVVIS-MURS-0
100
AcDbLine
 10
12.408856767215184
 20
-35.78571514974465
 30
0.0
 11
12.243991303475923
 21
-34.917343424560386
 31
0.0
  0
LINE
  5
119
330
17
100
AcDbEntity
  8
NAVVIS-MURS-0
100
AcDbLine
 10
11.531177611264866
 20
-35.88258471938025
 30
0.0
 11
12.121670000007725
 21
-35.77047624117404
 31
0.0
  0
LINE
  5
11A
330
17
100
AcDbEntity
  8
NAVVIS-MURS-0
100
AcDbLine
 10
15.978117202190333
 20
-34.480484728424926
 30
0.0
 11
15.824730713429744
 21
-33.67257452807098
 31
0.0
  0
LINE
  5
11B
330
17
100
AcDbEntity
  8
NAVVIS-MURS-0
100
AcDbLine
 10
13.913923263549805
 20
-34.91402816772461
 30
0.0
 11
14.588923454284668
 21
-34.439029693603516
 31
0.0
  0
LINE
  5
11C
330
17
100
AcDbEntity
  8
NAVVIS-MURS-0
100
AcDbLine
 10
5.575123742528376
 20
-37.973880504461704
 30
0.0
 11
5.45272294303868
 21
-37.32917668961454
 31
0.0
  0
LINE
  5
11D
330
17
100
AcDbEntity
  8
NAVVIS-MURS-0
100
AcDbLine
 10
9.958780212327838
 20
-36.652011349535314
 30
0.0
 11
9.669067127018934
 21
-35.12604802173155
 31
0.0
  0
LINE
  5
11E
330
17
100
AcDbEntity
  8
NAVVIS-MURS-0
100
AcDbLine
 10
13.463923454284668
 20
-35.089027404785156
 30
0.0
 11
12.713923454284668
 21
-34.86402893066406
 31
0.0
  0
LINE
  5
11F
330
17
100
AcDbEntity
  8
NAVVIS-MURS-0
100
AcDbLine
 10
14.813922882080078
 20
-34.36402893066406
 30
0.0
 11
15.513923645019531
 21
-33.66402816772461
 31
0.0
  0
LINE
  5
120
330
17
100
AcDbEntity
  8
NAVVIS-MURS-0
100
AcDbLine
 10
12.363923072814941
 20
-35.41402816772461
 30
0.0
 11
11.713923454284668
 21
-34.91402816772461
 31
0.0
  0
LINE
  5
121
330
17
100
AcDbEntity
  8
NAVVIS-MURS-0
100
AcDbLine
 10
14.388923645019531
 20
-35.439029693603516
 30
0.0
 11
13.838923454284668
 21
-34.78902816772461
 31
0.0
  0
LINE
  5
122
330
17
100
AcDbEntity
  8
NAVVIS-MURS-0
100
AcDbLine
 10
5.001658547640545
 20
11.010926804083283
 30
0.0
 11
4.373388898355188
 21
14.868647772294935
 31
0.0
  0
LINE
  5
123
330
17
100
AcDbEntity
  8
NAVVIS-MURS-0
100
AcDbLine
 10
3.4349233910179464
 20
20.6310430586891
 30
0.0
 11
3.142115893875598
 21
22.428948818909703
 31
0.0
  0
LINE
  5
124
330
17
100
AcDbEntity
  8
NAVVIS-MURS-0
100
AcDbLine
 10
4.951198004899197
 20
9.895042958130944
 30
0.0
 11
8.39933463933994
 21
10.456607678192086
 31
0.0
  0
LINE
  5
125
330
17
100
AcDbEntity
  8
NAVVIS-MURS-0
100
AcDbLine
 10
4.593172808774398
 20
14.035482496532495
 30
0.0
 11
4.448003143857932
 21
14.926857817554264
 31
0.0
  0
LINE
  5
126
330
17
100
AcDbEntity
  8
NAVVIS-MURS-0
100
AcDbLine
 10
4.077625791062019
 20
17.20106043369742
 30
0.0
 11
3.145101957314182
 21
22.92697247004253
 31
0.0
  0
LINE
  5
127
330
17
100
AcDbEntity
  8
NAVVIS-MURS-0
100
AcDbLine
 10
3.261454925959697
 20
14.748358552504214
 30
0.0
 11
3.114077227655798
 21
15.653291709008045
 31
0.0
  0
LINE
  5
128
330
17
100
AcDbEntity
  8
NAVVIS-MURS-0
100
AcDbLine
 10
4.7249914438289125
 20
9.677493249400868
 30
0.0
 11
5.625540805442142
 21
9.824157028633635
 31
0.0
  0
LINE
  5
129
330
17
100
AcDbEntity
  8
NAVVIS-MURS-0
100
AcDbLine
 10
3.2505189552757656
 20
14.698364963507629
 30
0.0
 11
4.398946938992594
 21
14.885398340542451
 31
0.0
  0
LINE
  5
12A
330
17
100
AcDbEntity
  8
NAVVIS-MURS-0
100
AcDbLine
 10
3.748656045354437
 20
20.32869874483731
 30
0.0
 11
3.651876165837166
 21
20.922949590720236
 31
0.0
  0
LINE
  5
12B
330
17
100
AcDbEntity
  8
NAVVIS-MURS-0
100
AcDbLine
 10
3.5752663612365723
 20
19.600826263427734
 30
0.0
 11
3.0002663135528564
 21
19.950824737548828
 31
0.0
  0
LINE
  5
12C
330
17
100
AcDbEntity
  8
NAVVIS-MURS-0
100
AcDbLine
 10
3.6562381661788095
 20
20.53214263623522
 30
0.0
 11
3.5442940047068987
 21
21.2195056808996
 31
0.0
  0
LINE
  5
12D
330
17
100
AcDbEntity
  8
NAVVIS-MURS-0
100
AcDbLine
 10
14.595292093188618
 20
-2.802849205749226
 30
0.0
 11
14.43164914647059
 21
-1.8505035288108047
 31
0.0
  0
LINE
  5
12E
330
17
100
AcDbEntity
  8
NAVVIS-MURS-0
100
AcDbLine
 10
14.243072508339537
 20
-0.7530523417808581
 30
0.0
 11
13.242178515254636
 21
5.071806514635682
 31
0.0
  0
LINE
  5
12F
330
17
100
AcDbEntity
  8
NAVVIS-MURS-0
100
AcDbLine
 10
14.175305736833252
 20
-2.8358242495160084
 30
0.0
 11
14.036622520710807
 21
-2.028735621497617
 31
0.0
  0
LINE
  5
130
330
17
100
AcDbEntity
  8
NAVVIS-MURS-0
100
AcDbLine
 10
13.826503360818606
 20
-0.8059143658465473
 30
0.0
 11
12.914662975017563
 21
4.500683119447785
 31
0.0
  0
LINE
  5
131
330
17
100
AcDbEntity
  8
NAVVIS-MURS-0
100
AcDbLine
 10
10.30917617630621
 20
4.605437245772919
 30
0.0
 11
13.2094583693397
 21
5.10379687747627
 31
0.0
  0
LINE
  5
132
330
17
100
AcDbEntity
  8
NAVVIS-MURS-0
100
AcDbLine
 10
10.507614697984536
 20
4.158566666665138
 30
0.0
 11
12.781069604272489
 21
4.549217670384678
 31
0.0
  0
LINE
  5
133
330
17
100
AcDbEntity
  8
NAVVIS-MURS-0
100
AcDbLine
 10
14.194334127299953
 20
-1.7321595982648432
 30
0.0
 11
14.077362663010717
 21
-1.0514258998155128
 31
0.0
  0
LINE
  5
134
330
17
100
AcDbEntity
  8
NAVVIS-MURS-1
100
AcDbLine
 10
-36.16697892497177
 20
4.174913364608074
 30
0.0
 11
-36.7666812138923
 21
8.071241285535507
 31
0.0
  0
LINE
  5
135
330
17
100
AcDbEntity
  8
NAVVIS-MURS-1
100
AcDbLine
 10
-41.727767887190566
 20
4.901998028290109
 30
0.0
 11
-36.499604431024636
 21
5.706689355094568
 31
0.0
  0
LINE
  5
136
330
17
100
AcDbEntity
  8
NAVVIS-MURS-1
100
AcDbLine
 10
-42.131254114210606
 20
7.396507347075385
 30
0.0
 11
-36.992412181250984
 21
8.187450776429614
 31
0.0
  0
LINE
  5
137
330
17
100
AcDbEntity
  8
NAVVIS-MURS-1
100
AcDbLine
 10
-41.07994906976819
 20
5.072993445472093
 30
0.0
 11
-41.449474789144006
 21
7.473840339866001
 31
0.0
  0
LINE
  5
138
330
17
100
AcDbEntity
  8
NAVVIS-MURS-1
100
AcDbLine
 10
-39.08426754214452
 20
5.326039784296881
 30
0.0
 11
-39.4451598933083
 21
7.670794790770742
 31
0.0
  0
LINE
  5
139
330
17
100
AcDbEntity
  8
NAVVIS-MURS-1
100
AcDbLine
 10
-18.212658616757835
 20
-16.439708432910265
 30
0.0
 11
-18.366765558166662
 21
-15.438459663768299
 31
0.0
  0
LINE
  5
13A
330
17
100
AcDbEntity
  8
NAVVIS-MURS-1
100
AcDbLine
 10
-17.92721176147461
 20
-17.251583099365234
 30
0.0
 11
-18.37721061706543
 21
-16.60158348083496
 31
0.0
  0
LINE
  5
13B
330
17
100
AcDbEntity
  8
NAVVIS-MURS-1
100
AcDbLine
 10
-20.477210998535156
 20
-16.876583099365234
 30
0.0
 11
-19.852210998535156
 21
-16.326583862304688
 31
0.0
  0
LINE
  5
13C
330
17
100
AcDbEntity
  8
NAVVIS-MURS-1
100
AcDbLine
 10
-41.30030046426691
 20
6.373708070954308
 30
0.0
 11
-41.45412569686596
 21
7.3731265487585915
 31
0.0
  0
LINE
  5
13D
330
17
100
AcDbEntity
  8
NAVVIS-MURS-1
100
AcDbLine
 10
-18.231417028873693
 20
-16.824121131343418
 30
0.0
 11
-18.32300752600713
 21
-16.229048179695383
 31
0.0
  0
LINE
  5
13E
330
17
100
AcDbEntity
  8
NAVVIS-MURS-1
100
AcDbLine
 10
-20.30221176147461
 20
-16.951583862304688
 30
0.0
 11
-19.80221176147461
 21
-16.17658233642578
 31
0.0
  0
LINE
  5
13F
330
17
100
AcDbEntity
  8
NAVVIS-MURS-1
100
AcDbLine
 10
-40.25206705197343
 20
7.597448642074596
 30
0.0
 11
-39.42736161657376
 21
7.724382950196741
 31
0.0
  0
LINE
  5
140
330
17
100
AcDbEntity
  8
NAVVIS-MURS-1
100
AcDbLine
 10
-36.64372072745755
 20
7.774602873047115
 30
0.0
 11
-36.73570487549296
 21
8.372233415444498
 31
0.0
  0
LINE
  5
141
330
17
100
AcDbEntity
  8
NAVVIS-MURS-1
100
AcDbLine
 10
-20.452211380004883
 20
-17.126583099365234
 30
0.0
 11
-19.977210998535156
 21
-16.30158233642578
 31
0.0
  0
LINE
  5
142
330
17
100
AcDbEntity
  8
NAVVIS-MURS-1
100
AcDbLine
 10
-17.92721176147461
 20
-17.151582717895508
 30
0.0
 11
-18.50221061706543
 21
-16.60158348083496
 31
0.0
  0
LINE
  5
143
330
17
100
AcDbEntity
  8
NAVVIS-MURS-1
100
AcDbLine
 10
4.486749745861744
 20
-35.8961444474553
 30
0.0
 11
10.314434314190294
 21
-34.68398424993211
 31
0.0
  0
LINE
  5
144
330
17
100
AcDbEntity
  8
NAVVIS-MURS-1
100
AcDbLine
 10
1.8642285285750404
 20
-36.48254332893703
 30
0.0
 11
0.7538269046199275
 21
-31.144080770667642
 31
0.0
  0
LINE
  5
145
330
17
100
AcDbEntity
  8
NAVVIS-MURS-1
100
AcDbLine
 10
26.747499419012456
 20
-5.1381765945552615
 30
0.0
 11
25.978684256697306
 21
-1.441954552254174
 31
0.0
  0
LINE
  5
146
330
17
100
AcDbEntity
  8
NAVVIS-MURS-1
100
AcDbLine
 10
26.475536997182644
 20
-7.1122778910939815
 30
0.0
 11
27.65064720083319
 21
-6.867854604322929
 31
0.0
  0
LINE
  5
147
330
17
100
AcDbEntity
  8
NAVVIS-MURS-1
100
AcDbLine
 10
10.757823013467714
 20
-36.503677509725094
 30
0.0
 11
10.39335983437195
 21
-34.75145291497756
 31
0.0
  0
LINE
  5
148
330
17
100
AcDbEntity
  8
NAVVIS-MURS-1
100
AcDbLine
 10
26.498705697376863
 20
-6.884845111286268
 30
0.0
 11
26.15247721974447
 21
-5.220287239004392
 31
0.0
  0
LINE
  5
149
330
17
100
AcDbEntity
  8
NAVVIS-MURS-1
100
AcDbLine
 10
27.745425408924348
 20
-7.048840175179066
 30
0.0
 11
28.4307579438464
 21
-6.906290795377572
 31
0.0
  0
LINE
  5
14A
330
17
100
AcDbEntity
  8
NAVVIS-MURS-1
100
AcDbLine
 10
4.412672223843401
 20
-35.90055173795554
 30
0.0
 11
7.638511469776859
 21
-35.22957617440261
 31
0.0
  0
LINE
  5
14B
330
17
100
AcDbEntity
  8
NAVVIS-MURS-1
100
AcDbLine
 10
1.9792153845482972
 20
-36.69305878580781
 30
0.0
 11
1.8219690479018027
 21
-35.93706774401653
 31
0.0
  0
LINE
  5
14C
330
17
100
AcDbEntity
  8
NAVVIS-MURS-1
100
AcDbLine
 10
7.601684463807032
 20
13.042334422745625
 30
0.0
 11
6.9846603928890545
 21
16.83100493872189
 31
0.0
  0
LINE
  5
14D
330
17
100
AcDbEntity
  8
NAVVIS-MURS-1
100
AcDbLine
 10
6.210905767220538
 20
21.582037313331966
 30
0.0
 11
6.090281908996985
 21
22.322695703653153
 31
0.0
  0
LINE
  5
14E
330
17
100
AcDbEntity
  8
NAVVIS-MURS-1
100
AcDbLine
 10
6.895984295915696
 20
16.845500130511937
 30
0.0
 11
5.906976652666344
 21
22.918235821955022
 31
0.0
  0
LINE
  5
14F
330
17
100
AcDbEntity
  8
NAVVIS-MURS-1
100
AcDbLine
 10
7.776486781207495
 20
12.396401060905191
 30
0.0
 11
7.560447476702393
 21
13.722932361459243
 31
0.0
  0
LINE
  5
150
330
17
100
AcDbEntity
  8
NAVVIS-MURS-1
100
AcDbLine
 10
11.569535867776722
 20
-3.039767936701537
 30
0.0
 11
10.977550878873444
 21
0.5951568240561755
 31
0.0
  0
LINE
  5
151
330
17
100
AcDbEntity
  8
NAVVIS-MURS-1
100
AcDbLine
 10
10.876494340249337
 20
1.2156673460558522
 30
0.0
 11
10.387595488224179
 21
4.2176193820050685
 31
0.0
  0
LINE
  5
152
330
17
100
AcDbEntity
  8
NAVVIS-MURS-1
100
AcDbLine
 10
12.089818865744746
 20
-2.8612277007487137
 30
0.0
 11
11.193286169946077
 21
2.643690423501539
 31
0.0
  0
LINE
  5
153
330
17
100
AcDbEntity
  8
NAVVIS-MURS-1
100
AcDbLine
 10
11.286964242972317
 20
1.8202907422819408
 30
0.0
 11
10.92527330222947
 21
4.041156779334415
 31
0.0
  0
LINE
  5
154
330
17
100
AcDbEntity
  8
NAVVIS-MURS-1
100
AcDbLine
 10
10.791297306874185
 20
0.40904883155599236
 30
0.0
 11
11.508569714569603
 21
0.525864062961773
 31
0.0
  0
LINE
  5
155
330
17
100
AcDbEntity
  8
NAVVIS-MURS-1
100
AcDbLine
 10
10.612434387207031
 20
2.79245662689209
 30
0.0
 11
11.262434005737305
 21
3.392456531524658
 31
0.0
  0
LWPOLYLINE
  5
156
330
17
100
AcDbEntity
  8
6190-PLAN-0
100
AcDbPolyline
 90
5
 70
0
 10
34.884673000669174
 20
-29.42270429709498
 10
29.083332794386774
 20
-9.43149381925708
 10
29.17007686200623
 20
-9.394215313194724
 10
27.786592105942375
 20
-4.59376359040305
 10
27.636402473827953
 20
-4.6380319963702314
  0
LWPOLYLINE
  5
157
330
17
100
AcDbEntity
  8
6190-PLAN-0
100
AcDbPolyline
 90
2
 70
0
 10
-20.858031260165514
 20
3.2987955439929797
 10
-14.839448879637061
 20
4.929556158971525
  0
LWPOLYLINE
  5
158
330
17
100
AcDbEntity
  8
6190-PLAN-0
100
AcDbPolyline
 90
2
 70
0
 10
-7.472686634167599
 20
7.924594322834031
 10
-7.266684865675367
 20
7.953335514406194
  0
LWPOLYLINE
  5
159
330
17
100
AcDbEntity
  8
6190-PLAN-0
100
AcDbPolyline
 90
2
 70
0
 10
4.805747580975405
 20
9.637671021198415
 10
7.700488008797268
 20
9.920107575238163
  0
LWPOLYLINE
  5
15A
330
17
100
AcDbEntity
  8
6190-PLAN-0
100
AcDbPolyline
 90
4
 70
0
 10
-38.65446743492182
 20
-50.93848062507432
 10
-41.685559285864436
 20
-39.052137193683215
 10
-43.74335336497224
 20
-31.31124449011061
 10
-49.229463188825775
 20
-10.689891283176674
  0
LINE
  5
15B
330
17
100
AcDbEntity
  8
6190-PLAN-0
100
AcDbLine
 10
0.16768517011984674
 20
-39.656613546752546
 30
0.0
 11
34.884673000669174
 21
-29.42270429709498
 31
0.0
  0
LINE
  5
15C
330
17
100
AcDbEntity
  8
6190-PLAN-0
100
AcDbLine
 10
29.850468947388087
 20
3.858110460621252
 30
0.0
 11
28.905986044084635
 21
3.7900126024215384
 31
0.0
  0
LINE
  5
15D
330
17
100
AcDbEntity
  8
6190-PLAN-0
100
AcDbLine
 10
28.905986044084635
 20
3.7900126024215384
 30
0.0
 11
28.835662119592666
 21
4.7653699211014855
 31
0.0
  0
LINE
  5
15E
330
17
100
AcDbEntity
  8
6190-PLAN-0
100
AcDbLine
 10
29.187309562128178
 20
11.392767990703327
 30
0.0
 11
29.188542238846356
 21
12.132735182761603
 31
0.0
  0
LINE
  5
15F
330
17
100
AcDbEntity
  8
6190-PLAN-0
100
AcDbLine
 10
-3.445205531401153
 20
-32.31923848470923
 30
0.0
 11
-2.551600116701139
 21
-35.329412983560985
 31
0.0
  0
LINE
  5
160
330
17
100
AcDbEntity
  8
6190-PLAN-0
100
AcDbLine
 10
11.974963094469647
 20
10.511155220943785
 30
0.0
 11
13.443824132383194
 21
10.583382206031299
 31
0.0
  0
LINE
  5
161
330
17
100
AcDbEntity
  8
6190-PLAN-0
100
AcDbLine
 10
19.26985027207415
 20
-2.2998870353128105
 30
0.0
 11
26.448911581609877
 21
-1.751180635487963
 31
0.0
  0
LINE
  5
162
330
17
100
AcDbEntity
  8
6190-PLAN-0
100
AcDbLine
 10
28.79849138988567
 20
-9.514482665620712
 30
0.0
 11
21.885746116359613
 21
-11.5285183582834
 31
0.0
  0
LINE
  5
163
330
17
100
AcDbEntity
  8
6190-PLAN-0
100
AcDbLine
 10
-44.86022256783911
 20
-9.52749744539162
 30
0.0
 11
-49.229463188825775
 21
-10.689891283176674
 31
0.0
  0
LINE
  5
164
330
17
100
AcDbEntity
  8
6190-PLAN-0
100
AcDbLine
 10
-37.33849133544062
 20
-37.80040510680828
 30
0.0
 11
-44.86022256783911
 21
-9.52749744539162
 31
0.0
  0
LINE
  5
165
330
17
100
AcDbEntity
  8
6190-LIMITE
100
AcDbLine
 10
-6.876134298016535
 20
-41.55367533868031
 30
0.0
 11
-6.876134298016535
 21
-41.55367533868031
 31
0.0
  0
LINE
  5
166
330
17
100
AcDbEntity
  8
6190-PLAN-0
100
AcDbLine
 10
-10.067147141159197
 20
-34.20276677573632
 30
0.0
 11
-10.115826719755805
 21
-34.041400415371015
 31
0.0
  0
LINE
  5
167
330
17
100
AcDbEntity
  8
6190-PLAN-0
100
AcDbLine
 10
-12.35167674861204
 20
-26.629853488757817
 30
0.0
 11
-18.000247107959066
 21
-28.333864314734498
 31
0.0
  0
LINE
  5
168
330
17
100
AcDbEntity
  8
6190-PLAN-0
100
AcDbLine
 10
-12.017392042396434
 20
-26.006753388294324
 30
0.0
 11
-18.62334720840801
 21
-27.999579608518893
 31
0.0
  0
LINE
  5
169
330
17
100
AcDbEntity
  8
6190-PLAN-0
100
AcDbLine
 10
-12.851327380680825
 20
-24.973577773131236
 30
0.0
 11
-15.603738087755072
 21
-15.849700565614317
 31
0.0
  0
LINE
  5
16A
330
17
100
AcDbEntity
  8
6190-PLAN-0
100
AcDbLine
 10
-15.603738087755072
 20
-15.849700565614317
 30
0.0
 11
-21.252308447189407
 21
-17.553711391590998
 31
0.0
  0
LINE
  5
16B
330
17
100
AcDbEntity
  8
6190-PLAN-0
100
AcDbLine
 10
-15.74814578492995
 20
-15.371008162223838
 30
0.0
 11
-21.39671614427697
 21
-17.07501898830238
 31
0.0
  0
LINE
  5
16C
330
17
100
AcDbEntity
  8
6190-PLAN-0
100
AcDbLine
 10
-21.252308447189407
 20
-17.553711391590998
 30
0.0
 11
-18.517226663670208
 21
-26.620145510773234
 31
0.0
  0
LINE
  5
16D
330
17
100
AcDbEntity
  8
6190-PLAN-0
100
AcDbLine
 10
-15.74814578492995
 20
-15.371008162223838
 30
0.0
 11
-17.937366473241912
 21
-8.114031327701326
 31
0.0
  0
LINE
  5
16E
330
17
100
AcDbEntity
  8
6190-PLAN-0
100
AcDbLine
 10
-20.651514747775643
 20
-6.457317971693536
 30
0.0
 11
-20.755488289688003
 21
-6.112659441263448
 31
0.0
  0
LINE
  5
16F
330
17
100
AcDbEntity
  8
6190-PLAN-0
100
AcDbLine
 10
-18.47745126057321
 20
-6.323721739216217
 30
0.0
 11
-18.601911285446295
 21
-6.361267740482558
 31
0.0
  0
LINE
  5
170
330
17
100
AcDbEntity
  8
6190-PLAN-0
100
AcDbLine
 10
-18.621858957646225
 20
-5.845029335825733
 30
0.0
 11
-20.651514747775643
 21
-6.457317971693536
 31
0.0
  0
LINE
  5
171
330
17
100
AcDbEntity
  8
6190-PLAN-0
100
AcDbLine
 10
-22.231199678878376
 20
-6.933863372156717
 30
0.0
 11
-24.270429316993244
 21
-7.549040161918827
 31
0.0
  0
LINE
  5
172
330
17
100
AcDbEntity
  8
6190-PLAN-0
100
AcDbLine
 10
-20.755488289688003
 20
-6.112659441263448
 30
0.0
 11
-22.335173220703428
 21
-6.589204841726625
 31
0.0
  0
LINE
  5
173
330
17
100
AcDbEntity
  8
6190-PLAN-0
100
AcDbLine
 10
-20.4413959414181
 20
0.1864949461987484
 30
0.0
 11
-21.341337659646108
 21
-0.08499152440677848
 31
0.0
  0
LINE
  5
174
330
17
100
AcDbEntity
  8
6190-PLAN-0
100
AcDbLine
 10
-20.571362868844933
 20
0.6173181092399944
 30
0.0
 11
-21.471304587072936
 21
0.34583163863446753
 31
0.0
  0
LINE
  5
175
330
17
100
AcDbEntity
  8
6190-PLAN-0
100
AcDbLine
 10
-26.089966300765127
 20
-1.5175158798797943
 30
0.0
 11
-24.270429317095108
 21
-7.549040161918833
 31
0.0
  0
LINE
  5
176
330
17
100
AcDbEntity
  8
6190-PLAN-0
100
AcDbLine
 10
-22.335173220703428
 20
-6.589204841726625
 30
0.0
 11
-22.231199678878376
 21
-6.933863372156717
 31
0.0
  0
LINE
  5
177
330
17
100
AcDbEntity
  8
6190-PLAN-0
100
AcDbLine
 10
-30.009956519182765
 20
9.745523218039022
 30
0.0
 11
-29.283523409948963
 21
7.337493605691031
 31
0.0
  0
LINE
  5
178
330
17
100
AcDbEntity
  8
6190-PLAN-0
100
AcDbLine
 10
-13.200497860836226
 20
-36.02926891290218
 30
0.0
 11
-11.082647856657257
 21
-42.99921405469428
 31
0.0
  0
LINE
  5
179
330
17
100
AcDbEntity
  8
6190-LIMITE
100
AcDbLine
 10
-38.65446743492182
 20
-50.93848062507432
 30
0.0
 11
-41.685559285864436
 21
-39.052137193683215
 31
0.0
  0
LINE
  5
17A
330
17
100
AcDbEntity
  8
6190-LIMITE
100
AcDbLine
 10
-41.685559285864436
 20
-39.052137193683215
 30
0.0
 11
-49.229463188825775
 21
-10.689891283176674
 31
0.0
  0
LINE
  5
17B
330
17
100
AcDbEntity
  8
6190-LIMITE
100
AcDbLine
 10
-49.229463188825775
 20
-10.689891283176674
 30
0.0
 11
-49.79539106362321
 21
-8.105012892349261
 31
0.0
  0
LINE
  5
17C
330
17
100
AcDbEntity
  8
6190-LIMITE
100
AcDbLine
 10
-49.79539106362321
 20
-8.105012892349261
 30
0.0
 11
-104.53682561802397
 21
82.30796732867542
 31
0.0
  0
LINE
  5
17D
330
17
100
AcDbEntity
  8
6190-PLAN-0
100
AcDbLine
 10
-9.35579483864366
 20
-34.06946908833789
 30
0.0
 11
-8.197400638554772
 21
-33.75622337433698
 31
0.0
  0
LINE
  5
17E
330
17
100
AcDbEntity
  8
6190-PLAN-0
100
AcDbLine
 10
-8.197400638554772
 20
-33.75622337433698
 30
0.0
 11
-7.832843096137283
 21
-34.579607946073835
 31
0.0
  0
LINE
  5
17F
330
17
100
AcDbEntity
  8
6190-PLAN-0
100
AcDbLine
 10
-9.983712789503535
 20
-32.748130950236515
 30
0.0
 11
-12.01739204229457
 21
-26.00675338829432
 31
0.0
  0
LINE
  5
180
330
17
100
AcDbEntity
  8
6190-PLAN-0
100
AcDbLine
 10
-9.006339964062207
 20
-36.05442032484486
 30
0.0
 11
-7.436092069900863
 21
-35.47570427075774
 31
0.0
  0
LINE
  5
181
330
17
100
AcDbEntity
  8
6190-PLAN-0
100
AcDbLine
 10
-7.436092069799
 20
-35.47570427075774
 30
0.0
 11
-6.270174821368383
 21
-38.109028678186185
 31
0.0
  0
LINE
  5
182
330
17
100
AcDbEntity
  8
6190-PLAN-0
100
AcDbLine
 10
-12.659227748548894
 20
-37.8106146087171
 30
0.0
 11
-8.875871326250358
 21
-36.486906591220986
 31
0.0
  0
LINE
  5
183
330
17
100
AcDbEntity
  8
6190-PLAN-0
100
AcDbLine
 10
-9.637134316365326
 20
-33.89699271819613
 30
0.0
 11
-9.35579483864366
 21
-34.06946908833789
 31
0.0
  0
LINE
  5
184
330
17
100
AcDbEntity
  8
6190-PLAN-0
100
AcDbLine
 10
-9.329182878979193
 20
-34.984238790791
 30
0.0
 11
-7.832843096137283
 21
-34.579607946073835
 31
0.0
  0
LINE
  5
185
330
17
100
AcDbEntity
  8
6190-PLAN-0
100
AcDbLine
 10
-8.875871326250358
 20
-36.486906591220986
 30
0.0
 11
-9.006339964062207
 21
-36.05442032484486
 31
0.0
  0
LINE
  5
186
330
17
100
AcDbEntity
  8
6190-PLAN-0
100
AcDbLine
 10
-9.361081188687507
 20
-34.8785001160455
 30
0.0
 11
-13.200497860836226
 21
-36.02926891290218
 31
0.0
  0
LINE
  5
187
330
17
100
AcDbEntity
  8
6190-PLAN-0
100
AcDbLine
 10
-9.637134316365326
 20
-33.89699271819613
 30
0.0
 11
-10.115826719755805
 21
-34.041400415371015
 31
0.0
  0
LINE
  5
188
330
17
100
AcDbEntity
  8
6190-PLAN-0
100
AcDbLine
 10
-9.983712789503535
 20
-32.748130950236515
 30
0.0
 11
-10.462405192894018
 21
-32.89253864730953
 31
0.0
  0
LINE
  5
189
330
17
100
AcDbEntity
  8
6190-PLAN-0
100
AcDbLine
 10
-10.462405192894018
 20
-32.89253864730953
 30
0.0
 11
-12.35167674861204
 21
-26.629853488757817
 31
0.0
  0
LINE
  5
18A
330
17
100
AcDbEntity
  8
6190-PLAN-0
100
AcDbLine
 10
-11.433984945922859
 20
-27.940670697812585
 30
0.0
 11
-11.912677349313341
 21
-28.0850783948856
 31
0.0
  0
LINE
  5
18B
330
17
100
AcDbEntity
  8
6190-PLAN-0
100
AcDbLine
 10
-11.162498475404643
 20
-28.840612416055144
 30
0.0
 11
-11.641190878693259
 21
-28.985020113230018
 31
0.0
  0
LINE
  5
18C
330
17
100
AcDbEntity
  8
6190-PLAN-0
100
AcDbLine
 10
-10.700393844587651
 20
-30.372428106706774
 30
0.0
 11
-11.17908624797813
 21
-30.516835803881655
 31
0.0
  0
LINE
  5
18D
330
17
100
AcDbEntity
  8
6190-PLAN-0
100
AcDbLine
 10
-10.428907373982124
 20
-31.27236982494933
 30
0.0
 11
-10.907599777372603
 21
-31.41677752212421
 31
0.0
  0
LINE
  5
18E
330
17
100
AcDbEntity
  8
6190-PLAN-0
100
AcDbLine
 10
-11.673331147669032
 20
-28.012874546349096
 30
0.0
 11
-11.401844677048953
 21
-28.912816264591648
 31
0.0
  0
LINE
  5
18F
330
17
100
AcDbEntity
  8
6190-PLAN-0
100
AcDbLine
 10
-10.939740046231961
 20
-30.44463195524328
 30
0.0
 11
-10.668253575728297
 21
-31.34457367348584
 31
0.0
  0
LINE
  5
190
330
17
100
AcDbEntity
  8
6190-PLAN-0
100
AcDbLine
 10
-17.43981790813518
 20
-30.12848170139202
 30
0.0
 11
-17.918532824365382
 21
-30.272896189945808
 31
0.0
  0
LINE
  5
191
330
17
100
AcDbEntity
  8
6190-PLAN-0
100
AcDbLine
 10
-17.36529274866742
 20
-30.36712763039513
 30
0.0
 11
-17.844007664795758
 21
-30.51154211905078
 31
0.0
  0
LINE
  5
192
330
17
100
AcDbEntity
  8
6190-PLAN-0
100
AcDbLine
 10
-17.67917536620663
 20
-30.200688945625256
 30
0.0
 11
-17.606971517670125
 21
-30.440035147269565
 31
0.0
  0
LINE
  5
193
330
17
100
AcDbEntity
  8
6190-PLAN-0
100
AcDbLine
 10
-18.517226663670208
 20
-26.620145510773234
 30
0.0
 11
-18.995919066958823
 21
-26.764553207948108
 31
0.0
  0
LINE
  5
194
330
17
100
AcDbEntity
  8
6190-PLAN-0
100
AcDbLine
 10
-18.62334720840801
 20
-27.999579608518893
 30
0.0
 11
-18.47823925519852
 21
-28.48059326834457
 31
0.0
  0
LINE
  5
195
330
17
100
AcDbEntity
  8
6190-PLAN-0
100
AcDbLine
 10
-12.372634977304891
 20
-24.829170076058222
 30
0.0
 11
-12.851327380680825
 21
-24.973577773131236
 31
0.0
  0
LINE
  5
196
330
17
100
AcDbEntity
  8
6190-PLAN-0
100
AcDbLine
 10
-12.372634977304898
 20
-24.82917007595636
 30
0.0
 11
-17.458674069953297
 21
-7.969623630526453
 31
0.0
  0
LINE
  5
197
330
17
100
AcDbEntity
  8
6190-PLAN-0
100
AcDbLine
 10
-12.944489457910183
 20
-22.93354815878733
 30
0.0
 11
-13.423181861198799
 21
-23.077955855962205
 31
0.0
  0
LINE
  5
198
330
17
100
AcDbEntity
  8
6190-PLAN-0
100
AcDbLine
 10
-13.2159759284284
 20
-22.03360644054477
 30
0.0
 11
-13.694668331804326
 21
-22.17801413771965
 31
0.0
  0
LINE
  5
199
330
17
100
AcDbEntity
  8
6190-PLAN-0
100
AcDbLine
 10
-13.78494225515393
 20
-20.147558371375744
 30
0.0
 11
-14.263634658442545
 21
-20.291966068550618
 31
0.0
  0
LINE
  5
19A
330
17
100
AcDbEntity
  8
6190-PLAN-0
100
AcDbLine
 10
-14.056428725759456
 20
-19.24761665313319
 30
0.0
 11
-14.535121129048072
 21
-19.392024350308063
 31
0.0
  0
LINE
  5
19B
330
17
100
AcDbEntity
  8
6190-PLAN-0
100
AcDbLine
 10
-14.605177974759137
 20
-17.42858552048801
 30
0.0
 11
-15.08387037814962
 21
-17.572993217561024
 31
0.0
  0
LINE
  5
19C
330
17
100
AcDbEntity
  8
6190-PLAN-0
100
AcDbLine
 10
-14.876664445364664
 20
-16.528643802245455
 30
0.0
 11
-15.355356848755147
 21
-16.67305149931847
 31
0.0
  0
LINE
  5
19D
330
17
100
AcDbEntity
  8
6190-PLAN-0
100
AcDbLine
 10
-15.116010647008974
 20
-16.60084765078196
 30
0.0
 11
-14.844524176403446
 21
-17.500789369024513
 31
0.0
  0
LINE
  5
19E
330
17
100
AcDbEntity
  8
6190-PLAN-0
100
AcDbLine
 10
-13.455322130174576
 20
-22.10581028908128
 30
0.0
 11
-13.18383565955449
 21
-23.0057520074257
 31
0.0
  0
LINE
  5
19F
330
17
100
AcDbEntity
  8
6190-PLAN-0
100
AcDbLine
 10
-14.295774927403766
 20
-19.319820501669696
 30
0.0
 11
-14.024288456798235
 21
-20.21976222001411
 31
0.0
  0
LWPOLYLINE
  5
1A0
330
17
100
AcDbEntity
  8
6190-PLAN-0
100
AcDbPolyline
 90
2
 70
0
 10
-18.31571463977053
 20
-6.859857230941377
 10
-17.83702223638005
 20
-6.715449533766499
  0
LWPOLYLINE
  5
1A1
330
17
100
AcDbEntity
  8
6190-PLAN-0
100
AcDbPolyline
 90
2
 70
0
 10
-17.937366473241912
 20
-8.114031327701326
 10
-17.458674069953297
 20
-7.969623630526453
  0
LWPOLYLINE
  5
1A2
330
17
100
AcDbEntity
  8
6190-PLAN-0
100
AcDbPolyline
 90
2
 70
0
 10
-18.126540556506225
 20
-7.4869442792776955
 10
-17.647848153217602
 20
-7.342536582204686
  0
LINE
  5
1A3
330
17
100
AcDbEntity
  8
6190-PLAN-0
100
AcDbLine
 10
-18.31571463977053
 20
-6.859857230941377
 30
0.0
 11
-18.477451260471348
 21
-6.323721739216212
 31
0.0
  0
LINE
  5
1A4
330
17
100
AcDbEntity
  8
6190-PLAN-0
100
AcDbLine
 10
-17.83702223638005
 20
-6.715449533766499
 30
0.0
 11
-20.299786109785174
 21
1.4482867550108542
 31
0.0
  0
LINE
  5
1A5
330
17
100
AcDbEntity
  8
6190-PLAN-0
100
AcDbLine
 10
-18.621858957646225
 20
-5.845029335825733
 30
0.0
 11
-20.4413959414181
 21
0.1864949461987484
 31
0.0
  0
LINE
  5
1A6
330
17
100
AcDbEntity
  8
6190-PLAN-0
100
AcDbLine
 10
-24.126021619920234
 20
-8.027732565207447
 30
0.0
 11
-19.51142685176161
 21
-6.635642364982398
 31
0.0
  0
LINE
  5
1A7
330
17
100
AcDbEntity
  8
6190-PLAN-0
100
AcDbLine
 10
-18.601911285446295
 20
-6.361267740482558
 30
0.0
 11
-18.71166113524914
 21
-5.997461513965163
 31
0.0
  0
LINE
  5
1A8
330
17
100
AcDbEntity
  8
6190-PLAN-0
100
AcDbLine
 10
-19.51142685176161
 20
-6.635642364982398
 30
0.0
 11
-19.621176701564455
 21
-6.271836138465003
 31
0.0
  0
LINE
  5
1A9
330
17
100
AcDbEntity
  8
6190-PLAN-0
100
AcDbLine
 10
-19.621176701564455
 20
-6.271836138465003
 30
0.0
 11
-18.71166113524914
 21
-5.997461513965163
 31
0.0
  0
LINE
  5
1AA
330
17
100
AcDbEntity
  8
6190-PLAN-0
100
AcDbLine
 10
-18.601911285446295
 20
-6.361267740482558
 30
0.0
 11
-18.47745126057321
 21
-6.323721739216217
 31
0.0
  0
LINE
  5
1AB
330
17
100
AcDbEntity
  8
6190-PLAN-0
100
AcDbLine
 10
-19.51142685176161
 20
-6.635642364982398
 30
0.0
 11
-24.126021619920234
 21
-8.027732565207447
 31
0.0
  0
LINE
  5
1AC
330
17
100
AcDbEntity
  8
6190-PLAN-0
100
AcDbLine
 10
-20.57136286884493
 20
0.617318109138131
 30
0.0
 11
-20.78257909180177
 21
1.3174719334394833
 31
0.0
  0
LINE
  5
1AD
330
17
100
AcDbEntity
  8
6190-PLAN-0
100
AcDbLine
 10
-21.48529014735657
 20
3.6468660774788813
 30
0.0
 11
-20.98338775322292
 21
3.7828586759017764
 31
0.0
  0
LINE
  5
1AE
330
17
100
AcDbEntity
  8
6190-PLAN-0
100
AcDbLine
 10
-24.299514961131162
 20
16.021555515863323
 30
0.0
 11
-23.261263776973717
 21
12.189723776618166
 31
0.0
  0
LINE
  5
1AF
330
17
100
AcDbEntity
  8
6190-PLAN-0
100
AcDbLine
 10
-17.405983065086158
 20
10.616260149340484
 30
0.0
 11
-16.84893646005311
 21
8.56039072751917
 31
0.0
  0
LINE
  5
1B0
330
17
100
AcDbEntity
  8
6190-PLAN-0
100
AcDbLine
 10
-16.981296423984585
 20
10.731330809637374
 30
0.0
 11
-16.424249818951527
 21
8.675461387714197
 31
0.0
  0
LINE
  5
1B1
330
17
100
AcDbEntity
  8
6190-PLAN-0
100
AcDbLine
 10
-15.269886013606289
 20
13.01850688652041
 30
0.0
 11
-15.204504956607845
 21
12.777207658631706
 31
0.0
  0
LINE
  5
1B2
330
17
100
AcDbEntity
  8
6190-PLAN-0
100
AcDbLine
 10
-15.07332249351025
 20
13.071766612330126
 30
0.0
 11
-15.0079414365118
 21
12.830467384339563
 31
0.0
  0
LINE
  5
1B3
330
17
100
AcDbEntity
  8
6190-PLAN-0
100
AcDbLine
 10
-21.884496735256395
 20
9.40278773256107
 30
0.0
 11
-20.388441522142706
 21
9.808150285674955
 31
0.0
  0
LINE
  5
1B4
330
17
100
AcDbEntity
  8
6190-PLAN-0
100
AcDbLine
 10
-21.978645457223568
 20
9.750258620819757
 30
0.0
 11
-20.482590244197183
 21
10.155621173831776
 31
0.0
  0
LINE
  5
1B5
330
17
100
AcDbEntity
  8
6190-PLAN-0
100
AcDbLine
 10
-23.58963470009952
 20
15.69587159676578
 30
0.0
 11
-18.956689524156182
 21
16.951187889928153
 31
0.0
  0
LINE
  5
1B6
330
17
100
AcDbEntity
  8
6190-PLAN-0
100
AcDbLine
 10
-24.299514961131162
 20
16.021555515863323
 30
0.0
 11
-18.56624530573594
 21
17.57500942869997
 31
0.0
  0
LINE
  5
1B7
330
17
100
AcDbEntity
  8
6190-PLAN-0
100
AcDbLine
 10
-18.956689524156182
 20
16.951187889928153
 30
0.0
 11
-18.750085384265187
 21
16.188682329651414
 31
0.0
  0
LINE
  5
1B8
330
17
100
AcDbEntity
  8
6190-PLAN-0
100
AcDbLine
 10
-18.81190998736475
 20
16.99041652402536
 30
0.0
 11
-18.605305847473755
 21
16.227910963850483
 31
0.0
  0
LINE
  5
1B9
330
17
100
AcDbEntity
  8
6190-PLAN-0
100
AcDbLine
 10
-10.912233796212746
 20
19.648896554743665
 30
0.0
 11
-10.781471682244959
 21
19.16629809896626
 31
0.0
  0
LINE
  5
1BA
330
17
100
AcDbEntity
  8
6190-PLAN-0
100
AcDbLine
 10
-10.543484635012167
 20
18.287968909236003
 30
0.0
 11
-9.211512896944289
 21
18.648872343608407
 31
0.0
  0
LINE
  5
1BB
330
17
100
AcDbEntity
  8
6190-PLAN-0
100
AcDbLine
 10
-9.58026205805755
 20
20.00979998901421
 30
0.0
 11
-9.211512896944289
 21
18.648872343608407
 31
0.0
  0
LINE
  5
1BC
330
17
100
AcDbEntity
  8
6190-PLAN-0
100
AcDbLine
 10
-9.580262058159413
 20
20.0097999890142
 30
0.0
 11
-8.975129369717411
 21
20.173763276815595
 31
0.0
  0
LINE
  5
1BD
330
17
100
AcDbEntity
  8
6190-PLAN-0
100
AcDbLine
 10
-8.9277317826907
 20
23.049185217982114
 30
0.0
 11
-7.346792992766537
 21
23.06183304345933
 31
0.0
  0
LINE
  5
1BE
330
17
100
AcDbEntity
  8
6190-PLAN-0
100
AcDbLine
 10
3.934345436453075
 20
23.15208439991183
 30
0.0
 11
11.784261703667546
 21
23.164472472884743
 31
0.0
  0
LINE
  5
1BF
330
17
100
AcDbEntity
  8
6190-PLAN-0
100
AcDbLine
 10
11.784261703667546
 20
23.164472472884743
 30
0.0
 11
24.64828077034679
 21
24.17243609913843
 31
0.0
  0
LINE
  5
1C0
330
17
100
AcDbEntity
  8
6190-PLAN-0
100
AcDbLine
 10
24.64828077034679
 20
24.17243609913843
 30
0.0
 11
25.348953503232742
 21
14.51118517843232
 31
0.0
  0
LINE
  5
1C1
330
17
100
AcDbEntity
  8
6190-PLAN-0
100
AcDbLine
 10
25.348953503232742
 20
14.51118517843232
 30
0.0
 11
27.828107932183165
 21
14.642263424532246
 31
0.0
  0
LINE
  5
1C2
330
17
100
AcDbEntity
  8
6190-PLAN-0
100
AcDbLine
 10
27.828107932183165
 20
14.642263424532246
 30
0.0
 11
28.107131290888656
 21
12.03330539508633
 31
0.0
  0
LINE
  5
1C3
330
17
100
AcDbEntity
  8
6190-PLAN-0
100
AcDbLine
 10
4.398128642751445
 20
22.952816054171926
 30
0.0
 11
4.802004715656656
 21
16.68917734589698
 31
0.0
  0
LINE
  5
1C4
330
17
100
AcDbEntity
  8
6190-PLAN-0
100
AcDbLine
 10
11.79988487056529
 20
22.965083614948206
 30
0.0
 11
24.472178722369588
 21
23.958024561151593
 31
0.0
  0
LINE
  5
1C5
330
17
100
AcDbEntity
  8
6190-PLAN-0
100
AcDbLine
 10
9.71049679272899
 20
11.401014870389314
 30
0.0
 11
13.367192822221748
 21
11.557105955752867
 31
0.0
  0
LINE
  5
1C6
330
17
100
AcDbEntity
  8
6190-PLAN-0
100
AcDbLine
 10
25.188285701776067
 20
14.083957982788505
 30
0.0
 11
27.684798679597566
 21
14.215954012894215
 31
0.0
  0
LINE
  5
1C7
330
17
100
AcDbEntity
  8
6190-PLAN-0
100
AcDbLine
 10
27.684798679495703
 20
14.215954012894208
 30
0.0
 11
27.902799292893004
 21
12.177578254378481
 31
0.0
  0
LINE
  5
1C8
330
17
100
AcDbEntity
  8
6190-PLAN-0
100
AcDbLine
 10
-8.937725876693186
 20
12.361659871646228
 30
0.0
 11
-8.49373529723536
 21
12.48196101639823
 31
0.0
  0
LINE
  5
1C9
330
17
100
AcDbEntity
  8
6190-PLAN-0
100
AcDbLine
 10
-8.864561896192424
 20
13.850555777545132
 30
0.0
 11
-5.308207987793209
 21
13.928106823503665
 31
0.0
  0
LINE
  5
1CA
330
17
100
AcDbEntity
  8
6190-PLAN-0
100
AcDbLine
 10
-8.68565703746432
 20
14.47460442944142
 30
0.0
 11
-5.348138614891723
 21
14.547383475299231
 31
0.0
  0
LINE
  5
1CB
330
17
100
AcDbEntity
  8
6190-PLAN-0
100
AcDbLine
 10
-0.5663833861414584
 20
22.6160616714698
 30
0.0
 11
-0.17721996290176456
 21
16.5805987028401
 31
0.0
  0
LINE
  5
1CC
330
17
100
AcDbEntity
  8
6190-PLAN-0
100
AcDbLine
 10
-0.10608352671805665
 20
22.619744162115268
 30
0.0
 11
0.24910551883302023
 21
17.111183484229915
 31
0.0
  0
LINE
  5
1CD
330
17
100
AcDbEntity
  8
6190-PLAN-0
100
AcDbLine
 10
0.26978985985831994
 20
16.790393894916225
 30
0.0
 11
1.7070613704836193
 21
16.82173551941966
 31
0.0
  0
LINE
  5
1CE
330
17
100
AcDbEntity
  8
6190-PLAN-0
100
AcDbLine
 10
-6.4043447692992705
 20
12.606111959808057
 30
0.0
 11
-6.146961402973308
 21
8.614401323701642
 31
0.0
  0
LINE
  5
1CF
330
17
100
AcDbEntity
  8
6190-PLAN-0
100
AcDbLine
 10
-6.4043447692992705
 20
12.606111959808057
 30
0.0
 11
-5.224625223863257
 21
12.631837319814725
 31
0.0
  0
LINE
  5
1D0
330
17
100
AcDbEntity
  8
6190-PLAN-0
100
AcDbLine
 10
-5.398268255785669
 20
13.926142939065763
 30
0.0
 11
-5.329355721682222
 21
12.85739129794592
 31
0.0
  0
LINE
  5
1D1
330
17
100
AcDbEntity
  8
6190-PLAN-0
100
AcDbLine
 10
-0.5993274295197786
 20
14.030790251961921
 30
0.0
 11
-0.3729882912683875
 21
10.520538759438253
 31
0.0
  0
LINE
  5
1D2
330
17
100
AcDbEntity
  8
6190-PLAN-0
100
AcDbLine
 10
-0.17904617992147465
 20
14.039955045845343
 30
0.0
 11
0.04413144014596959
 21
10.578734949645707
 31
0.0
  0
LINE
  5
1D3
330
17
100
AcDbEntity
  8
6190-PLAN-0
100
AcDbLine
 10
4.760626740656534
 20
14.14767120995458
 30
0.0
 11
5.016976892778153
 21
10.171984499278896
 31
0.0
  0
LINE
  5
1D4
330
17
100
AcDbEntity
  8
6190-PLAN-0
100
AcDbLine
 10
-9.036112345667455
 20
22.548302151304792
 30
0.0
 11
-0.5663833861414584
 21
22.6160616714698
 31
0.0
  0
LINE
  5
1D5
330
17
100
AcDbEntity
  8
6190-PLAN-0
100
AcDbLine
 10
0.24910551883302023
 20
17.111183484229915
 30
0.0
 11
1.6863770294583151
 21
17.142525108820667
 31
0.0
  0
LINE
  5
1D6
330
17
100
AcDbEntity
  8
6190-PLAN-0
100
AcDbLine
 10
-9.036112345667455
 20
22.548302151304792
 30
0.0
 11
-8.68565703746432
 21
14.47460442944142
 31
0.0
  0
LINE
  5
1D7
330
17
100
AcDbEntity
  8
6190-PLAN-0
100
AcDbLine
 10
-9.594556531690092
 20
23.883877367864535
 30
0.0
 11
-9.467059894493701
 21
20.946643191447087
 31
0.0
  0
LINE
  5
1D8
330
17
100
AcDbEntity
  8
6190-PLAN-0
100
AcDbLine
 10
-6.530159292179293
 20
12.831206172587578
 30
0.0
 11
-5.239295453893486
 21
12.8593551822965
 31
0.0
  0
LINE
  5
1D9
330
17
100
AcDbEntity
  8
6190-PLAN-0
100
AcDbLine
 10
-6.530159292281156
 20
12.83120617258757
 30
0.0
 11
-6.461421407906646
 21
11.765163141729062
 31
0.0
  0
LINE
  5
1DA
330
17
100
AcDbEntity
  8
6190-PLAN-0
100
AcDbLine
 10
-8.178963093740105
 20
11.320243949639938
 30
0.0
 11
-7.726999304866424
 21
11.38416957199902
 31
0.0
  0
LINE
  5
1DB
330
17
100
AcDbEntity
  8
6190-PLAN-0
100
AcDbLine
 10
-7.799449860446891
 20
9.919589777087332
 30
0.0
 11
-6.355587783463368
 21
10.123809195214367
 31
0.0
  0
LINE
  5
1DC
330
17
100
AcDbEntity
  8
6190-PLAN-0
100
AcDbLine
 10
-8.247902523261715
 20
11.574675919431922
 30
0.0
 11
-8.231673265061545
 21
11.514779251311804
 31
0.0
  0
LINE
  5
1DD
330
17
100
AcDbEntity
  8
6190-PLAN-0
100
AcDbLine
 10
-7.220521108735688
 20
6.993937196024944
 30
0.0
 11
-7.472686634167599
 21
7.924594322834031
 31
0.0
  0
LINE
  5
1DE
330
17
100
AcDbEntity
  8
6190-PLAN-0
100
AcDbLine
 10
-9.076333717401841
 20
12.873214234863415
 30
0.0
 11
-8.937725876693186
 21
12.361659871646228
 31
0.0
  0
LINE
  5
1DF
330
17
100
AcDbEntity
  8
6190-PLAN-0
100
AcDbLine
 10
-8.231673265061545
 20
11.514779251311804
 30
0.0
 11
-7.755008467767754
 21
11.582198576919264
 31
0.0
  0
LINE
  5
1E0
330
17
100
AcDbEntity
  8
6190-PLAN-0
100
AcDbLine
 10
-8.69189310271954
 20
11.45437477467992
 30
0.0
 11
-8.247902523261715
 21
11.574675919431922
 31
0.0
  0
LINE
  5
1E1
330
17
100
AcDbEntity
  8
6190-PLAN-0
100
AcDbLine
 10
27.636402473827953
 20
-4.6380319963702314
 30
0.0
 11
27.026238264771706
 21
-2.662986774196229
 31
0.0
  0
LINE
  5
1E2
330
17
100
AcDbEntity
  8
6190-PLAN-0
100
AcDbLine
 10
27.026238264771706
 20
-2.662986774196229
 30
0.0
 11
27.20861873916923
 21
-2.6002356009797167
 31
0.0
  0
LINE
  5
1E3
330
17
100
AcDbEntity
  8
6190-PLAN-0
100
AcDbLine
 10
27.20861873916923
 20
-2.6002356009797167
 30
0.0
 11
26.94831391181838
 21
-1.7130105679994694
 31
0.0
  0
LINE
  5
1E4
330
17
100
AcDbEntity
  8
6190-PLAN-0
100
AcDbLine
 10
29.45492326854423
 20
-1.52142666357738
 30
0.0
 11
29.02159618875745
 21
2.9818170730431994
 31
0.0
  0
LINE
  5
1E5
330
17
100
AcDbEntity
  8
6190-PLAN-0
100
AcDbLine
 10
29.02159618875745
 20
2.9818170730431994
 30
0.0
 11
29.93388347641933
 21
3.135807019599829
 31
0.0
  0
LINE
  5
1E6
330
17
100
AcDbEntity
  8
6190-PLAN-0
100
AcDbLine
 10
29.93388347641933
 20
3.135807019599829
 30
0.0
 11
29.850468947388087
 21
3.858110460621252
 31
0.0
  0
LINE
  5
1E7
330
17
100
AcDbEntity
  8
6190-PLAN-0
100
AcDbLine
 10
9.71049679272899
 20
11.401014870389314
 30
0.0
 11
9.783373891743384
 21
10.474994396958646
 31
0.0
  0
LINE
  5
1E8
330
17
100
AcDbEntity
  8
6190-PLAN-0
100
AcDbLine
 10
10.851439577767755
 20
-3.096493845462227
 30
0.0
 11
10.857790441342395
 21
-3.0958838288356993
 31
0.0
  0
LINE
  5
1E9
330
17
100
AcDbEntity
  8
6190-PLAN-0
100
AcDbLine
 10
18.658111113075158
 20
-2.346643174768835
 30
0.0
 11
18.977054205589358
 21
-3.4287229240314954
 31
0.0
  0
LINE
  5
1EA
330
17
100
AcDbEntity
  8
6190-PLAN-0
100
AcDbLine
 10
21.405694361255257
 20
-11.66838194812339
 30
0.0
 11
22.7492586254236
 21
-16.16600962372656
 31
0.0
  0
LINE
  5
1EB
330
17
100
AcDbEntity
  8
6190-PLAN-0
100
AcDbLine
 10
25.072289583932907
 20
-23.94243581276799
 30
0.0
 11
20.8191315689647
 21
-25.19176943342247
 31
0.0
  0
LINE
  5
1EC
330
17
100
AcDbEntity
  8
6190-PLAN-0
100
AcDbLine
 10
18.633724162019693
 20
-2.0275737832258267
 30
0.0
 11
29.105135770673325
 21
-1.227228122808369
 31
0.0
  0
LWPOLYLINE
  5
1ED
330
17
100
AcDbEntity
  8
6190-PLAN-0
100
AcDbPolyline
 90
2
 70
0
 10
28.569278975306805
 20
4.010210054878312
 10
28.043587649292053
 20
11.301283270145777
  0
LWPOLYLINE
  5
1EE
330
17
100
AcDbEntity
  8
6190-PLAN-0
100
AcDbPolyline
 90
2
 70
0
 10
10.069006137014778
 20
6.845578425744553
 10
10.825546890208543
 20
6.919393252530095
  0
LWPOLYLINE
  5
1EF
330
17
100
AcDbEntity
  8
6190-PLAN-0
100
AcDbPolyline
 90
2
 70
0
 10
10.22908574710423
 20
4.811510134112892
 10
10.231638035968274
 20
4.81175915815
  0
LINE
  5
1F0
330
17
100
AcDbEntity
  8
6190-PLAN-0
100
AcDbLine
 10
10.82554689010668
 20
6.91939325253009
 30
0.0
 11
10.98562650019613
 21
4.885324960883874
 31
0.0
  0
LINE
  5
1F1
330
17
100
AcDbEntity
  8
6190-PLAN-0
100
AcDbLine
 10
11.974963094367789
 20
10.511155220841918
 30
0.0
 11
12.582743090620014
 21
2.788335192340625
 31
0.0
  0
LINE
  5
1F2
330
17
100
AcDbEntity
  8
6190-PLAN-0
100
AcDbLine
 10
12.582743090620014
 20
2.788335192340625
 30
0.0
 11
28.569278975306805
 21
4.010210054878312
 31
0.0
  0
LINE
  5
1F3
330
17
100
AcDbEntity
  8
6190-PLAN-0
100
AcDbLine
 10
10.803574493255658
 20
1.3354768614028876
 30
0.0
 11
10.875835595647992
 21
0.41728361393261926
 31
0.0
  0
LINE
  5
1F4
330
17
100
AcDbEntity
  8
6190-PLAN-0
100
AcDbLine
 10
13.367192822221748
 20
11.557105955752867
 30
0.0
 11
13.443824132485057
 21
10.583382206031303
 31
0.0
  0
LINE
  5
1F5
330
17
100
AcDbEntity
  8
6190-PLAN-0
100
AcDbLine
 10
14.536881034613081
 20
11.607035701358907
 30
0.0
 11
14.675710070315887
 21
9.842990053003593
 31
0.0
  0
LINE
  5
1F6
330
17
100
AcDbEntity
  8
6190-PLAN-0
100
AcDbLine
 10
14.536881034613081
 20
11.607035701358907
 30
0.0
 11
23.19246895967959
 21
11.976511343683608
 31
0.0
  0
LINE
  5
1F7
330
17
100
AcDbEntity
  8
6190-PLAN-0
100
AcDbLine
 10
14.802770398850782
 20
10.650204450785235
 30
0.0
 11
23.258119482915788
 21
11.065971740287637
 31
0.0
  0
LWPOLYLINE
  5
1F8
330
17
100
AcDbEntity
  8
6190-PLAN-0
100
AcDbPolyline
 90
2
 70
0
 10
24.307126074727123
 20
11.117553599614169
 10
24.24196458864263
 20
12.021310504011957
  0
LWPOLYLINE
  5
1F9
330
17
100
AcDbEntity
  8
6190-PLAN-0
100
AcDbPolyline
 90
2
 70
0
 10
23.258119482915788
 20
11.065971740287637
 10
23.19246895967959
 20
11.976511343683608
  0
LINE
  5
1FA
330
17
100
AcDbEntity
  8
6190-PLAN-0
100
AcDbLine
 10
24.24196458864263
 20
12.021310504011957
 30
0.0
 11
27.902799292893004
 21
12.177578254378481
 31
0.0
  0
LINE
  5
1FB
330
17
100
AcDbEntity
  8
6190-PLAN-0
100
AcDbLine
 10
24.307126074727123
 20
11.117553599614169
 30
0.0
 11
28.043587649292053
 21
11.301283270145777
 31
0.0
  0
LINE
  5
1FC
330
17
100
AcDbEntity
  8
6190-PLAN-0
100
AcDbLine
 10
19.26985027207415
 20
-2.2998870353128105
 30
0.0
 11
19.55257487990916
 21
-3.2590881592082566
 31
0.0
  0
LINE
  5
1FD
330
17
100
AcDbEntity
  8
6190-PLAN-0
100
AcDbLine
 10
28.562052319236955
 20
-9.083411836258449
 30
0.0
 11
21.846037550752055
 21
-11.040129886950481
 31
0.0
  0
LWPOLYLINE
  5
1FE
330
17
100
AcDbEntity
  8
6190-PLAN-0
100
AcDbPolyline
 90
2
 70
0
 10
28.562052319236955
 20
-9.083411836258449
 10
27.446033950651067
 20
-5.211022005527129
  0
LINE
  5
1FF
330
17
100
AcDbEntity
  8
6190-PLAN-0
100
AcDbLine
 10
27.446033950651067
 20
-5.211022005527129
 30
0.0
 11
20.712868827886766
 21
-7.195622963352189
 31
0.0
  0
LINE
  5
200
330
17
100
AcDbEntity
  8
6190-PLAN-0
100
AcDbLine
 10
21.885746116359613
 20
-11.5285183582834
 30
0.0
 11
23.229338123101844
 21
-16.026238903528338
 31
0.0
  0
LWPOLYLINE
  5
201
330
17
100
AcDbEntity
  8
6190-PLAN-0
100
AcDbPolyline
 90
2
 70
0
 10
34.47917349072441
 20
-29.089909635534514
 10
31.75629132314633
 20
-19.7069552519541
  0
LINE
  5
202
330
17
100
AcDbEntity
  8
6190-PLAN-0
100
AcDbLine
 10
15.96995657249909
 20
-27.116458539268898
 30
0.0
 11
16.25332620281378
 21
-28.065048142260533
 31
0.0
  0
LINE
  5
203
330
17
100
AcDbEntity
  8
6190-PLAN-0
100
AcDbLine
 10
15.749277797899474
 20
-27.181281292461456
 30
0.0
 11
17.78438696150125
 21
-33.99387935093751
 31
0.0
  0
LINE
  5
204
330
17
100
AcDbEntity
  8
6190-PLAN-0
100
AcDbLine
 10
24.442102573245943
 20
-24.627828490621628
 30
0.0
 11
20.954412416172374
 21
-25.65231160556502
 31
0.0
  0
LINE
  5
205
330
17
100
AcDbEntity
  8
6190-PLAN-0
100
AcDbLine
 10
0.16768517011984674
 20
-39.656613546752546
 30
0.0
 11
-0.7637046541013799
 21
-36.47436877424443
 31
0.0
  0
LINE
  5
206
330
17
100
AcDbEntity
  8
6190-PLAN-0
100
AcDbLine
 10
-0.7637046541013799
 20
-36.47436877424443
 30
0.0
 11
-7.813407091325019
 21
-38.567155179775924
 31
0.0
  0
LINE
  5
207
330
17
100
AcDbEntity
  8
6190-PLAN-0
100
AcDbLine
 10
-7.813407091325019
 20
-38.567155179775924
 30
0.0
 11
-6.843745242281751
 21
-41.778628023901
 31
0.0
  0
LINE
  5
208
330
17
100
AcDbEntity
  8
6190-PLAN-0
100
AcDbLine
 10
-6.843745242281751
 20
-41.778628023901
 30
0.0
 11
-19.863397762235454
 21
-45.52761860884813
 31
0.0
  0
LINE
  5
209
330
17
100
AcDbEntity
  8
6190-PLAN-0
100
AcDbLine
 10
-3.1576104252704313
 20
-32.23386252254918
 30
0.0
 11
-2.314985862754445
 21
-35.07230433232505
 31
0.0
  0
LINE
  5
20A
330
17
100
AcDbEntity
  8
6190-PLAN-0
100
AcDbLine
 10
34.47917349072441
 20
-29.089909635534514
 30
0.0
 11
27.724526550141793
 21
-31.074037074148876
 31
0.0
  0
LINE
  5
20B
330
17
100
AcDbEntity
  8
6190-PLAN-0
100
AcDbLine
 10
0.6283590821865008
 20
-39.52178199713108
 30
0.0
 11
0.6280987041995276
 21
-39.52089237337214
 31
0.0
  0
LINE
  5
20C
330
17
100
AcDbEntity
  8
6190-PLAN-0
100
AcDbLine
 10
4.392137724988505
 20
-37.927753231964395
 30
0.0
 11
3.6421368734896795
 21
-35.36525337729755
 31
0.0
  0
LINE
  5
20D
330
17
100
AcDbEntity
  8
6190-PLAN-0
100
AcDbLine
 10
7.855800293083528
 20
-36.91032804312016
 30
0.0
 11
6.664787704819863
 21
-32.84103988421073
 31
0.0
  0
LINE
  5
20E
330
17
100
AcDbEntity
  8
6190-PLAN-0
100
AcDbLine
 10
4.392093449518418
 20
-34.33200432935437
 30
0.0
 11
4.2193900528115655
 21
-34.38273467114315
 31
0.0
  0
LINE
  5
20F
330
17
100
AcDbEntity
  8
6190-PLAN-0
100
AcDbLine
 10
6.664787704819863
 20
-32.84103988421073
 30
0.0
 11
4.1701830852261494
 21
-33.57381148841825
 31
0.0
  0
LINE
  5
210
330
17
100
AcDbEntity
  8
6190-PLAN-0
100
AcDbLine
 10
4.392093449518413
 20
-34.332004329252506
 30
0.0
 11
4.1701830852261494
 21
-33.57381148841825
 31
0.0
  0
LINE
  5
211
330
17
100
AcDbEntity
  8
6190-PLAN-0
100
AcDbLine
 10
8.028503689877692
 20
-36.85959770131682
 30
0.0
 11
6.03131041088347
 21
-30.03586213286264
 31
0.0
  0
LINE
  5
212
330
17
100
AcDbEntity
  8
6190-PLAN-0
100
AcDbLine
 10
4.2193900528115655
 20
-34.38273467114315
 30
0.0
 11
3.946917833247127
 21
-33.451789030981345
 31
0.0
  0
LINE
  5
213
330
17
100
AcDbEntity
  8
6190-PLAN-0
100
AcDbLine
 10
3.9469178333489903
 20
-33.45178903098134
 30
0.0
 11
3.304077412164353
 21
-33.64061863669339
 31
0.0
  0
LINE
  5
214
330
17
100
AcDbEntity
  8
6190-PLAN-0
100
AcDbLine
 10
6.555237018583574
 20
-32.46674215246292
 30
0.0
 11
3.2450885810110623
 21
-33.43907370425858
 31
0.0
  0
LINE
  5
215
330
17
100
AcDbEntity
  8
6190-PLAN-0
100
AcDbLine
 10
3.1421363057752836
 20
-33.65692014073657
 30
0.0
 11
2.66240464815439
 21
-33.79783775691353
 31
0.0
  0
LINE
  5
216
330
17
100
AcDbEntity
  8
6190-PLAN-0
100
AcDbLine
 10
-0.4159095388704648
 20
-35.9538684618201
 30
0.0
 11
-2.2082682952462465
 21
-36.48595106714023
 31
0.0
  0
LINE
  5
217
330
17
100
AcDbEntity
  8
6190-PLAN-0
100
AcDbLine
 10
-3.157365489269817
 20
-32.23468760721885
 30
0.0
 11
-3.445205531401153
 21
-32.31923848470923
 31
0.0
  0
LINE
  5
218
330
17
100
AcDbEntity
  8
6190-PLAN-0
100
AcDbLine
 10
-3.3086034297985636
 20
-32.77939254817625
 30
0.0
 11
-3.3099246842807917
 21
-32.77978065685179
 31
0.0
  0
LINE
  5
219
330
17
100
AcDbEntity
  8
6190-PLAN-0
100
AcDbLine
 10
25.35279689475697
 20
-24.881443702624694
 30
0.0
 11
24.58521854821409
 21
-25.106914148750388
 31
0.0
  0
LINE
  5
21A
330
17
100
AcDbEntity
  8
6190-PLAN-0
100
AcDbLine
 10
24.442102573245943
 20
-24.627828490621628
 30
0.0
 11
24.58521854821409
 21
-25.106914148750388
 31
0.0
  0
LINE
  5
21B
330
17
100
AcDbEntity
  8
6190-PLAN-0
100
AcDbLine
 10
19.683116824275537
 20
-26.02574525635648
 30
0.0
 11
20.05235603962933
 21
-27.26178625432723
 31
0.0
  0
LINE
  5
21C
330
17
100
AcDbEntity
  8
6190-PLAN-0
100
AcDbLine
 10
19.481627508364596
 20
-26.08493124839553
 30
0.0
 11
19.85086672363108
 21
-27.320972246366285
 31
0.0
  0
LINE
  5
21D
330
17
100
AcDbEntity
  8
6190-PLAN-0
100
AcDbLine
 10
21.732686062209797
 20
-27.82087410022145
 30
0.0
 11
20.091987346336325
 21
-28.302817178671607
 31
0.0
  0
LINE
  5
21E
330
17
100
AcDbEntity
  8
6190-PLAN-0
100
AcDbLine
 10
17.481290564423457
 20
-27.808567701952214
 30
0.0
 11
16.28194939783652
 21
-28.160865273988147
 31
0.0
  0
LINE
  5
21F
330
17
100
AcDbEntity
  8
6190-PLAN-0
100
AcDbLine
 10
17.453107054650978
 20
-27.712621416111617
 30
0.0
 11
16.25332620291565
 21
-28.065048142362393
 31
0.0
  0
LINE
  5
220
330
17
100
AcDbEntity
  8
6190-PLAN-0
100
AcDbLine
 10
-38.65446743492182
 20
-50.93848062507432
 30
0.0
 11
-41.685559285864436
 21
-39.052137193683215
 31
0.0
  0
LINE
  5
221
330
17
100
AcDbEntity
  8
6190-PLAN-0
100
AcDbLine
 10
-37.33849133544062
 20
-37.80040510680828
 30
0.0
 11
-37.57877975905546
 21
-37.869595819580816
 31
0.0
  0
LINE
  5
222
330
17
100
AcDbEntity
  8
6190-PLAN-0
100
AcDbLine
 10
-24.401010921902348
 20
11.845894922422861
 30
0.0
 11
-24.03325321388728
 21
10.48862639271319
 31
0.0
  0
LINE
  5
223
330
17
100
AcDbEntity
  8
6190-PLAN-0
100
AcDbLine
 10
-22.995804781382862
 20
7.845115965361024
 30
0.0
 11
-22.880687738414025
 21
7.420258141202132
 31
0.0
  0
LINE
  5
224
330
17
100
AcDbEntity
  8
6190-PLAN-0
100
AcDbLine
 10
-22.380820153402798
 20
0.07145701403276394
 30
0.0
 11
-22.606096160884427
 21
0.8182171632276196
 31
0.0
  0
LINE
  5
225
330
17
100
AcDbEntity
  8
6190-PLAN-0
100
AcDbLine
 10
-22.715904835745576
 20
-0.02962837389797235
 30
0.0
 11
-22.94118084332907
 21
0.7171317752968784
 31
0.0
  0
LINE
  5
226
330
17
100
AcDbEntity
  8
6190-PLAN-0
100
AcDbLine
 10
-26.219933228191955
 20
-1.0866927168531002
 30
0.0
 11
-27.222122646238375
 21
2.2354325622836457
 31
0.0
  0
LINE
  5
227
330
17
100
AcDbEntity
  8
6190-PLAN-0
100
AcDbLine
 10
-23.718094253792007
 20
3.2924969052387745
 30
0.0
 11
-23.765963494141236
 21
3.2780561354907265
 31
0.0
  0
LINE
  5
228
330
17
100
AcDbEntity
  8
6190-PLAN-0
100
AcDbLine
 10
-23.804738872076555
 20
3.5797123472323173
 30
0.0
 11
-23.852608112425788
 21
3.5652715774842694
 31
0.0
  0
LINE
  5
229
330
17
100
AcDbEntity
  8
6190-PLAN-0
100
AcDbLine
 10
-25.729815244649664
 20
6.6025389978041185
 30
0.0
 11
-27.44353404861093
 21
6.08555944209298
 31
0.0
  0
LINE
  5
22A
330
17
100
AcDbEntity
  8
6190-PLAN-0
100
AcDbLine
 10
-22.995804781382862
 20
7.845115965361024
 30
0.0
 11
-27.559060206289708
 21
6.468513364784992
 31
0.0
  0
LINE
  5
22B
330
17
100
AcDbEntity
  8
6190-PLAN-0
100
AcDbLine
 10
-25.729815244649664
 20
6.6025389978041185
 30
0.0
 11
-24.62786274567794
 21
6.30825904620736
 31
0.0
  0
LINE
  5
22C
330
17
100
AcDbEntity
  8
6190-PLAN-0
100
AcDbLine
 10
-24.680012048124535
 20
11.37868882252181
 30
0.0
 11
-24.411105354163038
 21
10.386245740691457
 31
0.0
  0
LINE
  5
22D
330
17
100
AcDbEntity
  8
6190-PLAN-0
100
AcDbLine
 10
-28.804831006660336
 20
7.481901302865903
 30
0.0
 11
-29.283523409948963
 21
7.337493605691031
 31
0.0
  0
LINE
  5
22E
330
17
100
AcDbEntity
  8
6190-PLAN-0
100
AcDbLine
 10
-28.54200899792692
 20
6.610681128797963
 30
0.0
 11
-29.02070140121554
 21
6.466273431623089
 31
0.0
  0
LINE
  5
22F
330
17
100
AcDbEntity
  8
6190-PLAN-0
100
AcDbLine
 10
-28.804831006660336
 20
7.481901302865903
 30
0.0
 11
-29.538252848516436
 21
9.913097638715534
 31
0.0
  0
LINE
  5
230
330
17
100
AcDbEntity
  8
6190-PLAN-0
100
AcDbLine
 10
-29.02070140121554
 20
6.466273431724953
 30
0.0
 11
-24.529659864450633
 21
-8.42093486539557
 31
0.0
  0
LINE
  5
231
330
17
100
AcDbEntity
  8
6190-PLAN-0
100
AcDbLine
 10
-28.420706532270344
 20
6.208579510033199
 30
0.0
 11
-28.54200899792692
 21
6.610681128797963
 31
0.0
  0
LINE
  5
232
330
17
100
AcDbEntity
  8
6190-PLAN-0
100
AcDbLine
 10
-6.982098024900362
 20
-41.29815064927027
 30
0.0
 11
-6.988281444990931
 21
-41.29993115633772
 31
0.0
  0
LINE
  5
233
330
17
100
AcDbEntity
  8
6190-PLAN-0
100
AcDbLine
 10
-11.708557013476455
 20
-42.65912785054685
 30
0.0
 11
-18.291801106144717
 21
-44.554763704399576
 31
0.0
  0
LINE
  5
234
330
17
100
AcDbEntity
  8
6190-PLAN-0
100
AcDbLine
 10
-29.84381075106107
 20
-47.88079744677634
 30
0.0
 11
-34.0738481379502
 21
-49.09922880358786
 31
0.0
  0
LINE
  5
235
330
17
100
AcDbEntity
  8
6190-PLAN-0
100
AcDbLine
 10
-13.926572685429214
 20
-35.35953272987549
 30
0.0
 11
-13.824816566491855
 21
-35.69441695949279
 31
0.0
  0
LINE
  5
236
330
17
100
AcDbEntity
  8
6190-PLAN-0
100
AcDbLine
 10
-28.60001573792465
 20
10.196136725189351
 30
0.0
 11
-28.70592902221481
 21
10.547225244657803
 31
0.0
  0
LINE
  5
237
330
17
100
AcDbEntity
  8
6190-PLAN-0
100
AcDbLine
 10
-27.64263093124554
 20
10.484952119335375
 30
0.0
 11
-27.748544215535716
 21
10.83604063890569
 31
0.0
  0
LINE
  5
238
330
17
100
AcDbEntity
  8
6190-PLAN-0
100
AcDbLine
 10
-25.734590457804497
 20
11.447041281914856
 30
0.0
 11
-25.637782758209987
 21
11.089757012376612
 31
0.0
  0
LINE
  5
239
330
17
100
AcDbEntity
  8
6190-PLAN-0
100
AcDbLine
 10
-26.691497297242336
 20
11.154921219000919
 30
0.0
 11
-26.59555346838274
 21
10.800825202115
 31
0.0
  0
LINE
  5
23A
330
17
100
AcDbEntity
  8
6190-PLAN-0
100
AcDbLine
 10
-23.452817918952967
 20
12.131937414493088
 30
0.0
 11
-23.356874090093388
 21
11.777841397709029
 31
0.0
  0
LINE
  5
23B
330
17
100
AcDbEntity
  8
6190-PLAN-0
100
AcDbLine
 10
-23.165319948012268
 20
11.835627759746803
 30
0.0
 11
-21.226605285012674
 21
4.6804918037990975
 31
0.0
  0
LINE
  5
23C
330
17
100
AcDbEntity
  8
6190-PLAN-0
100
AcDbLine
 10
-24.411105354163038
 20
10.386245740691457
 30
0.0
 11
-24.03325321388728
 21
10.48862639271319
 31
0.0
  0
LINE
  5
23D
330
17
100
AcDbEntity
  8
6190-PLAN-0
100
AcDbLine
 10
-24.183579276044178
 20
9.546524427469965
 30
0.0
 11
-23.805727135768425
 21
9.648905079506246
 31
0.0
  0
LINE
  5
23E
330
17
100
AcDbEntity
  8
6190-PLAN-0
100
AcDbLine
 10
-23.805727135768425
 20
9.648905079506246
 30
0.0
 11
-23.29271370146598
 21
7.755547104134815
 31
0.0
  0
LINE
  5
23F
330
17
100
AcDbEntity
  8
6190-PLAN-0
100
AcDbLine
 10
-24.183579276044178
 20
9.546524427469965
 30
0.0
 11
-23.670565841843597
 21
7.653166452098529
 31
0.0
  0
LINE
  5
240
330
17
100
AcDbEntity
  8
6190-PLAN-0
100
AcDbLine
 10
-23.9946532059063
 20
9.597714753488106
 30
0.0
 11
-23.48163977170572
 21
7.7043567781166695
 31
0.0
  0
LINE
  5
241
330
17
100
AcDbEntity
  8
6190-PLAN-0
100
AcDbLine
 10
-28.209441893893086
 20
5.854507126735418
 30
0.0
 11
-28.324968051673736
 21
6.237461049427426
 31
0.0
  0
LINE
  5
242
330
17
100
AcDbEntity
  8
6190-PLAN-0
100
AcDbLine
 10
-27.44353404861093
 20
6.08555944209298
 30
0.0
 11
-27.559060206289708
 21
6.468513364784992
 31
0.0
  0
LINE
  5
243
330
17
100
AcDbEntity
  8
6190-PLAN-0
100
AcDbLine
 10
-28.324968051673736
 20
6.237461049427426
 30
0.0
 11
-28.420706532270344
 21
6.208579509931336
 31
0.0
  0
LINE
  5
244
330
17
100
AcDbEntity
  8
6190-PLAN-0
100
AcDbLine
 10
-28.209441893893086
 20
5.854507126735418
 30
0.0
 11
-28.305180374591558
 21
5.825625587341187
 31
0.0
  0
LINE
  5
245
330
17
100
AcDbEntity
  8
6190-PLAN-0
100
AcDbLine
 10
-27.629352352044812
 20
3.5853451397420706
 30
0.0
 11
-28.108044755435287
 21
3.4409374425671935
 31
0.0
  0
LINE
  5
246
330
17
100
AcDbEntity
  8
6190-PLAN-0
100
AcDbLine
 10
-27.97881897907733
 20
4.743780755803555
 30
0.0
 11
-28.457511382467814
 21
4.599373058628676
 31
0.0
  0
LINE
  5
247
330
17
100
AcDbEntity
  8
6190-PLAN-0
100
AcDbLine
 10
-28.218165180823497
 20
4.671576907165181
 30
0.0
 11
-27.868698553790978
 21
3.5131412911036985
 31
0.0
  0
LINE
  5
248
330
17
100
AcDbEntity
  8
6190-PLAN-0
100
AcDbLine
 10
-23.765963494141236
 20
3.2780561354907265
 30
0.0
 11
-23.852608112425788
 21
3.5652715774842694
 31
0.0
  0
LINE
  5
249
330
17
100
AcDbEntity
  8
6190-PLAN-0
100
AcDbLine
 10
-24.53187133951071
 20
3.0470038201331606
 30
0.0
 11
-24.618515957795264
 21
3.3342192621267035
 31
0.0
  0
LINE
  5
24A
330
17
100
AcDbEntity
  8
6190-PLAN-0
100
AcDbLine
 10
-24.53187133951071
 20
3.0470038201331606
 30
0.0
 11
-27.222122646136512
 21
2.235432562283651
 31
0.0
  0
LINE
  5
24B
330
17
100
AcDbEntity
  8
6190-PLAN-0
100
AcDbLine
 10
-24.618515957795264
 20
3.3342192621267035
 30
0.0
 11
-27.30876726442107
 21
2.522648004277195
 31
0.0
  0
LINE
  5
24C
330
17
100
AcDbEntity
  8
6190-PLAN-0
100
AcDbLine
 10
-23.484094959481823
 20
3.7286669755122857
 30
0.0
 11
-23.819179641824604
 21
3.62758158758155
 31
0.0
  0
LINE
  5
24D
330
17
100
AcDbEntity
  8
6190-PLAN-0
100
AcDbLine
 10
-23.71514727483939
 20
4.494574820881761
 30
0.0
 11
-24.050231957182167
 21
4.3934894328637135
 31
0.0
  0
LINE
  5
24E
330
17
100
AcDbEntity
  8
6190-PLAN-0
100
AcDbLine
 10
-23.71514727483939
 20
4.494574820881761
 30
0.0
 11
-24.14548221267349
 21
5.921078183955404
 31
0.0
  0
LINE
  5
24F
330
17
100
AcDbEntity
  8
6190-PLAN-0
100
AcDbLine
 10
-24.050231957182167
 20
4.3934894328637135
 30
0.0
 11
-24.62786274567794
 21
6.30825904620736
 31
0.0
  0
LINE
  5
250
330
17
100
AcDbEntity
  8
6190-PLAN-0
100
AcDbLine
 10
-26.889984942848216
 20
1.1344400346732595
 30
0.0
 11
-27.368677346136828
 21
0.9900323374983868
 31
0.0
  0
LINE
  5
251
330
17
100
AcDbEntity
  8
6190-PLAN-0
100
AcDbLine
 10
-26.55784723945805
 20
0.033447506946457484
 30
0.0
 11
-27.036539642746668
 21
-0.11096019012655178
 31
0.0
  0
LINE
  5
252
330
17
100
AcDbEntity
  8
6190-PLAN-0
100
AcDbLine
 10
-27.129331144492525
 20
1.062236186034891
 30
0.0
 11
-26.797193441102365
 21
-0.038756341590047594
 31
0.0
  0
LINE
  5
253
330
17
100
AcDbEntity
  8
6190-PLAN-0
100
AcDbLine
 10
-22.606096160884427
 20
0.8182171632276196
 30
0.0
 11
-22.941180843227208
 21
0.7171317752968838
 31
0.0
  0
LINE
  5
254
330
17
100
AcDbEntity
  8
6190-PLAN-0
100
AcDbLine
 10
-22.857365553967835
 20
1.651141945033629
 30
0.0
 11
-23.192450236310616
 21
1.5500565571028924
 31
0.0
  0
LINE
  5
255
330
17
100
AcDbEntity
  8
6190-PLAN-0
100
AcDbLine
 10
-23.192450236310616
 20
1.5500565571028924
 30
0.0
 11
-23.718094253792007
 21
3.2924969052387745
 31
0.0
  0
LINE
  5
256
330
17
100
AcDbEntity
  8
6190-PLAN-0
100
AcDbLine
 10
-22.857365553967835
 20
1.651141945033629
 30
0.0
 11
-23.484094959481823
 21
3.7286669755122857
 31
0.0
  0
LINE
  5
257
330
17
100
AcDbEntity
  8
6190-PLAN-0
100
AcDbLine
 10
-21.341337659646108
 20
-0.08499152440677848
 30
0.0
 11
-21.471304587072936
 21
0.34583163863446753
 31
0.0
  0
LINE
  5
258
330
17
100
AcDbEntity
  8
6190-PLAN-0
100
AcDbLine
 10
-22.202983985626737
 20
-0.34492537915857113
 30
0.0
 11
-22.332950913053562
 21
0.08589778378081148
 31
0.0
  0
LINE
  5
259
330
17
100
AcDbEntity
  8
6190-PLAN-0
100
AcDbLine
 10
-22.332950913053562
 20
0.08589778378081148
 30
0.0
 11
-22.380820153402798
 21
0.07145701403276394
 31
0.0
  0
LINE
  5
25A
330
17
100
AcDbEntity
  8
6190-PLAN-0
100
AcDbLine
 10
-22.202983985728597
 20
-0.34492537926043987
 30
0.0
 11
-26.089966300765127
 21
-1.5175158798797943
 31
0.0
  0
LINE
  5
25B
330
17
100
AcDbEntity
  8
6190-PLAN-0
100
AcDbLine
 10
-24.98380334079178
 20
-5.18429968946118
 30
0.0
 11
-25.462495744182267
 21
-5.3287073865341945
 31
0.0
  0
LINE
  5
25C
330
17
100
AcDbEntity
  8
6190-PLAN-0
100
AcDbLine
 10
-25.37081596907609
 20
-3.9014040485266115
 30
0.0
 11
-25.849508372466577
 21
-4.045811745599627
 31
0.0
  0
LINE
  5
25D
330
17
100
AcDbEntity
  8
6190-PLAN-0
100
AcDbLine
 10
-25.610162170822267
 20
-3.973607897063122
 30
0.0
 11
-25.223149542436094
 21
-5.256503537997684
 31
0.0
  0
LINE
  5
25E
330
17
100
AcDbEntity
  8
6190-PLAN-0
100
AcDbLine
 10
-18.39154779335753
 20
-4.877270704946704
 30
0.0
 11
-18.870240196646147
 21
-5.0216784021215775
 31
0.0
  0
LINE
  5
25F
330
17
100
AcDbEntity
  8
6190-PLAN-0
100
AcDbLine
 10
-18.74101442039005
 20
-3.7188350888852213
 30
0.0
 11
-19.21970682376598
 21
-3.863242786060099
 31
0.0
  0
LINE
  5
260
330
17
100
AcDbEntity
  8
6190-PLAN-0
100
AcDbLine
 10
-19.720098606918185
 20
-0.4733005942577746
 30
0.0
 11
-20.1987910102068
 21
-0.6177082914326473
 31
0.0
  0
LINE
  5
261
330
17
100
AcDbEntity
  8
6190-PLAN-0
100
AcDbLine
 10
-19.37063197988566
 20
-1.6317362104211208
 30
0.0
 11
-19.84932438317428
 21
-1.7761439074941305
 31
0.0
  0
LINE
  5
262
330
17
100
AcDbEntity
  8
6190-PLAN-0
100
AcDbLine
 10
-19.95944480856249
 20
-0.5455044428961426
 30
0.0
 11
-19.609978181529968
 21
-1.7039400589576257
 31
0.0
  0
LINE
  5
263
330
17
100
AcDbEntity
  8
6190-PLAN-0
100
AcDbLine
 10
-18.980360622019813
 20
-3.7910389374217255
 30
0.0
 11
-18.630893995001834
 21
-4.949474553585072
 31
0.0
  0
LINE
  5
264
330
17
100
AcDbEntity
  8
6190-PLAN-0
100
AcDbLine
 10
-27.308767264522935
 20
2.5226480042771895
 30
0.0
 11
-28.305180374591558
 21
5.825625587341187
 31
0.0
  0
LINE
  5
265
330
17
100
AcDbEntity
  8
6190-PLAN-0
100
AcDbLine
 10
-22.715904835745576
 20
-0.02962837389797235
 30
0.0
 11
-26.219933228191955
 21
-1.0866927168531002
 31
0.0
  0
LINE
  5
266
330
17
100
AcDbEntity
  8
6190-PLAN-0
100
AcDbLine
 10
-23.804738872076555
 20
3.5797123472323173
 30
0.0
 11
-23.819179641824604
 21
3.62758158758155
 31
0.0
  0
LINE
  5
267
330
17
100
AcDbEntity
  8
6190-PLAN-0
100
AcDbLine
 10
-24.126021619920234
 20
-8.027732565207447
 30
0.0
 11
-21.39671614427697
 21
-17.07501898830238
 31
0.0
  0
LINE
  5
268
330
17
100
AcDbEntity
  8
6190-PLAN-0
100
AcDbLine
 10
-21.0095401760223
 20
3.879378367100913
 30
0.0
 11
-20.430422029045754
 21
4.036292903766218
 31
0.0
  0
LINE
  5
269
330
17
100
AcDbEntity
  8
6190-PLAN-0
100
AcDbLine
 10
-21.226605285012674
 20
4.6804918037990975
 30
0.0
 11
-20.647487138050675
 21
4.837406340362538
 31
0.0
  0
LINE
  5
26A
330
17
100
AcDbEntity
  8
6190-PLAN-0
100
AcDbLine
 10
-20.43042202904575
 20
4.036292903678906
 30
0.0
 11
-20.404269606260925
 21
3.939773212581632
 31
0.0
  0
LINE
  5
26B
330
17
100
AcDbEntity
  8
6190-PLAN-0
100
AcDbLine
 10
-21.0095401760223
 20
3.879378367100913
 30
0.0
 11
-20.98338775322292
 21
3.7828586759017764
 31
0.0
  0
LINE
  5
26C
330
17
100
AcDbEntity
  8
6190-PLAN-0
100
AcDbLine
 10
-19.892715243043742
 20
4.078381053290285
 30
0.0
 11
-19.76195312907595
 21
3.5957825974110174
 31
0.0
  0
LINE
  5
26D
330
17
100
AcDbEntity
  8
6190-PLAN-0
100
AcDbLine
 10
-18.724826980021675
 20
4.3948253690085135
 30
0.0
 11
-18.594064866053884
 21
3.9122269131437983
 31
0.0
  0
LINE
  5
26E
330
17
100
AcDbEntity
  8
6190-PLAN-0
100
AcDbLine
 10
-16.369746515432098
 20
5.032944484507188
 30
0.0
 11
-16.238984401566167
 21
4.550346028642466
 31
0.0
  0
LINE
  5
26F
330
17
100
AcDbEntity
  8
6190-PLAN-0
100
AcDbLine
 10
-17.53763477855604
 20
4.71650016899268
 30
0.0
 11
-17.406872664675557
 21
4.233901713113409
 31
0.0
  0
LINE
  5
270
330
17
100
AcDbEntity
  8
6190-PLAN-0
100
AcDbLine
 10
-19.827334186059844
 20
3.8370818252997196
 30
0.0
 11
-18.659445923037783
 21
4.153526141119812
 31
0.0
  0
LINE
  5
271
330
17
100
AcDbEntity
  8
6190-PLAN-0
100
AcDbLine
 10
-17.472253721674
 20
4.475200941002109
 30
0.0
 11
-16.304365458550066
 21
4.791645256618479
 31
0.0
  0
LINE
  5
272
330
17
100
AcDbEntity
  8
6190-PLAN-0
100
AcDbLine
 10
-20.914241850354053
 20
5.821907190375463
 30
0.0
 11
-20.441295363660178
 21
5.950054061970181
 31
0.0
  0
LINE
  5
273
330
17
100
AcDbEntity
  8
6190-PLAN-0
100
AcDbLine
 10
-20.906808489011816
 20
7.668104564718202
 30
0.0
 11
-20.441295363572866
 21
5.950054061970184
 31
0.0
  0
LINE
  5
274
330
17
100
AcDbEntity
  8
6190-PLAN-0
100
AcDbLine
 10
-21.37975497570569
 20
7.539957693123482
 30
0.0
 11
-20.906808489011816
 21
7.668104564718202
 31
0.0
  0
LINE
  5
275
330
17
100
AcDbEntity
  8
6190-PLAN-0
100
AcDbLine
 10
-20.914241850354053
 20
5.821907190375463
 30
0.0
 11
-20.647487138050675
 21
4.837406340362538
 31
0.0
  0
LINE
  5
276
330
17
100
AcDbEntity
  8
6190-PLAN-0
100
AcDbLine
 10
-16.472341572097122
 20
7.170507174673594
 30
0.0
 11
-16.047654930908223
 21
7.28557783486863
 31
0.0
  0
LINE
  5
277
330
17
100
AcDbEntity
  8
6190-PLAN-0
100
AcDbLine
 10
-16.84893646005311
 20
8.56039072751917
 30
0.0
 11
-16.424249818951527
 21
8.675461387714197
 31
0.0
  0
LINE
  5
278
330
17
100
AcDbEntity
  8
6190-PLAN-0
100
AcDbLine
 10
-16.66325425830266
 20
7.875100920172643
 30
0.0
 11
-16.23856761720108
 21
7.990171580382223
 31
0.0
  0
LINE
  5
279
330
17
100
AcDbEntity
  8
6190-PLAN-0
100
AcDbLine
 10
-14.066874565926256
 20
8.578601092858932
 30
0.0
 11
-13.87031104572835
 21
8.631860818581345
 31
0.0
  0
LINE
  5
27A
330
17
100
AcDbEntity
  8
6190-PLAN-0
100
AcDbLine
 10
-16.47234157199526
 20
7.1705071746736
 30
0.0
 11
-15.925755936090688
 21
5.1532456292737345
 31
0.0
  0
LINE
  5
27B
330
17
100
AcDbEntity
  8
6190-PLAN-0
100
AcDbLine
 10
-16.047654930908223
 20
7.28557783486863
 30
0.0
 11
-15.501069294989104
 21
5.268316289468763
 31
0.0
  0
LINE
  5
27C
330
17
100
AcDbEntity
  8
6190-PLAN-0
100
AcDbLine
 10
-13.679398359522807
 20
7.927267073082299
 30
0.0
 11
-13.132812723516373
 21
5.910005527667884
 31
0.0
  0
LINE
  5
27D
330
17
100
AcDbEntity
  8
6190-PLAN-0
100
AcDbLine
 10
-13.875961879720716
 20
7.874007347359883
 30
0.0
 11
-13.329376243714279
 21
5.856745801960023
 31
0.0
  0
LINE
  5
27E
330
17
100
AcDbEntity
  8
6190-PLAN-0
100
AcDbLine
 10
-13.875961879618846
 20
7.874007347258025
 30
0.0
 11
-13.679398359522807
 21
7.927267073082299
 31
0.0
  0
LINE
  5
27F
330
17
100
AcDbEntity
  8
6190-PLAN-0
100
AcDbLine
 10
-14.252556767574834
 20
9.2638909001036
 30
0.0
 11
-14.0559932474788
 21
9.317150625927873
 31
0.0
  0
LINE
  5
280
330
17
100
AcDbEntity
  8
6190-PLAN-0
100
AcDbLine
 10
-20.482590244197183
 20
10.155621173831776
 30
0.0
 11
-20.388441522244566
 21
9.808150285573088
 31
0.0
  0
LINE
  5
281
330
17
100
AcDbEntity
  8
6190-PLAN-0
100
AcDbLine
 10
-19.063750784013695
 20
10.540061788630492
 30
0.0
 11
-18.969602062061075
 21
10.192590900371801
 31
0.0
  0
LINE
  5
282
330
17
100
AcDbEntity
  8
6190-PLAN-0
100
AcDbLine
 10
-19.063750784013695
 20
10.540061788630492
 30
0.0
 11
-17.345700281178367
 21
11.005574913982134
 31
0.0
  0
LINE
  5
283
330
17
100
AcDbEntity
  8
6190-PLAN-0
100
AcDbLine
 10
-18.969602062061075
 20
10.192590900371801
 30
0.0
 11
-17.405983065086158
 21
10.616260149340484
 31
0.0
  0
LINE
  5
284
330
17
100
AcDbEntity
  8
6190-PLAN-0
100
AcDbLine
 10
-22.564459727429064
 20
11.912299702909184
 30
0.0
 11
-22.07220930248081
 21
12.045677059075423
 31
0.0
  0
LINE
  5
285
330
17
100
AcDbEntity
  8
6190-PLAN-0
100
AcDbLine
 10
-22.51680048959004
 20
13.686511808878688
 30
0.0
 11
-22.07220930248081
 21
12.045677059075423
 31
0.0
  0
LINE
  5
286
330
17
100
AcDbEntity
  8
6190-PLAN-0
100
AcDbLine
 10
-23.00905091464016
 20
13.553134452828857
 30
0.0
 11
-22.516800489691907
 21
13.686511808980544
 31
0.0
  0
LINE
  5
287
330
17
100
AcDbEntity
  8
6190-PLAN-0
100
AcDbLine
 10
-22.564459727429064
 20
11.912299702909184
 30
0.0
 11
-21.97864545732543
 21
9.750258620819753
 31
0.0
  0
LINE
  5
288
330
17
100
AcDbEntity
  8
6190-PLAN-0
100
AcDbLine
 10
-23.276406234711345
 20
16.298771197295178
 30
0.0
 11
-23.145644120743558
 21
15.816172741517775
 31
0.0
  0
LINE
  5
289
330
17
100
AcDbEntity
  8
6190-PLAN-0
100
AcDbLine
 10
-19.859609167382377
 20
17.22456696354336
 30
0.0
 11
-19.7288470535019
 21
16.74196850776595
 31
0.0
  0
LINE
  5
28A
330
17
100
AcDbEntity
  8
6190-PLAN-0
100
AcDbLine
 10
-23.58963470018683
 20
15.695871596765773
 30
0.0
 11
-23.009050914538296
 21
13.553134452828864
 31
0.0
  0
LINE
  5
28B
330
17
100
AcDbEntity
  8
6190-PLAN-0
100
AcDbLine
 10
-23.211025177727453
 20
16.05747196940648
 30
0.0
 11
-19.794228110398482
 21
16.983267735654657
 31
0.0
  0
LINE
  5
28C
330
17
100
AcDbEntity
  8
6190-PLAN-0
100
AcDbLine
 10
-18.56624530573594
 20
17.57500942869997
 30
0.0
 11
-18.43548319185546
 21
17.09241097292256
 31
0.0
  0
LINE
  5
28D
330
17
100
AcDbEntity
  8
6190-PLAN-0
100
AcDbLine
 10
-17.108797969131004
 20
17.969911012598057
 30
0.0
 11
-16.978035855265077
 21
17.48731255682065
 31
0.0
  0
LINE
  5
28E
330
17
100
AcDbEntity
  8
6190-PLAN-0
100
AcDbLine
 10
-17.84186502352397
 20
17.771283361626246
 30
0.0
 11
-17.711102909643497
 21
17.288684905848836
 31
0.0
  0
LINE
  5
28F
330
17
100
AcDbEntity
  8
6190-PLAN-0
100
AcDbLine
 10
-16.978035855265073
 20
17.48731255673334
 30
0.0
 11
-10.781471682346815
 21
19.16629809886439
 31
0.0
  0
LINE
  5
290
330
17
100
AcDbEntity
  8
6190-PLAN-0
100
AcDbLine
 10
-17.108797969131004
 20
17.969911012598057
 30
0.0
 11
-10.912233796212746
 21
19.648896554743665
 31
0.0
  0
LINE
  5
291
330
17
100
AcDbEntity
  8
6190-PLAN-0
100
AcDbLine
 10
-15.892649860429326
 20
18.29943153961412
 30
0.0
 11
-15.761887746548844
 21
17.8168330837494
 31
0.0
  0
LINE
  5
292
330
17
100
AcDbEntity
  8
6190-PLAN-0
100
AcDbLine
 10
-14.637893875189782
 20
18.639413035656805
 30
0.0
 11
-14.507131761323855
 21
18.156814579777528
 31
0.0
  0
LINE
  5
293
330
17
100
AcDbEntity
  8
6190-PLAN-0
100
AcDbLine
 10
-13.5472213650106
 20
18.934935412943446
 30
0.0
 11
-13.416459251144676
 21
18.45233695716604
 31
0.0
  0
LINE
  5
294
330
17
100
AcDbEntity
  8
6190-PLAN-0
100
AcDbLine
 10
-12.292465379785614
 20
19.27491690907344
 30
0.0
 11
-12.161703266006992
 21
18.792318453194163
 31
0.0
  0
LINE
  5
295
330
17
100
AcDbEntity
  8
6190-PLAN-0
100
AcDbLine
 10
-15.827268803430876
 20
18.058132311638108
 30
0.0
 11
-14.572512818307747
 21
18.39811380766623
 31
0.0
  0
LINE
  5
296
330
17
100
AcDbEntity
  8
6190-PLAN-0
100
AcDbLine
 10
-13.481840308026705
 20
18.693636185054746
 30
0.0
 11
-12.227084322889027
 21
19.03361768108287
 31
0.0
  0
LINE
  5
297
330
17
100
AcDbEntity
  8
6190-PLAN-0
100
AcDbLine
 10
-18.750085384265187
 20
16.188682329651414
 30
0.0
 11
-18.605305847473755
 21
16.227910963850483
 31
0.0
  0
LINE
  5
298
330
17
100
AcDbEntity
  8
6190-PLAN-0
100
AcDbLine
 10
-17.834750587145496
 20
12.810493138933065
 30
0.0
 11
-17.689971050354064
 21
12.849721773030272
 31
0.0
  0
LINE
  5
299
330
17
100
AcDbEntity
  8
6190-PLAN-0
100
AcDbLine
 10
-17.83475058714549
 20
12.810493138831202
 30
0.0
 11
-17.345700281178367
 21
11.005574913982134
 31
0.0
  0
LINE
  5
29A
330
17
100
AcDbEntity
  8
6190-PLAN-0
100
AcDbLine
 10
-17.689971050354064
 20
12.849721773030272
 30
0.0
 11
-17.637666204755305
 21
12.656682390748415
 31
0.0
  0
LINE
  5
29B
330
17
100
AcDbEntity
  8
6190-PLAN-0
100
AcDbLine
 10
-16.981332305052277
 20
12.834518865554259
 30
0.0
 11
-16.910720763511417
 21
12.573915699396625
 31
0.0
  0
LINE
  5
29C
330
17
100
AcDbEntity
  8
6190-PLAN-0
100
AcDbLine
 10
-15.842399948975217
 20
13.143117454327921
 30
0.0
 11
-15.771788407434354
 21
12.88251428818484
 31
0.0
  0
LINE
  5
29D
330
17
100
AcDbEntity
  8
6190-PLAN-0
100
AcDbLine
 10
-14.400744815624527
 20
5.566453909128481
 30
0.0
 11
-14.269982701758604
 21
5.083855453351073
 31
0.0
  0
LWPOLYLINE
  5
29E
330
17
100
AcDbEntity
  8
6190-PLAN-0
100
AcDbPolyline
 90
2
 70
0
 10
-13.700516523865588
 20
5.238154747643308
 10
-7.220521108735688
 20
6.993937196024944
  0
LINE
  5
29F
330
17
100
AcDbEntity
  8
6190-PLAN-0
100
AcDbLine
 10
-13.83127863774607
 20
5.720753203522579
 30
0.0
 11
-13.329376243612415
 21
5.856745801960028
 31
0.0
  0
LINE
  5
2A0
330
17
100
AcDbEntity
  8
6190-PLAN-0
100
AcDbLine
 10
-16.699018350355146
 20
11.180796146604095
 30
0.0
 11
-16.604869628387974
 21
10.833325258345408
 31
0.0
  0
LINE
  5
2A1
330
17
100
AcDbEntity
  8
6190-PLAN-0
100
AcDbLine
 10
-15.212615106412294
 20
11.583543457243046
 30
0.0
 11
-15.118466384445128
 21
11.236072569086222
 31
0.0
  0
LINE
  5
2A2
330
17
100
AcDbEntity
  8
6190-PLAN-0
100
AcDbLine
 10
-15.118466384445128
 20
11.236072569086222
 30
0.0
 11
-14.809603372709748
 21
11.319760321939459
 31
0.0
  0
LINE
  5
2A3
330
17
100
AcDbEntity
  8
6190-PLAN-0
100
AcDbLine
 10
-15.2126151064123
 20
11.58354345734491
 30
0.0
 11
-14.903752094764233
 21
11.667231210198143
 31
0.0
  0
LINE
  5
2A4
330
17
100
AcDbEntity
  8
6190-PLAN-0
100
AcDbLine
 10
-17.63766620485717
 20
12.656682390748408
 30
0.0
 11
-16.98133230505227
 21
12.834518865452395
 31
0.0
  0
LINE
  5
2A5
330
17
100
AcDbEntity
  8
6190-PLAN-0
100
AcDbLine
 10
-17.567054663316306
 20
12.396079224590775
 30
0.0
 11
-16.910720763613277
 21
12.573915699309307
 31
0.0
  0
LINE
  5
2A6
330
17
100
AcDbEntity
  8
6190-PLAN-0
100
AcDbLine
 10
-12.573462492216567
 20
13.749114362231595
 30
0.0
 11
-12.508081435232668
 21
13.507815134241028
 31
0.0
  0
LINE
  5
2A7
330
17
100
AcDbEntity
  8
6190-PLAN-0
100
AcDbLine
 10
-12.428682955527002
 20
13.788342996416109
 30
0.0
 11
-12.363301898543103
 21
13.547043768425542
 31
0.0
  0
LINE
  5
2A8
330
17
100
AcDbEntity
  8
6190-PLAN-0
100
AcDbLine
 10
-10.68167654535376
 20
14.261701848712338
 30
0.0
 11
-10.577066854272651
 21
13.875623083828476
 31
0.0
  0
LINE
  5
2A9
330
17
100
AcDbEntity
  8
6190-PLAN-0
100
AcDbLine
 10
-10.536897008649639
 20
14.300930482794989
 30
0.0
 11
-10.432287317481219
 21
13.914851718027546
 31
0.0
  0
LINE
  5
2AA
330
17
100
AcDbEntity
  8
6190-PLAN-0
100
AcDbLine
 10
-9.388312683794634
 20
14.612144313868942
 30
0.0
 11
-9.022178764865256
 21
13.26086863734296
 31
0.0
  0
LINE
  5
2AB
330
17
100
AcDbEntity
  8
6190-PLAN-0
100
AcDbLine
 10
-10.328618837809518
 20
12.958686017676783
 30
0.0
 11
-10.18383930111995
 21
12.997914651875845
 31
0.0
  0
LINE
  5
2AC
330
17
100
AcDbEntity
  8
6190-PLAN-0
100
AcDbLine
 10
-10.577066854272651
 20
13.875623083828476
 30
0.0
 11
-10.432287317481219
 21
13.914851718027546
 31
0.0
  0
LINE
  5
2AD
330
17
100
AcDbEntity
  8
6190-PLAN-0
100
AcDbLine
 10
-10.18383930111995
 20
12.997914651875845
 30
0.0
 11
-10.170763089720264
 21
12.949654806370866
 31
0.0
  0
LINE
  5
2AE
330
17
100
AcDbEntity
  8
6190-PLAN-0
100
AcDbLine
 10
-10.328618837809518
 20
12.958686017676783
 30
0.0
 11
-10.315542626511693
 21
12.910426172186348
 31
0.0
  0
LINE
  5
2AF
330
17
100
AcDbEntity
  8
6190-PLAN-0
100
AcDbLine
 10
-10.536897008649635
 20
14.300930482707678
 30
0.0
 11
-9.388312683692767
 21
14.612144313767086
 31
0.0
  0
LINE
  5
2B0
330
17
100
AcDbEntity
  8
6190-PLAN-0
100
AcDbLine
 10
-10.170763089720264
 20
12.949654806370866
 30
0.0
 11
-9.022178764865256
 21
13.26086863734296
 31
0.0
  0
LINE
  5
2B1
330
17
100
AcDbEntity
  8
6190-PLAN-0
100
AcDbLine
 10
-14.707188574566327
 20
11.720490935906007
 30
0.0
 11
-14.772569631462911
 21
11.961790163896577
 31
0.0
  0
LINE
  5
2B2
330
17
100
AcDbEntity
  8
6190-PLAN-0
100
AcDbLine
 10
-15.204504956607845
 20
12.777207658631706
 30
0.0
 11
-15.0079414365118
 21
12.830467384339563
 31
0.0
  0
LINE
  5
2B3
330
17
100
AcDbEntity
  8
6190-PLAN-0
100
AcDbLine
 10
-14.96913315166082
 20
11.90853043817416
 30
0.0
 11
-14.772569631564775
 21
11.96179016389657
 31
0.0
  0
LINE
  5
2B4
330
17
100
AcDbEntity
  8
6190-PLAN-0
100
AcDbLine
 10
-14.96913315166082
 20
11.90853043817416
 30
0.0
 11
-14.903752094676921
 21
11.66723121019815
 31
0.0
  0
LINE
  5
2B5
330
17
100
AcDbEntity
  8
6190-PLAN-0
100
AcDbLine
 10
-15.0079414365118
 20
12.830467384339563
 30
0.0
 11
-15.07332249351025
 21
13.071766612330126
 31
0.0
  0
LINE
  5
2B6
330
17
100
AcDbEntity
  8
6190-PLAN-0
100
AcDbLine
 10
-14.772569631564775
 20
11.96179016389657
 30
0.0
 11
-14.707188574566327
 21
11.720490935906007
 31
0.0
  0
LINE
  5
2B7
330
17
100
AcDbEntity
  8
6190-PLAN-0
100
AcDbLine
 10
-12.272709630285643
 20
12.639137913783486
 30
0.0
 11
-12.207328573287192
 21
12.39783868579292
 31
0.0
  0
LINE
  5
2B8
330
17
100
AcDbEntity
  8
6190-PLAN-0
100
AcDbLine
 10
-12.127930093581522
 20
12.678366547880689
 30
0.0
 11
-12.06254903659763
 21
12.437067319991986
 31
0.0
  0
LINE
  5
2B9
330
17
100
AcDbEntity
  8
6190-PLAN-0
100
AcDbLine
 10
-12.508081435232668
 20
13.507815134241028
 30
0.0
 11
-12.363301898543103
 21
13.547043768425542
 31
0.0
  0
LINE
  5
2BA
330
17
100
AcDbEntity
  8
6190-PLAN-0
100
AcDbLine
 10
-12.272709630285643
 20
12.639137913783486
 30
0.0
 11
-12.127930093581522
 21
12.678366547880689
 31
0.0
  0
LINE
  5
2BB
330
17
100
AcDbEntity
  8
6190-PLAN-0
100
AcDbLine
 10
-14.809603372709752
 20
11.31976032202677
 30
0.0
 11
-14.252556767574838
 21
9.263890900205464
 31
0.0
  0
LINE
  5
2BC
330
17
100
AcDbEntity
  8
6190-PLAN-0
100
AcDbLine
 10
-14.61303985261371
 20
11.37302004774918
 30
0.0
 11
-14.0559932474788
 21
9.317150625927873
 31
0.0
  0
LINE
  5
2BD
330
17
100
AcDbEntity
  8
6190-PLAN-0
100
AcDbLine
 10
-14.707188574566327
 20
11.720490935906007
 30
0.0
 11
-12.207328573389056
 21
12.397838685792912
 31
0.0
  0
LINE
  5
2BE
330
17
100
AcDbEntity
  8
6190-PLAN-0
100
AcDbLine
 10
-15.073322493408387
 20
13.071766612330133
 30
0.0
 11
-12.57346249221656
 21
13.749114362129731
 31
0.0
  0
LINE
  5
2BF
330
17
100
AcDbEntity
  8
6190-PLAN-0
100
AcDbLine
 10
-12.428682955526998
 20
13.788342996314245
 30
0.0
 11
-10.681676545353756
 21
14.261701848610475
 31
0.0
  0
LINE
  5
2C0
330
17
100
AcDbEntity
  8
6190-PLAN-0
100
AcDbLine
 10
-12.06254903659763
 20
12.437067319991986
 30
0.0
 11
-10.31554262640983
 21
12.910426172186352
 31
0.0
  0
LINE
  5
2C1
330
17
100
AcDbEntity
  8
6190-PLAN-0
100
AcDbLine
 10
-17.200920744488798
 20
11.044803548166648
 30
0.0
 11
-16.699018350355146
 21
11.180796146604095
 31
0.0
  0
LINE
  5
2C2
330
17
100
AcDbEntity
  8
6190-PLAN-0
100
AcDbLine
 10
-13.83127863774607
 20
5.720753203522579
 30
0.0
 11
-13.700516523865588
 21
5.238154747643308
 31
0.0
  0
LINE
  5
2C3
330
17
100
AcDbEntity
  8
6190-PLAN-0
100
AcDbLine
 10
-14.97021099351754
 20
5.412154614734383
 30
0.0
 11
-14.839448879637061
 21
4.929556158971525
 31
0.0
  0
LINE
  5
2C4
330
17
100
AcDbEntity
  8
6190-PLAN-0
100
AcDbLine
 10
-15.842399948975217
 20
13.143117454327921
 30
0.0
 11
-9.607227899650066
 21
14.832563965587454
 31
0.0
  0
LINE
  5
2C5
330
17
100
AcDbEntity
  8
6190-PLAN-0
100
AcDbLine
 10
-15.771788407434354
 20
12.88251428818484
 30
0.0
 11
-15.269886013606293
 21
13.018506886622273
 31
0.0
  0
LINE
  5
2C6
330
17
100
AcDbEntity
  8
6190-PLAN-0
100
AcDbLine
 10
-17.567054663316302
 20
12.396079224488911
 30
0.0
 11
-17.200920744488798
 21
11.044803548166648
 31
0.0
  0
LINE
  5
2C7
330
17
100
AcDbEntity
  8
6190-PLAN-0
100
AcDbLine
 10
-16.981296423984578
 20
10.731330809550062
 30
0.0
 11
-16.604869628387974
 21
10.833325258345408
 31
0.0
  0
LINE
  5
2C8
330
17
100
AcDbEntity
  8
6190-PLAN-0
100
AcDbLine
 10
-14.61303985261371
 20
11.37302004774918
 30
0.0
 11
-9.076333717401841
 21
12.873214234863415
 31
0.0
  0
LINE
  5
2C9
330
17
100
AcDbEntity
  8
6190-PLAN-0
100
AcDbLine
 10
-15.501069294989104
 20
5.268316289468763
 30
0.0
 11
-14.97021099351754
 21
5.412154614734383
 31
0.0
  0
LINE
  5
2CA
330
17
100
AcDbEntity
  8
6190-PLAN-0
100
AcDbLine
 10
-13.132812723516373
 20
5.910005527667884
 30
0.0
 11
-7.596106588406362
 21
7.410199714680249
 31
0.0
  0
LWPOLYLINE
  5
2CB
330
17
100
AcDbEntity
  8
6190-PLAN-0
100
AcDbPolyline
 90
2
 70
0
 10
-6.146961402973308
 20
8.614401323701642
 10
-2.100245042212367
 20
9.178995748437249
  0
LWPOLYLINE
  5
2CC
330
17
100
AcDbEntity
  8
6190-PLAN-0
100
AcDbPolyline
 90
2
 70
0
 10
-6.22500785311676
 20
8.09866940519398
 10
-2.0679832700349143
 20
8.6786539392768
  0
LINE
  5
2CD
330
17
100
AcDbEntity
  8
6190-PLAN-0
100
AcDbLine
 10
-8.691893102617676
 20
11.454374774679923
 30
0.0
 11
-7.596106588406367
 21
7.410199714782112
 31
0.0
  0
LINE
  5
2CE
330
17
100
AcDbEntity
  8
6190-PLAN-0
100
AcDbLine
 10
-18.81190998745206
 20
16.990416524025353
 30
0.0
 11
-18.43548319185546
 21
17.09241097292256
 31
0.0
  0
LINE
  5
2CF
330
17
100
AcDbEntity
  8
6190-PLAN-0
100
AcDbLine
 10
-21.8844967352564
 20
9.402787732648381
 30
0.0
 11
-21.37975497570569
 21
7.539957693123482
 31
0.0
  0
LINE
  5
2D0
330
17
100
AcDbEntity
  8
6190-PLAN-0
100
AcDbLine
 10
-20.404269606260925
 20
3.939773212581632
 30
0.0
 11
-15.925755936090688
 21
5.1532456292737345
 31
0.0
  0
LINE
  5
2D1
330
17
100
AcDbEntity
  8
6190-PLAN-0
100
AcDbLine
 10
-10.543484635012167
 20
18.287968909236003
 30
0.0
 11
-9.607227899751923
 21
14.832563965485583
 31
0.0
  0
LINE
  5
2D2
330
17
100
AcDbEntity
  8
6190-PLAN-0
100
AcDbLine
 10
-7.726999304866424
 20
11.38416957199902
 30
0.0
 11
-7.755008467767754
 21
11.582198576919264
 31
0.0
  0
LINE
  5
2D3
330
17
100
AcDbEntity
  8
6190-PLAN-0
100
AcDbLine
 10
-6.885376033864442
 20
11.50320851436242
 30
0.0
 11
-6.913385196780321
 21
11.701237519268112
 31
0.0
  0
LINE
  5
2D4
330
17
100
AcDbEntity
  8
6190-PLAN-0
100
AcDbLine
 10
-6.885376033864442
 20
11.50320851436242
 30
0.0
 11
-6.44851486836169
 21
11.564998026340898
 31
0.0
  0
LINE
  5
2D5
330
17
100
AcDbEntity
  8
6190-PLAN-0
100
AcDbLine
 10
-6.913385196780321
 20
11.701237519268112
 30
0.0
 11
-6.461421407906646
 21
11.765163141729062
 31
0.0
  0
LINE
  5
2D6
330
17
100
AcDbEntity
  8
6190-PLAN-0
100
AcDbLine
 10
-8.178963093740101
 20
11.320243949552626
 30
0.0
 11
-7.799449860446891
 21
9.919589777087332
 31
0.0
  0
LINE
  5
2D7
330
17
100
AcDbEntity
  8
6190-PLAN-0
100
AcDbLine
 10
-6.44851486836169
 20
11.564998026340898
 30
0.0
 11
-6.355587783463368
 21
10.123809195214367
 31
0.0
  0
LINE
  5
2D8
330
17
100
AcDbEntity
  8
6190-PLAN-0
100
AcDbLine
 10
-7.746739689125451
 20
9.725054475430014
 30
0.0
 11
-6.342681243932957
 21
9.92364407972434
 31
0.0
  0
LINE
  5
2D9
330
17
100
AcDbEntity
  8
6190-PLAN-0
100
AcDbLine
 10
-7.746739689125451
 20
9.725054475430014
 30
0.0
 11
-7.266684865675367
 21
7.953335514406194
 31
0.0
  0
LINE
  5
2DA
330
17
100
AcDbEntity
  8
6190-PLAN-0
100
AcDbLine
 10
-6.342681243932957
 20
9.92364407972434
 30
0.0
 11
-6.22500785311676
 21
8.09866940519398
 31
0.0
  0
LINE
  5
2DB
330
17
100
AcDbEntity
  8
6190-PLAN-0
100
AcDbLine
 10
-5.598402184143638
 20
13.92177875146966
 30
0.0
 11
-5.5294896501420565
 21
12.853027110349814
 31
0.0
  0
LINE
  5
2DC
330
17
100
AcDbEntity
  8
6190-PLAN-0
100
AcDbLine
 10
-5.798536112516163
 20
13.917414563975424
 30
0.0
 11
-5.729623578514578
 21
12.84866292275371
 31
0.0
  0
LINE
  5
2DD
330
17
100
AcDbEntity
  8
6190-PLAN-0
100
AcDbLine
 10
-5.998670040975996
 20
13.913050376379317
 30
0.0
 11
-5.929757506974414
 21
12.844298735259471
 31
0.0
  0
LINE
  5
2DE
330
17
100
AcDbEntity
  8
6190-PLAN-0
100
AcDbLine
 10
-6.198803969450384
 20
13.908686188885074
 30
0.0
 11
-6.129891435346935
 21
12.839934547663368
 31
0.0
  0
LINE
  5
2DF
330
17
100
AcDbEntity
  8
6190-PLAN-0
100
AcDbLine
 10
-6.398937897808353
 20
13.904322001288975
 30
0.0
 11
-6.330025363806771
 21
12.835570360183677
 31
0.0
  0
LINE
  5
2E0
330
17
100
AcDbEntity
  8
6190-PLAN-0
100
AcDbLine
 10
-6.599071826282743
 20
13.899957813794732
 30
0.0
 11
-6.530159292179293
 21
12.831206172587578
 31
0.0
  0
LINE
  5
2E1
330
17
100
AcDbEntity
  8
6190-PLAN-0
100
AcDbLine
 10
-5.224625223863257
 20
12.631837319814725
 30
0.0
 11
-5.239295453893486
 21
12.8593551822965
 31
0.0
  0
LINE
  5
2E2
330
17
100
AcDbEntity
  8
6190-PLAN-0
100
AcDbLine
 10
-3.3769155785377913
 20
13.970221233296023
 30
0.0
 11
-3.416846205650862
 21
14.589497885178904
 31
0.0
  0
LINE
  5
2E3
330
17
100
AcDbEntity
  8
6190-PLAN-0
100
AcDbLine
 10
-5.308207987793209
 20
13.928106823503665
 30
0.0
 11
-5.348138614891723
 21
14.547383475299231
 31
0.0
  0
LINE
  5
2E4
330
17
100
AcDbEntity
  8
6190-PLAN-0
100
AcDbLine
 10
-3.416846205650862
 20
14.589497885178904
 30
0.0
 11
-0.053563827064334824
 21
14.662838748636247
 31
0.0
  0
LINE
  5
2E5
330
17
100
AcDbEntity
  8
6190-PLAN-0
100
AcDbLine
 10
-3.3769155785377913
 20
13.970221233296023
 30
0.0
 11
-0.5993274295197786
 21
14.030790251961921
 31
0.0
  0
LINE
  5
2E6
330
17
100
AcDbEntity
  8
6190-PLAN-0
100
AcDbLine
 10
-0.07996956439408365
 20
15.072360405503066
 30
0.0
 11
0.37992110583967165
 21
15.082388935626568
 31
0.0
  0
LINE
  5
2E7
330
17
100
AcDbEntity
  8
6190-PLAN-0
100
AcDbLine
 10
-0.17721996290176456
 20
16.5805987028401
 30
0.0
 11
0.28267070733198985
 21
16.59062723297815
 31
0.0
  0
LINE
  5
2E8
330
17
100
AcDbEntity
  8
6190-PLAN-0
100
AcDbLine
 10
-0.1288845826952718
 20
15.83097430405595
 30
0.0
 11
0.33100608753847727
 21
15.841002834281312
 31
0.0
  0
LINE
  5
2E9
330
17
100
AcDbEntity
  8
6190-PLAN-0
100
AcDbLine
 10
4.40003875689037
 20
15.929733525054335
 30
0.0
 11
4.818366480628432
 21
15.938855719761957
 31
0.0
  0
LINE
  5
2EA
330
17
100
AcDbEntity
  8
6190-PLAN-0
100
AcDbLine
 10
4.351703376683877
 20
16.67935792385304
 30
0.0
 11
4.802004715656656
 21
16.68917734589698
 31
0.0
  0
LINE
  5
2EB
330
17
100
AcDbEntity
  8
6190-PLAN-0
100
AcDbLine
 10
4.448953775191558
 20
15.17111962650145
 30
0.0
 11
4.899255114164338
 21
15.180939048545394
 31
0.0
  0
LINE
  5
2EC
330
17
100
AcDbEntity
  8
6190-PLAN-0
100
AcDbLine
 10
4.899255114164338
 20
15.180939048545394
 30
0.0
 11
5.231329676200167
 21
10.030856584270147
 31
0.0
  0
LINE
  5
2ED
330
17
100
AcDbEntity
  8
6190-PLAN-0
100
AcDbLine
 10
-0.07996956439408365
 20
15.072360405503066
 30
0.0
 11
-0.053563827064334824
 21
14.662838748636247
 31
0.0
  0
LINE
  5
2EE
330
17
100
AcDbEntity
  8
6190-PLAN-0
100
AcDbLine
 10
0.37992110583967165
 20
15.082388935626568
 30
0.0
 11
0.4063268431839715
 21
14.672867278774302
 31
0.0
  0
LINE
  5
2EF
330
17
100
AcDbEntity
  8
6190-PLAN-0
100
AcDbLine
 10
4.448953775191558
 20
15.17111962650145
 30
0.0
 11
4.475359512535858
 21
14.761597969649184
 31
0.0
  0
LINE
  5
2F0
330
17
100
AcDbEntity
  8
6190-PLAN-0
100
AcDbLine
 10
3.0272743497826853
 20
17.17176516538132
 30
0.0
 11
3.0479586909244
 21
16.850975576082185
 31
0.0
  0
LINE
  5
2F1
330
17
100
AcDbEntity
  8
6190-PLAN-0
100
AcDbLine
 10
1.6863770293564562
 20
17.14252510873335
 30
0.0
 11
1.7070613704836193
 21
16.82173551941966
 31
0.0
  0
LINE
  5
2F2
330
17
100
AcDbEntity
  8
6190-PLAN-0
100
AcDbLine
 10
3.0272743497826853
 20
17.17176516538132
 30
0.0
 11
4.318138188083039
 21
17.19991417519211
 31
0.0
  0
LINE
  5
2F3
330
17
100
AcDbEntity
  8
6190-PLAN-0
100
AcDbLine
 10
3.047958690924405
 20
16.85097557598032
 30
0.0
 11
4.338822529210207
 21
16.87912458579111
 31
0.0
  0
LINE
  5
2F4
330
17
100
AcDbEntity
  8
6190-PLAN-0
100
AcDbLine
 10
4.338822529210207
 20
16.87912458579111
 30
0.0
 11
4.351703376683877
 21
16.67935792385304
 31
0.0
  0
LINE
  5
2F5
330
17
100
AcDbEntity
  8
6190-PLAN-0
100
AcDbLine
 10
0.26978985985831994
 20
16.790393894916225
 30
0.0
 11
0.28267070743385325
 21
16.590627232978157
 31
0.0
  0
LINE
  5
2F6
330
17
100
AcDbEntity
  8
6190-PLAN-0
100
AcDbLine
 10
-0.10608352661619325
 20
22.61974416211527
 30
0.0
 11
3.9665695778738312
 21
22.65232619888635
 31
0.0
  0
LINE
  5
2F7
330
17
100
AcDbEntity
  8
6190-PLAN-0
100
AcDbLine
 10
3.9665695778738312
 20
22.65232619888635
 30
0.0
 11
4.318138188083039
 21
17.19991417519211
 31
0.0
  0
LINE
  5
2F8
330
17
100
AcDbEntity
  8
6190-PLAN-0
100
AcDbLine
 10
4.398128642751445
 20
22.952816054171926
 30
0.0
 11
11.784577326338745
 21
22.964472721941004
 31
0.0
  0
LINE
  5
2F9
330
17
100
AcDbEntity
  8
6190-PLAN-0
100
AcDbLine
 10
-0.9283372251397104
 20
9.342499330324639
 30
0.0
 11
-0.8960754529622585
 21
8.842157521149637
 31
0.0
  0
LINE
  5
2FA
330
17
100
AcDbEntity
  8
6190-PLAN-0
100
AcDbLine
 10
-2.100245042212367
 20
9.178995748437249
 30
0.0
 11
-2.0679832700349143
 21
8.6786539392768
 31
0.0
  0
LINE
  5
2FB
330
17
100
AcDbEntity
  8
6190-PLAN-0
100
AcDbLine
 10
-3.0139358825753044
 20
9.051518379534738
 30
0.0
 11
-2.9816741103832998
 21
8.55117657035974
 31
0.0
  0
LINE
  5
2FC
330
17
100
AcDbEntity
  8
6190-PLAN-0
100
AcDbLine
 10
-3.927626722923688
 20
8.924041010617678
 30
0.0
 11
-3.8953649507462353
 21
8.423699201442673
 31
0.0
  0
LINE
  5
2FD
330
17
100
AcDbEntity
  8
6190-PLAN-0
100
AcDbLine
 10
-4.553306320161641
 20
8.836746725386526
 30
0.0
 11
-4.52104454798419
 21
8.336404916226076
 31
0.0
  0
LINE
  5
2FE
330
17
100
AcDbEntity
  8
6190-PLAN-0
100
AcDbLine
 10
-5.466997160510027
 20
8.709269356469463
 30
0.0
 11
-5.434735388332574
 21
8.208927547309017
 31
0.0
  0
LWPOLYLINE
  5
2FF
330
17
100
AcDbEntity
  8
6190-PLAN-0
100
AcDbPolyline
 90
2
 70
0
 10
0.11446210352715713
 20
9.487989805661378
 10
5.016976892778153
 20
10.171984499278896
  0
LINE
  5
300
330
17
100
AcDbEntity
  8
6190-PLAN-0
100
AcDbLine
 10
-5.450866274479506
 20
8.45909845184558
 30
0.0
 11
-4.537175434116569
 21
8.586575820748092
 31
0.0
  0
LINE
  5
301
330
17
100
AcDbEntity
  8
6190-PLAN-0
100
AcDbLine
 10
-3.911495836878614
 20
8.67387010597924
 30
0.0
 11
-2.997804996428372
 21
8.80134747499817
 31
0.0
  0
LWPOLYLINE
  5
302
330
17
100
AcDbEntity
  8
6190-PLAN-0
100
AcDbPolyline
 90
2
 70
0
 10
-0.9283372251397104
 20
9.342499330324639
 10
-0.3026576280036197
 20
9.429793615541232
  0
LWPOLYLINE
  5
303
330
17
100
AcDbEntity
  8
6190-PLAN-0
100
AcDbPolyline
 90
2
 70
0
 10
-0.8960754529622585
 20
8.842157521149637
 10
4.805747580975405
 20
9.637671021198415
  0
LWPOLYLINE
  5
304
330
17
100
AcDbEntity
  8
6190-PLAN-0
100
AcDbPolyline
 90
2
 70
0
 10
-0.3155623368425866
 20
9.629930339234516
 10
0.10155739467363745
 20
9.688126529354662
  0
LWPOLYLINE
  5
305
330
17
100
AcDbEntity
  8
6190-PLAN-0
100
AcDbPolyline
 90
2
 70
0
 10
-0.3729882912683875
 20
10.520538759438253
 10
0.04413144014596959
 20
10.578734949645707
  0
LINE
  5
306
330
17
100
AcDbEntity
  8
6190-PLAN-0
100
AcDbLine
 10
0.10155739467363745
 20
9.688126529354662
 30
0.0
 11
0.11446210352715713
 21
9.487989805661378
 31
0.0
  0
LINE
  5
307
330
17
100
AcDbEntity
  8
6190-PLAN-0
100
AcDbLine
 10
-0.3155623368425866
 20
9.629930339234516
 30
0.0
 11
-0.3026576280036197
 21
9.429793615541232
 31
0.0
  0
LINE
  5
308
330
17
100
AcDbEntity
  8
6190-PLAN-0
100
AcDbLine
 10
0.4063268431839715
 20
14.672867278774302
 30
0.0
 11
4.4753595126231644
 21
14.761597969751055
 31
0.0
  0
LINE
  5
309
330
17
100
AcDbEntity
  8
6190-PLAN-0
100
AcDbLine
 10
-0.17904617992147465
 20
14.039955045845343
 30
0.0
 11
4.760626740656534
 21
14.14767120995458
 31
0.0
  0
LINE
  5
30A
330
17
100
AcDbEntity
  8
6190-PLAN-0
100
AcDbLine
 10
9.275695228418671
 20
10.425460763191793
 30
0.0
 11
9.303159867435209
 21
10.07647845825813
 31
0.0
  0
LINE
  5
30B
330
17
100
AcDbEntity
  8
6190-PLAN-0
100
AcDbLine
 10
7.6730233698825945
 20
10.26908988017183
 30
0.0
 11
7.700488008797268
 21
9.920107575238163
 31
0.0
  0
LINE
  5
30C
330
17
100
AcDbEntity
  8
6190-PLAN-0
100
AcDbLine
 10
8.462220094176118
 20
10.501523398142748
 30
0.0
 11
8.503006617871819
 21
9.983265172503469
 31
0.0
  0
LWPOLYLINE
  5
30D
330
17
100
AcDbEntity
  8
6190-PLAN-0
100
AcDbPolyline
 90
2
 70
0
 10
9.303159867435209
 20
10.07647845825813
 10
9.810838530658057
 20
10.126012092024975
  0
LINE
  5
30E
330
17
100
AcDbEntity
  8
6190-PLAN-0
100
AcDbLine
 10
9.810838530658057
 20
10.126012092024975
 30
0.0
 11
10.069006137014778
 21
6.845578425744553
 31
0.0
  0
LINE
  5
30F
330
17
100
AcDbEntity
  8
6190-PLAN-0
100
AcDbLine
 10
24.472178722369588
 20
23.958024561151593
 30
0.0
 11
25.188285701776067
 21
14.083957982788505
 31
0.0
  0
LINE
  5
310
330
17
100
AcDbEntity
  8
6190-PLAN-0
100
AcDbLine
 10
10.875835595546128
 20
0.41728361393261393
 30
0.0
 11
10.576760337527887
 21
0.3937466211511853
 31
0.0
  0
LINE
  5
311
330
17
100
AcDbEntity
  8
6190-PLAN-0
100
AcDbLine
 10
11.078253733495526
 20
-2.1547636052105243
 30
0.0
 11
10.779178475491838
 21
-2.1783005979919525
 31
0.0
  0
LINE
  5
312
330
17
100
AcDbEntity
  8
6190-PLAN-0
100
AcDbLine
 10
10.779178475491838
 20
-2.1783005979919525
 30
0.0
 11
10.899305227523813
 21
-3.704703725150182
 31
0.0
  0
LINE
  5
313
330
17
100
AcDbEntity
  8
6190-PLAN-0
100
AcDbLine
 10
11.078253733495526
 20
-2.1547636052105243
 30
0.0
 11
11.124999606353299
 21
-2.7487449230166883
 31
0.0
  0
LINE
  5
314
330
17
100
AcDbEntity
  8
6190-PLAN-0
100
AcDbLine
 10
11.124999606353299
 20
-2.7487449230166883
 30
0.0
 11
18.62751511533746
 21
-2.0281092128280056
 31
0.0
  0
LINE
  5
315
330
17
100
AcDbEntity
  8
6190-PLAN-0
100
AcDbLine
 10
29.105135770673325
 20
-1.227228122808369
 30
0.0
 11
28.72671940930874
 21
2.7053696505467073
 31
0.0
  0
LINE
  5
316
330
17
100
AcDbEntity
  8
6190-PLAN-0
100
AcDbLine
 10
10.803574493255653
 20
1.335476861504751
 30
0.0
 11
28.726719409308743
 21
2.705369650459396
 31
0.0
  0
LINE
  5
317
330
17
100
AcDbEntity
  8
6190-PLAN-0
100
AcDbLine
 10
19.552574880011022
 20
-3.2590881592082512
 30
0.0
 11
18.977054205676662
 21
-3.4287229239296275
 31
0.0
  0
LINE
  5
318
330
17
100
AcDbEntity
  8
6190-PLAN-0
100
AcDbLine
 10
20.19153249385405
 20
-5.426882699239309
 30
0.0
 11
19.616011819519695
 21
-5.596517463960685
 31
0.0
  0
LINE
  5
319
330
17
100
AcDbEntity
  8
6190-PLAN-0
100
AcDbLine
 10
19.61601181941783
 20
-5.596517463960691
 30
0.0
 11
20.301328426201778
 21
-7.921594379948053
 31
0.0
  0
LINE
  5
31A
330
17
100
AcDbEntity
  8
6190-PLAN-0
100
AcDbLine
 10
20.191532493752188
 20
-5.426882699239314
 30
0.0
 11
20.572696569963625
 21
-6.720059875911004
 31
0.0
  0
LINE
  5
31B
330
17
100
AcDbEntity
  8
6190-PLAN-0
100
AcDbLine
 10
21.795704076156337
 20
-10.869363267872316
 30
0.0
 11
21.220183401836536
 21
-11.038998032593692
 31
0.0
  0
LINE
  5
31C
330
17
100
AcDbEntity
  8
6190-PLAN-0
100
AcDbLine
 10
20.876849100536134
 20
-7.751959615226677
 30
0.0
 11
20.301328426201778
 21
-7.921594379948053
 31
0.0
  0
LINE
  5
31D
330
17
100
AcDbEntity
  8
6190-PLAN-0
100
AcDbLine
 10
21.795704076156337
 20
-10.869363267872316
 30
0.0
 11
21.846037550752055
 21
-11.040129886950481
 31
0.0
  0
LINE
  5
31E
330
17
100
AcDbEntity
  8
6190-PLAN-0
100
AcDbLine
 10
21.22018340183654
 20
-11.038998032695556
 30
0.0
 11
21.405694361255257
 21
-11.66838194812339
 31
0.0
  0
LINE
  5
31F
330
17
100
AcDbEntity
  8
6190-PLAN-0
100
AcDbLine
 10
20.712868827886766
 20
-7.195622963352189
 30
0.0
 11
20.876849100536134
 21
-7.751959615226677
 31
0.0
  0
LWPOLYLINE
  5
320
330
17
100
AcDbEntity
  8
6190-PLAN-0
100
AcDbPolyline
 90
2
 70
0
 10
27.308733275417104
 20
-4.734612518823192
 10
20.572696569963625
 20
-6.720059875911004
  0
LWPOLYLINE
  5
321
330
17
100
AcDbEntity
  8
6190-PLAN-0
100
AcDbPolyline
 90
2
 70
0
 10
27.308733275518968
 20
-4.7346125188231865
 10
26.448911581609877
 20
-1.751180635487963
  0
LINE
  5
322
330
17
100
AcDbEntity
  8
6190-PLAN-0
100
AcDbLine
 10
26.94831391181838
 20
-1.7130105679994694
 30
0.0
 11
29.45492326854423
 21
-1.52142666357738
 31
0.0
  0
LINE
  5
323
330
17
100
AcDbEntity
  8
6190-PLAN-0
100
AcDbLine
 10
23.57568304872011
 20
-17.185640734651024
 30
0.0
 11
23.095631293703065
 21
-17.32550432449101
 31
0.0
  0
LINE
  5
324
330
17
100
AcDbEntity
  8
6190-PLAN-0
100
AcDbLine
 10
23.229338052511583
 20
-16.026238924137544
 30
0.0
 11
22.74928629739267
 21
-16.166102513875675
 31
0.0
  0
LINE
  5
325
330
17
100
AcDbEntity
  8
6190-PLAN-0
100
AcDbLine
 10
23.707167492618474
 20
-17.62578918454069
 30
0.0
 11
24.673680218610542
 21
-20.86122384219324
 31
0.0
  0
LINE
  5
326
330
17
100
AcDbEntity
  8
6190-PLAN-0
100
AcDbLine
 10
23.09563136429333
 20
-17.3255043038818
 30
0.0
 11
24.477063791124444
 21
-21.949896958885613
 31
0.0
  0
LINE
  5
327
330
17
100
AcDbEntity
  8
6190-PLAN-0
100
AcDbLine
 10
24.218565719299935
 20
-19.33771237203908
 30
0.0
 11
23.738513964282884
 21
-19.4775759617772
 31
0.0
  0
LINE
  5
328
330
17
100
AcDbEntity
  8
6190-PLAN-0
100
AcDbLine
 10
24.026787911504115
 20
-18.695729551318443
 30
0.0
 11
23.546736156385204
 21
-18.83559314105657
 31
0.0
  0
LINE
  5
329
330
17
100
AcDbEntity
  8
6190-PLAN-0
100
AcDbLine
 10
23.786762033886447
 20
-18.76566134613658
 30
0.0
 11
23.97853984179869
 21
-19.407644166959074
 31
0.0
  0
LINE
  5
32A
330
17
100
AcDbEntity
  8
6190-PLAN-0
100
AcDbLine
 10
24.92804039982007
 20
-21.712703314681008
 30
0.0
 11
24.956663482511434
 21
-21.808520070320256
 31
0.0
  0
LWPOLYLINE
  5
32B
330
17
100
AcDbEntity
  8
6190-PLAN-0
100
AcDbPolyline
 90
2
 70
0
 10
31.51299964533767
 20
-18.86858084802836
 10
28.79849138978379
 20
-9.51448266532968
  0
LINE
  5
32C
330
17
100
AcDbEntity
  8
6190-PLAN-0
100
AcDbLine
 10
29.144871357120113
 20
-9.64271172868741
 30
0.0
 11
28.859804718047425
 21
-9.725766197457478
 31
0.0
  0
LINE
  5
32D
330
17
100
AcDbEntity
  8
6190-PLAN-0
100
AcDbLine
 10
29.245570823355482
 20
-9.988341035145687
 30
0.0
 11
28.96013561861754
 21
-10.071502885920289
 31
0.0
  0
LINE
  5
32E
330
17
100
AcDbEntity
  8
6190-PLAN-0
100
AcDbLine
 10
29.002338037576493
 20
-9.684238963072444
 30
0.0
 11
29.10303750382641
 21
-10.029868269530724
 31
0.0
  0
LINE
  5
32F
330
17
100
AcDbEntity
  8
6190-PLAN-0
100
AcDbLine
 10
31.636196821106903
 20
-18.228571781365147
 30
0.0
 11
31.3513554166058
 21
-18.311560627743333
 31
0.0
  0
LINE
  5
330
330
17
100
AcDbEntity
  8
6190-PLAN-0
100
AcDbLine
 10
31.535865920536786
 20
-17.882835092902337
 30
0.0
 11
31.251024515933818
 21
-17.96582393928053
 31
0.0
  0
LINE
  5
331
330
17
100
AcDbEntity
  8
6190-PLAN-0
100
AcDbLine
 10
31.393445218191648
 20
-17.924329516091436
 30
0.0
 11
31.493776118863625
 21
-18.270066204554244
 31
0.0
  0
LINE
  5
332
330
17
100
AcDbEntity
  8
6190-PLAN-0
100
AcDbLine
 10
34.47398653274571
 20
-28.007493444338795
 30
0.0
 11
34.18932728250648
 21
-28.091109987778875
 31
0.0
  0
LINE
  5
333
330
17
100
AcDbEntity
  8
6190-PLAN-0
100
AcDbLine
 10
34.139548600160815
 20
-26.855032312290668
 30
0.0
 11
33.854889349921585
 21
-26.938648855730744
 31
0.0
  0
LWPOLYLINE
  5
334
330
17
100
AcDbEntity
  8
6190-PLAN-0
100
AcDbPolyline
 90
2
 70
0
 10
34.360292363808945
 20
-29.577281758606944
 10
34.239306494126176
 20
-29.16036878664368
  0
LWPOLYLINE
  5
335
330
17
100
AcDbEntity
  8
6190-PLAN-0
100
AcDbPolyline
 90
2
 70
0
 10
34.01497977512433
 20
-29.679073357379863
 10
33.8938980189444
 20
-29.261829964332268
  0
LWPOLYLINE
  5
336
330
17
100
AcDbEntity
  8
6190-PLAN-0
100
AcDbPolyline
 90
2
 70
0
 10
32.95985797626635
 20
-29.99010324254521
 10
32.838483233923796
 20
-29.57185022923879
  0
LWPOLYLINE
  5
337
330
17
100
AcDbEntity
  8
6190-PLAN-0
100
AcDbPolyline
 90
2
 70
0
 10
32.61454538759629
 20
-30.09189484131813
 10
32.49307475874202
 20
-29.67331140692738
  0
LWPOLYLINE
  5
338
330
17
100
AcDbEntity
  8
6190-PLAN-0
100
AcDbPolyline
 90
2
 70
0
 10
31.559423588738305
 20
-30.402924726381617
 10
31.437659973619557
 20
-29.983331671833902
  0
LWPOLYLINE
  5
339
330
17
100
AcDbEntity
  8
6190-PLAN-0
100
AcDbPolyline
 90
2
 70
0
 10
31.21411100005369
 20
-30.504716325154533
 10
31.092251498539635
 20
-30.084792849522483
  0
LWPOLYLINE
  5
33A
330
17
100
AcDbEntity
  8
6190-PLAN-0
100
AcDbPolyline
 90
2
 70
0
 10
30.158989201195713
 20
-30.815746210319883
 10
30.036836713417177
 20
-30.394813114443558
  0
LWPOLYLINE
  5
33B
330
17
100
AcDbEntity
  8
6190-PLAN-0
100
AcDbPolyline
 90
2
 70
0
 10
29.81367661251109
 20
-30.91753780899094
 10
29.691428238337252
 20
-30.496274292015727
  0
LWPOLYLINE
  5
33C
330
17
100
AcDbEntity
  8
6190-PLAN-0
100
AcDbPolyline
 90
2
 70
0
 10
28.758554813653113
 20
-31.22856769417084
 10
28.636013453214794
 20
-30.80629455703867
  0
LWPOLYLINE
  5
33D
330
17
100
AcDbEntity
  8
6190-PLAN-0
100
AcDbPolyline
 90
2
 70
0
 10
28.413242224881188
 20
-31.330359292929213
 10
28.29060497804756
 20
-30.907755734625393
  0
LINE
  5
33E
330
17
100
AcDbEntity
  8
6190-PLAN-0
100
AcDbLine
 10
28.3519236014571
 20
-31.119057513777303
 30
0.0
 11
28.697284133383025
 21
-31.017431125597483
 31
0.0
  0
LINE
  5
33F
330
17
100
AcDbEntity
  8
6190-PLAN-0
100
AcDbLine
 10
29.752552425387794
 20
-30.706906050561543
 30
0.0
 11
30.09791295731372
 21
-30.605279662381722
 31
0.0
  0
LINE
  5
340
330
17
100
AcDbEntity
  8
6190-PLAN-0
100
AcDbLine
 10
31.153181249303938
 20
-30.294754587331234
 30
0.0
 11
31.498541781229864
 21
-30.193128199165965
 31
0.0
  0
LINE
  5
341
330
17
100
AcDbEntity
  8
6190-PLAN-0
100
AcDbLine
 10
32.55381007311822
 20
-29.88260312411548
 30
0.0
 11
32.89917060504414
 21
-29.78097673584835
 31
0.0
  0
LINE
  5
342
330
17
100
AcDbEntity
  8
6190-PLAN-0
100
AcDbLine
 10
33.95443889703436
 20
-29.47045166079786
 30
0.0
 11
34.299799428974836
 21
-29.368825272632588
 31
0.0
  0
LINE
  5
343
330
17
100
AcDbEntity
  8
6190-PLAN-0
100
AcDbLine
 10
27.385878000584775
 20
-26.796063294177767
 30
0.0
 11
28.58805219011349
 21
-30.8203828222993
 31
0.0
  0
LINE
  5
344
330
17
100
AcDbEntity
  8
6190-PLAN-0
100
AcDbLine
 10
27.38587800068664
 20
-26.79606329417776
 30
0.0
 11
26.522352360613077
 21
-27.04971754602734
 31
0.0
  0
LINE
  5
345
330
17
100
AcDbEntity
  8
6190-PLAN-0
100
AcDbLine
 10
27.44224502033346
 20
-26.98795586587351
 30
0.0
 11
26.57959875054213
 21
-27.241351809278846
 31
0.0
  0
LINE
  5
346
330
17
100
AcDbEntity
  8
6190-PLAN-0
100
AcDbLine
 10
27.49861203998029
 20
-27.17984843767112
 30
0.0
 11
26.636845140558492
 21
-27.4329860725158
 31
0.0
  0
LINE
  5
347
330
17
100
AcDbEntity
  8
6190-PLAN-0
100
AcDbLine
 10
27.554979059641667
 20
-27.37174100945418
 30
0.0
 11
26.694091530589407
 21
-27.6246203357673
 31
0.0
  0
LINE
  5
348
330
17
100
AcDbEntity
  8
6190-PLAN-0
100
AcDbLine
 10
27.611346079288488
 20
-27.563633581149926
 30
0.0
 11
26.75133792051846
 21
-27.81625459901881
 31
0.0
  0
LINE
  5
349
330
17
100
AcDbEntity
  8
6190-PLAN-0
100
AcDbLine
 10
27.667713098935316
 20
-27.75552615294754
 30
0.0
 11
26.808584310534822
 21
-28.007888862270313
 31
0.0
  0
LINE
  5
34A
330
17
100
AcDbEntity
  8
6190-PLAN-0
100
AcDbLine
 10
27.72408011858214
 20
-27.947418724628733
 30
0.0
 11
26.865830700463874
 21
-28.19952312552182
 31
0.0
  0
LINE
  5
34B
330
17
100
AcDbEntity
  8
6190-PLAN-0
100
AcDbLine
 10
27.780447138228965
 20
-28.139311296426346
 30
0.0
 11
26.923077090480234
 21
-28.39115738875877
 31
0.0
  0
LINE
  5
34C
330
17
100
AcDbEntity
  8
6190-PLAN-0
100
AcDbLine
 10
27.836814157875793
 20
-28.331203868223955
 30
0.0
 11
26.980323480409286
 21
-28.58279165201028
 31
0.0
  0
LINE
  5
34D
330
17
100
AcDbEntity
  8
6190-PLAN-0
100
AcDbLine
 10
27.893181177624477
 20
-28.523096439919698
 30
0.0
 11
27.0375698704402
 21
-28.77442591526178
 31
0.0
  0
LINE
  5
34E
330
17
100
AcDbEntity
  8
6190-PLAN-0
100
AcDbLine
 10
27.949548197271305
 20
-28.71498901170276
 30
0.0
 11
27.0948162603547
 21
-28.96606017851329
 31
0.0
  0
LINE
  5
34F
330
17
100
AcDbEntity
  8
6190-PLAN-0
100
AcDbLine
 10
28.005915216932685
 20
-28.906881583500372
 30
0.0
 11
27.152062650385616
 21
-29.15769444176479
 31
0.0
  0
LINE
  5
350
330
17
100
AcDbEntity
  8
6190-PLAN-0
100
AcDbLine
 10
28.062282236579506
 20
-29.09877415519612
 30
0.0
 11
27.20930904031467
 21
-29.349328705001746
 31
0.0
  0
LINE
  5
351
330
17
100
AcDbEntity
  8
6190-PLAN-0
100
AcDbLine
 10
28.11864925622633
 20
-29.29066672697918
 30
0.0
 11
27.26655543033103
 21
-29.54096296825325
 31
0.0
  0
LINE
  5
352
330
17
100
AcDbEntity
  8
6190-PLAN-0
100
AcDbLine
 10
28.17501627587316
 20
-29.48255929867493
 30
0.0
 11
27.323801820260083
 21
-29.732597231504755
 31
0.0
  0
LINE
  5
353
330
17
100
AcDbEntity
  8
6190-PLAN-0
100
AcDbLine
 10
28.231383295519983
 20
-29.674451870472538
 30
0.0
 11
27.381048210291
 21
-29.92423149475626
 31
0.0
  0
LINE
  5
354
330
17
100
AcDbEntity
  8
6190-PLAN-0
100
AcDbLine
 10
28.28775031516681
 20
-29.86634444227015
 30
0.0
 11
27.4382946002055
 21
-30.115865758007768
 31
0.0
  0
LINE
  5
355
330
17
100
AcDbEntity
  8
6190-PLAN-0
100
AcDbLine
 10
28.34411733481363
 20
-30.058237013951345
 30
0.0
 11
27.49554099023641
 21
-30.307500021157406
 31
0.0
  0
LINE
  5
356
330
17
100
AcDbEntity
  8
6190-PLAN-0
100
AcDbLine
 10
24.476715900101794
 20
-21.949999510507165
 30
0.0
 11
24.956663482511434
 21
-21.808520070320256
 31
0.0
  0
LINE
  5
357
330
17
100
AcDbEntity
  8
6190-PLAN-0
100
AcDbLine
 10
24.814816167042682
 20
-23.080534676668535
 30
0.0
 11
25.29441585842968
 21
-22.939157788088625
 31
0.0
  0
LINE
  5
358
330
17
100
AcDbEntity
  8
6190-PLAN-0
100
AcDbLine
 10
24.814816167042682
 20
-23.080534676668535
 30
0.0
 11
25.072289583932907
 21
-23.94243581276799
 31
0.0
  0
LINE
  5
359
330
17
100
AcDbEntity
  8
6190-PLAN-0
100
AcDbLine
 10
33.548708252665946
 20
-24.819017645633494
 30
0.0
 11
33.26404900242672
 21
-24.90263418907357
 31
0.0
  0
LINE
  5
35A
330
17
100
AcDbEntity
  8
6190-PLAN-0
100
AcDbLine
 10
33.21427032008104
 20
-23.666556513585363
 30
0.0
 11
32.92961106984181
 21
-23.75017305692358
 31
0.0
  0
LINE
  5
35B
330
17
100
AcDbEntity
  8
6190-PLAN-0
100
AcDbLine
 10
32.79343592164338
 20
-22.216376255724178
 30
0.0
 11
32.50877667131683
 21
-22.299992799062395
 31
0.0
  0
LINE
  5
35C
330
17
100
AcDbEntity
  8
6190-PLAN-0
100
AcDbLine
 10
32.6931045418941
 20
-21.870637916095188
 30
0.0
 11
32.408445291553
 21
-21.954254459433404
 31
0.0
  0
LINE
  5
35D
330
17
100
AcDbEntity
  8
6190-PLAN-0
100
AcDbLine
 10
32.311287902192035
 20
-20.5549114569681
 30
0.0
 11
32.026628651952805
 21
-20.638528000408176
 31
0.0
  0
LINE
  5
35E
330
17
100
AcDbEntity
  8
6190-PLAN-0
100
AcDbLine
 10
32.21095652244276
 20
-20.209173117324557
 30
0.0
 11
31.926297272101664
 21
-20.29278966076464
 31
0.0
  0
LINE
  5
35F
330
17
100
AcDbEntity
  8
6190-PLAN-0
100
AcDbLine
 10
32.06862689732314
 20
-20.25098138905187
 30
0.0
 11
32.16895827707242
 21
-20.596719728680863
 31
0.0
  0
LINE
  5
360
330
17
100
AcDbEntity
  8
6190-PLAN-0
100
AcDbLine
 10
32.55077491667262
 20
-21.91244618780795
 30
0.0
 11
32.651106296523764
 21
-22.258184527451494
 31
0.0
  0
LINE
  5
361
330
17
100
AcDbEntity
  8
6190-PLAN-0
100
AcDbLine
 10
33.071940694961434
 20
-23.708364785298127
 30
0.0
 11
33.40637862754633
 21
-24.860825917346258
 31
0.0
  0
LINE
  5
362
330
17
100
AcDbEntity
  8
6190-PLAN-0
100
AcDbLine
 10
33.9972189750412
 20
-26.89684058401798
 30
0.0
 11
34.3316569076261
 21
-28.049301716066108
 31
0.0
  0
LINE
  5
363
330
17
100
AcDbEntity
  8
6190-PLAN-0
100
AcDbLine
 10
22.00606786785818
 20
-32.753791897544495
 30
0.0
 11
22.13381100819459
 21
-33.18141646201897
 31
0.0
  0
LINE
  5
364
330
17
100
AcDbEntity
  8
6190-PLAN-0
100
AcDbLine
 10
21.6606576118986
 20
-32.855253598220294
 30
0.0
 11
21.788499230315626
 21
-33.28320782173423
 31
0.0
  0
LINE
  5
365
330
17
100
AcDbEntity
  8
6190-PLAN-0
100
AcDbLine
 10
20.413342798604525
 20
-33.22164307308178
 30
0.0
 11
20.541540032642494
 21
-33.65078773187611
 31
0.0
  0
LINE
  5
366
330
17
100
AcDbEntity
  8
6190-PLAN-0
100
AcDbLine
 10
20.06793254264495
 20
-33.32310477385945
 30
0.0
 11
20.19622825485084
 21
-33.75257909159136
 31
0.0
  0
LINE
  5
367
330
17
100
AcDbEntity
  8
6190-PLAN-0
100
AcDbLine
 10
18.820617729350882
 20
-33.68949424880825
 30
0.0
 11
18.94926905707585
 21
-34.12015900173324
 31
0.0
  0
LINE
  5
368
330
17
100
AcDbEntity
  8
6190-PLAN-0
100
AcDbLine
 10
18.475207473391304
 20
-33.79095594948405
 30
0.0
 11
18.603957279284195
 21
-34.22195036144849
 31
0.0
  0
LINE
  5
369
330
17
100
AcDbEntity
  8
6190-PLAN-0
100
AcDbLine
 10
18.53958237628682
 20
-34.00645315552448
 30
0.0
 11
18.884520428276858
 21
-33.90341073546241
 31
0.0
  0
LINE
  5
36A
330
17
100
AcDbEntity
  8
6190-PLAN-0
100
AcDbLine
 10
20.13013006039844
 20
-33.531313107589824
 30
0.0
 11
20.47506811228662
 21
-33.42827068762961
 31
0.0
  0
LINE
  5
36B
330
17
100
AcDbEntity
  8
6190-PLAN-0
100
AcDbLine
 10
21.72067774420448
 20
-33.05617305975704
 30
0.0
 11
22.065615796194525
 21
-32.95313063979683
 31
0.0
  0
LINE
  5
36C
330
17
100
AcDbEntity
  8
6190-PLAN-0
100
AcDbLine
 10
21.652821289463606
 20
-26.7499714648639
 30
0.0
 11
21.432142514878546
 21
-26.81479421807101
 31
0.0
  0
LINE
  5
36D
330
17
100
AcDbEntity
  8
6190-PLAN-0
100
AcDbLine
 10
21.432142514878546
 20
-26.81479421807101
 30
0.0
 11
21.67257735268825
 21
-27.619658123835023
 31
0.0
  0
LINE
  5
36E
330
17
100
AcDbEntity
  8
6190-PLAN-0
100
AcDbLine
 10
21.652821289463606
 20
-26.7499714648639
 30
0.0
 11
22.51264796545886
 21
-29.62827089358826
 31
0.0
  0
LINE
  5
36F
330
17
100
AcDbEntity
  8
6190-PLAN-0
100
AcDbLine
 10
25.35279689475697
 20
-24.881443702624694
 30
0.0
 11
27.244790083477913
 21
-31.214956102986534
 31
0.0
  0
LINE
  5
370
330
17
100
AcDbEntity
  8
6190-PLAN-0
100
AcDbLine
 10
18.08732662976841
 20
-25.994216872091283
 30
0.0
 11
18.224717965726192
 21
-26.454139103921086
 31
0.0
  0
LINE
  5
371
330
17
100
AcDbEntity
  8
6190-PLAN-0
100
AcDbLine
 10
17.44447976446908
 20
-26.18304837073374
 30
0.0
 11
17.58187110044141
 21
-26.642970602476236
 31
0.0
  0
LINE
  5
372
330
17
100
AcDbEntity
  8
6190-PLAN-0
100
AcDbLine
 10
17.513175432506173
 20
-26.413009486554056
 30
0.0
 11
18.15514347355788
 21
-26.221236093826484
 31
0.0
  0
LINE
  5
373
330
17
100
AcDbEntity
  8
6190-PLAN-0
100
AcDbLine
 10
19.481627508262733
 20
-26.084931248395538
 30
0.0
 11
15.96995657249909
 21
-27.116458539268898
 31
0.0
  0
LINE
  5
374
330
17
100
AcDbEntity
  8
6190-PLAN-0
100
AcDbLine
 10
19.34423617240682
 20
-25.62500901665304
 30
0.0
 11
11.767103118490308
 21
-27.850735650565543
 31
0.0
  0
LINE
  5
375
330
17
100
AcDbEntity
  8
6190-PLAN-0
100
AcDbLine
 10
17.45266736950259
 20
-27.71275057032646
 30
0.0
 11
17.481290564423457
 21
-27.808567701952214
 31
0.0
  0
LINE
  5
376
330
17
100
AcDbEntity
  8
6190-PLAN-0
100
AcDbLine
 10
16.28194939783652
 20
-28.160865273988147
 30
0.0
 11
16.5681813476564
 21
-29.119036590231126
 31
0.0
  0
LINE
  5
377
330
17
100
AcDbEntity
  8
6190-PLAN-0
100
AcDbLine
 10
15.749277797899481
 20
-27.18128129256332
 30
0.0
 11
11.902383965712534
 21
-28.311277822708092
 31
0.0
  0
LINE
  5
378
330
17
100
AcDbEntity
  8
6190-PLAN-0
100
AcDbLine
 10
20.091987346336325
 20
-28.302817178671607
 30
0.0
 11
16.62829005717795
 21
-29.320252566632107
 31
0.0
  0
LINE
  5
379
330
17
100
AcDbEntity
  8
6190-PLAN-0
100
AcDbLine
 10
21.672577352688247
 20
-27.61965812373316
 30
0.0
 11
16.568181347758262
 21
-29.119036590231122
 31
0.0
  0
LINE
  5
37A
330
17
100
AcDbEntity
  8
6190-PLAN-0
100
AcDbLine
 10
21.732686062209797
 20
-27.82087410022145
 30
0.0
 11
22.29227087673918
 21
-29.694103550797593
 31
0.0
  0
LINE
  5
37B
330
17
100
AcDbEntity
  8
6190-PLAN-0
100
AcDbLine
 10
22.292270876637318
 20
-29.694103550797596
 30
0.0
 11
22.51264796545886
 21
-29.62827089358826
 31
0.0
  0
LINE
  5
37C
330
17
100
AcDbEntity
  8
6190-PLAN-0
100
AcDbLine
 10
22.549876926676088
 20
-30.556448680656285
 30
0.0
 11
22.77025401539576
 21
-30.490616023446954
 31
0.0
  0
LINE
  5
37D
330
17
100
AcDbEntity
  8
6190-PLAN-0
100
AcDbLine
 10
22.549876926676088
 20
-30.556448680656285
 30
0.0
 11
23.10946174110361
 21
-32.429678131232436
 31
0.0
  0
LINE
  5
37E
330
17
100
AcDbEntity
  8
6190-PLAN-0
100
AcDbLine
 10
22.77025401539576
 20
-30.490616023446954
 30
0.0
 11
23.330140515805084
 21
-32.36485537802532
 31
0.0
  0
LINE
  5
37F
330
17
100
AcDbEntity
  8
6190-PLAN-0
100
AcDbLine
 10
23.10946174110361
 20
-32.429678131232436
 30
0.0
 11
18.005065736086312
 21
-33.9290565977304
 31
0.0
  0
LINE
  5
380
330
17
100
AcDbEntity
  8
6190-PLAN-0
100
AcDbLine
 10
27.244790083477913
 20
-31.214956102986534
 30
0.0
 11
23.330140515805084
 21
-32.36485537802532
 31
0.0
  0
LINE
  5
381
330
17
100
AcDbEntity
  8
6190-PLAN-0
100
AcDbLine
 10
4.630493970680526
 20
-30.44734157220414
 30
0.0
 11
4.495662356859088
 21
-29.986667440945347
 31
0.0
  0
LINE
  5
382
330
17
100
AcDbEntity
  8
6190-PLAN-0
100
AcDbLine
 10
4.016437448925199
 20
-30.627716120878638
 30
0.0
 11
3.881605835103766
 21
-30.167041989707158
 31
0.0
  0
LINE
  5
383
330
17
100
AcDbEntity
  8
6190-PLAN-0
100
AcDbLine
 10
3.9490216420217616
 20
-30.397379055351106
 30
0.0
 11
4.563253524743348
 21
-30.217603655884925
 31
0.0
  0
LINE
  5
384
330
17
100
AcDbEntity
  8
6190-PLAN-0
100
AcDbLine
 10
2.801267852426529
 20
-31.922688022488202
 30
0.0
 11
2.6477537219185745
 21
-31.96778165962409
 31
0.0
  0
LINE
  5
385
330
17
100
AcDbEntity
  8
6190-PLAN-0
100
AcDbLine
 10
1.5314274623872794
 20
-31.357669372788813
 30
0.0
 11
1.396595848653158
 21
-30.896995241631878
 31
0.0
  0
LINE
  5
386
330
17
100
AcDbEntity
  8
6190-PLAN-0
100
AcDbLine
 10
1.396595848653158
 20
-30.896995241631878
 30
0.0
 11
-2.095850618667453
 21
-31.9228754874118
 31
0.0
  0
LINE
  5
387
330
17
100
AcDbEntity
  8
6190-PLAN-0
100
AcDbLine
 10
1.5314274623872794
 20
-31.357669372788813
 30
0.0
 11
-1.5004766137005117
 21
-32.24826870704467
 31
0.0
  0
LINE
  5
388
330
17
100
AcDbEntity
  8
6190-PLAN-0
100
AcDbLine
 10
2.3949444461980205
 20
-31.104017663699377
 30
0.0
 11
2.2601128323765827
 21
-30.643343532440586
 31
0.0
  0
LINE
  5
389
330
17
100
AcDbEntity
  8
6190-PLAN-0
100
AcDbLine
 10
-0.30114746963372596
 20
-31.89597466663137
 30
0.0
 11
-0.4356365815802121
 21
-31.43647074873215
 31
0.0
  0
LINE
  5
38A
330
17
100
AcDbEntity
  8
6190-PLAN-0
100
AcDbLine
 10
0.31290905212159625
 20
-31.71560011785501
 30
0.0
 11
0.17807743830016332
 21
-31.254925986698083
 31
0.0
  0
LINE
  5
38B
330
17
100
AcDbEntity
  8
6190-PLAN-0
100
AcDbLine
 10
-0.3683920256069717
 20
-31.666222707638106
 30
0.0
 11
0.24583985711461587
 21
-31.48644730818648
 31
0.0
  0
LINE
  5
38C
330
17
100
AcDbEntity
  8
6190-PLAN-0
100
AcDbLine
 10
2.66240464815439
 20
-33.79783775691353
 30
0.0
 11
2.6118427929695316
 21
-33.62508495768784
 31
0.0
  0
LINE
  5
38D
330
17
100
AcDbEntity
  8
6190-PLAN-0
100
AcDbLine
 10
1.9140232622791862
 20
-34.01766923817287
 30
0.0
 11
1.8634614070943272
 21
-33.84491643894719
 31
0.0
  0
LINE
  5
38E
330
17
100
AcDbEntity
  8
6190-PLAN-0
100
AcDbLine
 10
1.8634614070943272
 20
-33.84491643894719
 30
0.0
 11
-0.8038466092935508
 21
-34.62841838494349
 31
0.0
  0
LINE
  5
38F
330
17
100
AcDbEntity
  8
6190-PLAN-0
100
AcDbLine
 10
1.9140232622791862
 20
-34.01766923817287
 30
0.0
 11
-2.5516001168030025
 21
-35.32941298356099
 31
0.0
  0
LINE
  5
390
330
17
100
AcDbEntity
  8
6190-PLAN-0
100
AcDbLine
 10
3.091574450590425
 20
-33.48416734151088
 30
0.0
 11
2.6477537219185745
 21
-31.96778165962409
 31
0.0
  0
LINE
  5
391
330
17
100
AcDbEntity
  8
6190-PLAN-0
100
AcDbLine
 10
7.106529445840966
 20
-34.34761375473844
 30
0.0
 11
7.105799441468272
 21
-34.347828188162275
 31
0.0
  0
LINE
  5
392
330
17
100
AcDbEntity
  8
6190-PLAN-0
100
AcDbLine
 10
3.576549631626928
 20
-34.5715642768552
 30
0.0
 11
3.304077412164353
 21
-33.64061863669339
 31
0.0
  0
LINE
  5
393
330
17
100
AcDbEntity
  8
6190-PLAN-0
100
AcDbLine
 10
3.7956510039976346
 20
-35.320159740161664
 30
0.0
 11
3.6421368734896795
 21
-35.36525337729755
 31
0.0
  0
LINE
  5
394
330
17
100
AcDbEntity
  8
6190-PLAN-0
100
AcDbLine
 10
3.4230355011189784
 20
-34.61665791409295
 30
0.0
 11
3.1421363057752836
 21
-33.65692014073657
 31
0.0
  0
LINE
  5
395
330
17
100
AcDbEntity
  8
6190-PLAN-0
100
AcDbLine
 10
3.5765496316269334
 20
-34.57156427695706
 30
0.0
 11
3.4230355011189784
 21
-34.61665791409295
 31
0.0
  0
LINE
  5
396
330
17
100
AcDbEntity
  8
6190-PLAN-0
100
AcDbLine
 10
-1.2643890005409233
 20
-34.76369929646754
 30
0.0
 11
-2.095850618769316
 21
-31.922875487411805
 31
0.0
  0
LINE
  5
397
330
17
100
AcDbEntity
  8
6190-PLAN-0
100
AcDbLine
 10
-0.8038466092935508
 20
-34.62841838494349
 30
0.0
 11
-1.5004766137005117
 21
-32.24826870704467
 31
0.0
  0
LINE
  5
398
330
17
100
AcDbEntity
  8
6190-PLAN-0
100
AcDbLine
 10
-2.2082682952462465
 20
-36.48595106714023
 30
0.0
 11
-2.0944336790522433
 21
-36.86941120869637
 31
0.0
  0
LINE
  5
399
330
17
100
AcDbEntity
  8
6190-PLAN-0
100
AcDbLine
 10
-1.2643890005409233
 20
-34.76369929646754
 30
0.0
 11
-2.314985862754445
 21
-35.07230433232505
 31
0.0
  0
LINE
  5
39A
330
17
100
AcDbEntity
  8
6190-PLAN-0
100
AcDbLine
 10
3.2450885811129258
 20
-33.439073704258576
 30
0.0
 11
2.801267852426529
 21
-31.922688022488202
 31
0.0
  0
LINE
  5
39B
330
17
100
AcDbEntity
  8
6190-PLAN-0
100
AcDbLine
 10
3.091574450590425
 20
-33.48416734151088
 30
0.0
 11
2.6118427929695316
 21
-33.62508495768784
 31
0.0
  0
LINE
  5
39C
330
17
100
AcDbEntity
  8
6190-PLAN-0
100
AcDbLine
 10
6.555237018583574
 20
-32.46674215246292
 30
0.0
 11
5.8586070141911755
 21
-30.086592474767833
 31
0.0
  0
LINE
  5
39D
330
17
100
AcDbEntity
  8
6190-PLAN-0
100
AcDbLine
 10
7.855800293083528
 20
-36.91032804312016
 30
0.0
 11
4.545651855511012
 21
-37.88265959481396
 31
0.0
  0
LINE
  5
39E
330
17
100
AcDbEntity
  8
6190-PLAN-0
100
AcDbLine
 10
4.392137724988505
 20
-37.927753231964395
 30
0.0
 11
0.4967166651918413
 21
-39.072004275397
 31
0.0
  0
LINE
  5
39F
330
17
100
AcDbEntity
  8
6190-PLAN-0
100
AcDbLine
 10
4.545651855511012
 20
-37.88265959481396
 30
0.0
 11
3.7956510039976292
 21
-35.3201597400598
 31
0.0
  0
LINE
  5
3A0
330
17
100
AcDbEntity
  8
6190-PLAN-0
100
AcDbLine
 10
0.3618850514722718
 20
-38.61133014424006
 30
0.0
 11
-0.09910657326320482
 21
-38.746743014793054
 31
0.0
  0
LINE
  5
3A1
330
17
100
AcDbEntity
  8
6190-PLAN-0
100
AcDbLine
 10
-0.0004749105864298997
 20
-37.37326841666941
 30
0.0
 11
-0.46267385004561934
 21
-37.50903592692984
 31
0.0
  0
LINE
  5
3A2
330
17
100
AcDbEntity
  8
6190-PLAN-0
100
AcDbLine
 10
0.4967166651918413
 20
-39.072004275397
 30
0.0
 11
-0.4159095388704648
 21
-35.9538684618201
 31
0.0
  0
LINE
  5
3A3
330
17
100
AcDbEntity
  8
6190-PLAN-0
100
AcDbLine
 10
-0.23157438032330013
 20
-37.44115217179962
 30
0.0
 11
0.13138923905359956
 21
-38.67903657946563
 31
0.0
  0
LINE
  5
3A4
330
17
100
AcDbEntity
  8
6190-PLAN-0
100
AcDbLine
 10
5.8586070141911755
 20
-30.086592474767833
 30
0.0
 11
2.394944446096157
 21
-31.104017663699384
 31
0.0
  0
LINE
  5
3A5
330
17
100
AcDbEntity
  8
6190-PLAN-0
100
AcDbLine
 10
17.78438696150125
 20
-33.99387935093751
 30
0.0
 11
8.028503689790375
 21
-36.85959770121496
 31
0.0
  0
LINE
  5
3A6
330
17
100
AcDbEntity
  8
6190-PLAN-0
100
AcDbLine
 10
-8.864561896192424
 20
13.850555777545132
 30
0.0
 11
-8.493735297337224
 21
12.481961016398223
 31
0.0
  0
TEXT
  5
3A7
330
17
100
AcDbEntity
  8
6190-COTES-0
100
AcDbText
 10
-50.46169964631905
 20
-8.708685389115425
 30
0.0
 40
0.48
  1
-2.65-
 50
282.3463617097338
100
AcDbText
  0
TEXT
  5
3A8
330
17
100
AcDbEntity
  8
6190-COTES-0
100
AcDbText
 10
-46.48436807936084
 20
-24.044886412242274
 30
0.0
 40
0.48
  1
-29.35-
 50
284.8918943724038
100
AcDbText
  0
TEXT
  5
3A9
330
17
100
AcDbEntity
  8
6190-COTES-0
100
AcDbText
 10
-41.18832341631926
 20
-44.15866873037113
 30
0.0
 40
0.48
  1
-12.27-
 50
284.3028880190342
100
AcDbText
  0
TEXT
  5
3AA
330
17
100
AcDbEntity
  8
6190-COTES-0
100
AcDbText
 10
-29.51472520082673
 20
-71.00705050319597
 30
0.0
 40
0.48
  1
-46.20-
 50
296.5097844814815
100
AcDbText
  0
LWPOLYLINE
  5
3AB
330
17
100
AcDbEntity
  8
6190-PLAN-0
100
AcDbPolyline
 90
4
 70
1
 10
-12.161703266006992
 20
18.792318453194163
 10
-10.781471682244952
 20
19.166298098864395
 10
-10.912233796212746
 20
19.648896554743665
 10
-12.292465379887481
 20
19.274916909175296
  0
LWPOLYLINE
  5
3AC
330
17
100
AcDbEntity
  8
6190-PLAN-0
100
AcDbPolyline
 90
12
 70
1
 10
-3.445205531401153
 20
-32.31923848470923
 10
-2.5516001168030025
 20
-35.32941298356099
 10
1.9140232622791862
 20
-34.01766923817287
 10
1.8632929445781246
 20
-33.84496592356666
 10
-0.8038466092935508
 20
-34.62841838494349
 10
-1.5004766137005117
 20
-32.24826870704467
 10
-0.3008049677587801
 20
-31.897144879903635
 10
-0.43597908345516334
 20
-31.435300535372576
 10
-2.096324641259824
 20
-31.92125591212052
 10
-1.2643890005409233
 20
-34.76369929646754
 10
-2.314985862754445
 20
-35.07230433232505
 10
-3.1576104252704313
 20
-32.23386252254918
  0
LWPOLYLINE
  5
3AD
330
17
100
AcDbEntity
  8
6190-PLAN-0
100
AcDbPolyline
 90
6
 70
1
 10
-2.2082682952462465
 20
-36.48595106714023
 10
-0.4159095388704648
 20
-35.9538684618201
 10
-0.0004749105864298997
 20
-37.37326841666941
 10
-0.46114882255122147
 20
-37.50809996627632
 10
-0.7637046541013799
 20
-36.47436877424443
 10
-2.0944336790522433
 20
-36.86941120869637
  0
LWPOLYLINE
  5
3AE
330
17
100
AcDbEntity
  8
6190-PLAN-0
100
AcDbPolyline
 90
4
 70
1
 10
0.17807571292066005
 20
-31.25492649348611
 10
0.3133565601428909
 20
-31.715468665730526
 10
1.531427462387275
 20
-31.3576693727015
 10
1.3961466152669129
 20
-30.897127200558945
  0
LWPOLYLINE
  5
3AF
330
17
100
AcDbEntity
  8
6190-PLAN-0
100
AcDbPolyline
 90
4
 70
1
 10
2.2601128323765827
 20
-30.643343532440586
 10
2.394944446096157
 20
-31.104017663699384
 10
4.016437448925199
 20
-30.627716120878638
 10
3.881605835103766
 20
-30.167041989707158
  0
LWPOLYLINE
  5
3B0
330
17
100
AcDbEntity
  8
6190-PLAN-0
100
AcDbPolyline
 90
4
 70
1
 10
18.820617729350882
 20
-33.68949424880825
 10
20.06793254264495
 20
-33.32310477385945
 10
20.19622825485084
 20
-33.75257909159136
 10
18.94926905707585
 20
-34.12015900173324
  0
LWPOLYLINE
  5
3B1
330
17
100
AcDbEntity
  8
6190-PLAN-0
100
AcDbPolyline
 90
4
 70
1
 10
20.541540032642494
 20
-33.65078773187611
 10
20.413342798604525
 20
-33.22164307308178
 10
21.6606576118986
 20
-32.855253598220294
 10
21.788499230315626
 20
-33.28320782173423
  0
LWPOLYLINE
  5
3B2
330
17
100
AcDbEntity
  8
6190-PLAN-0
100
AcDbPolyline
 90
18
 70
1
 10
22.13381100819459
 20
-33.18141646201897
 10
22.00606786785818
 20
-32.753791897544495
 10
23.10946174110361
 20
-32.429678131232436
 10
22.549876926676088
 20
-30.556448680656285
 10
22.77025401539576
 20
-30.490616023446954
 10
23.330140515805084
 20
-32.36485537802532
 10
27.244790083477913
 20
-31.214956102986534
 10
25.35279689475697
 20
-24.881443702624694
 10
24.58521854821409
 20
-25.106914148750388
 10
24.442102573245943
 20
-24.627828490621628
 10
23.179796991189075
 20
-24.998621392702344
 10
23.042405655231295
 20
-24.53869916095985
 10
25.072289583932907
 20
-23.94243581276799
 10
24.797824503585677
 20
-23.023654497866637
 10
25.27742419495812
 20
-22.88227760930128
 10
27.724526550141793
 20
-31.074037074148876
 10
28.29060497804756
 20
-30.907755734625393
 10
28.414622151388127
 20
-31.329952516778704
  0
LWPOLYLINE
  5
3B3
330
17
100
AcDbEntity
  8
6190-PLAN-0
100
AcDbPolyline
 90
4
 70
1
 10
28.636013453214794
 20
-30.80629455703867
 10
29.691428238337256
 20
-30.49627429211759
 10
29.81367661251109
 20
-30.91753780899094
 10
28.758554813653113
 20
-31.22856769417084
  0
LWPOLYLINE
  5
3B4
330
17
100
AcDbEntity
  8
6190-PLAN-0
100
AcDbPolyline
 90
4
 70
1
 10
30.158989201195713
 20
-30.815746210319883
 10
31.21411100005369
 20
-30.504716325154533
 10
31.092251498539635
 20
-30.084792849522483
 10
30.036836713417177
 20
-30.394813114443558
  0
LWPOLYLINE
  5
3B5
330
17
100
AcDbEntity
  8
6190-PLAN-0
100
AcDbPolyline
 90
4
 70
1
 10
31.559423588738305
 20
-30.402924726381617
 10
32.61454538759629
 20
-30.09189484131813
 10
32.49307475874202
 20
-29.67331140692738
 10
31.437659973619557
 20
-29.983331671833902
  0
LWPOLYLINE
  5
3B6
330
17
100
AcDbEntity
  8
6190-PLAN-0
100
AcDbPolyline
 90
4
 70
1
 10
32.95985797626635
 20
-29.99010324254521
 10
34.01497977512433
 20
-29.679073357379863
 10
33.8938980189444
 20
-29.261829964332268
 10
32.838483233923796
 20
-29.57185022923879
  0
LWPOLYLINE
  5
3B7
330
17
100
AcDbEntity
  8
6190-PLAN-0
100
AcDbPolyline
 90
6
 70
1
 10
34.360292363808945
 20
-29.577281758606944
 10
34.239306494126176
 20
-29.16036878664368
 10
34.47917349072441
 20
-29.089909635534514
 10
34.18932728250648
 20
-28.091109987778875
 10
34.47398653274571
 20
-28.007493444338795
 10
34.884673000669174
 20
-29.42270429709498
  0
LWPOLYLINE
  5
3B8
330
17
100
AcDbEntity
  8
6190-PLAN-0
100
AcDbPolyline
 90
4
 70
1
 10
34.139548600160815
 20
-26.855032312290668
 10
33.548708252665946
 20
-24.819017645633494
 10
33.26404900242672
 20
-24.90263418907357
 10
33.854889349921585
 20
-26.938648855730744
  0
LWPOLYLINE
  5
3B9
330
17
100
AcDbEntity
  8
6190-PLAN-0
100
AcDbPolyline
 90
4
 70
1
 10
32.92961106984181
 20
-23.75017305692358
 10
32.50877667131683
 20
-22.299992799062395
 10
32.79343592164338
 20
-22.216376255724178
 10
33.21427032008104
 20
-23.666556513585363
  0
LWPOLYLINE
  5
3BA
330
17
100
AcDbEntity
  8
6190-PLAN-0
100
AcDbPolyline
 90
4
 70
1
 10
32.6931045418941
 20
-21.870637916095188
 10
32.311287902192035
 20
-20.5549114569681
 10
32.026628651952805
 20
-20.638528000408176
 10
32.408445291553
 20
-21.954254459433404
  0
LWPOLYLINE
  5
3BB
330
17
100
AcDbEntity
  8
6190-PLAN-0
100
AcDbPolyline
 90
12
 70
1
 10
31.636196821106903
 20
-18.228571781365147
 10
31.3513554166058
 20
-18.311560627743333
 10
31.51299964533767
 20
-18.86858084802836
 10
24.673680218610542
 20
-20.86122384219324
 10
24.218565719299935
 20
-19.33771237203908
 10
23.738513964282884
 20
-19.4775759617772
 10
24.477063791124444
 20
-21.949896958885613
 10
24.956663482511434
 20
-21.808520070320256
 10
24.928040399820063
 20
-21.712703314579144
 10
31.75629132314633
 20
-19.7069552519541
 10
31.926297272101664
 20
-20.29278966076464
 10
32.21095652244276
 20
-20.209173117324557
  0
LWPOLYLINE
  5
3BC
330
17
100
AcDbEntity
  8
6190-PLAN-0
100
AcDbPolyline
 90
4
 70
1
 10
23.546736156385204
 20
-18.83559314105657
 10
23.095631293703065
 20
-17.32550432449101
 10
23.57568311941224
 20
-17.185640714143673
 10
24.026787911504115
 20
-18.695729551318443
  0
LWPOLYLINE
  5
3BD
330
17
100
AcDbEntity
  8
6190-PLAN-0
100
AcDbPolyline
 90
148
 70
1
 10
21.220183401836536
 20
-11.038998032593692
 10
21.795704076156337
 20
-10.869363267872316
 10
21.846037550752055
 20
-11.040129886950481
 10
28.562052319236955
 20
-9.083411836258449
 10
27.446033950651067
 20
-5.211022005527129
 10
20.712868827886766
 20
-7.195622963352189
 10
20.876849100536134
 20
-7.751959615226677
 10
20.301328426201778
 20
-7.921594379948053
 10
19.61601181941783
 20
-5.596517463960691
 10
20.191532493752188
 20
-5.426882699239314
 10
20.572696569963625
 20
-6.720059875911004
 10
27.308733275417104
 20
-4.734612518823192
 10
26.448911581609877
 20
-1.751180635487963
 10
19.26985027207415
 20
-2.2998870353128105
 10
19.552574880011022
 20
-3.2590881592082512
 10
18.977054205676662
 20
-3.4287229239296275
 10
18.658111113075158
 20
-2.346643174768835
 10
10.851439577869655
 20
-3.0964938461607137
 10
10.779178475491838
 20
-2.1783005979919525
 10
11.078253733495526
 20
-2.1547636052105243
 10
11.124999606353299
 20
-2.7487449230166883
 10
18.62751511533746
 20
-2.0281092128280056
 10
29.105135770673325
 20
-1.227228122808369
 10
28.726719409308743
 20
2.705369650459396
 10
10.803574493255653
 20
1.335476861504751
 10
10.875835595647992
 20
0.41728361393261926
 10
10.581441197252595
 20
0.3941150012472159
 10
10.22908574710423
 20
4.811510134112892
 10
10.985626500196126
 20
4.885324960985737
 10
10.82554689010668
 20
6.91939325253009
 10
10.070581564960541
 20
6.845732138434635
 10
9.810838530658057
 20
10.126012092024975
 10
9.303159867435209
 20
10.07647845825813
 10
9.262373343637645
 20
10.594736683897402
 10
9.770052006962358
 20
10.644270317649703
 10
9.71049679272899
 20
11.401014870389314
 10
13.367192822221748
 20
11.557105955752867
 10
13.443824132485057
 20
10.583382206031303
 10
11.974963094469647
 20
10.511155220943785
 10
12.582743090620014
 20
2.788335192340625
 10
28.569278975306805
 20
4.010210054878312
 10
28.043587649292053
 20
11.301283270145777
 10
24.307126074727123
 20
11.117553599614169
 10
24.24196458864263
 20
12.021310504011957
 10
27.902799292893004
 20
12.177578254378481
 10
27.684798679495703
 20
14.215954012894208
 10
25.188285701776067
 20
14.083957982788505
 10
24.472178722369588
 20
23.958024561151593
 10
11.79988487056529
 20
22.965083614948206
 10
4.398128642751445
 20
22.952816054171926
 10
4.802004715656656
 20
16.68917734589698
 10
4.351703376683877
 20
16.67935792385304
 10
4.338822529210207
 20
16.87912458579111
 10
3.0479586909244
 20
16.850975576082185
 10
3.0272743497826853
 20
17.17176516538132
 10
4.318138188083039
 20
17.19991417519211
 10
3.9665695778738312
 20
22.65232619888635
 10
-0.10608352661619325
 20
22.61974416211527
 10
0.24910551883302023
 20
17.111183484229915
 10
1.6863770293564562
 20
17.14252510873335
 10
1.7070613704836193
 20
16.82173551941966
 10
0.26978985985831994
 20
16.790393894916225
 10
0.28267070743385325
 20
16.590627232978157
 10
-0.17721996290176456
 20
16.5805987028401
 10
-0.5663833861414584
 20
22.6160616714698
 10
-9.036112345667455
 20
22.548302151304792
 10
-8.68565703746432
 20
14.47460442944142
 10
-5.348138614891723
 20
14.547383475299231
 10
-5.308207987793209
 20
13.928106823503665
 10
-8.864561896192424
 20
13.850555777545132
 10
-8.49373529723536
 20
12.48196101639823
 10
-8.937725876693186
 20
12.361659871646228
 10
-9.076333717401841
 20
12.873214234863415
 10
-14.61303985261371
 20
11.37302004774918
 10
-14.0559932474788
 20
9.317150625927873
 10
-14.252556767574834
 20
9.2638909001036
 10
-14.809603372709752
 20
11.31976032202677
 10
-15.118466384445128
 20
11.236072569086222
 10
-15.212615106412294
 20
11.583543457243046
 10
-14.903752094764233
 20
11.667231210198143
 10
-14.96913315166082
 20
11.90853043817416
 10
-14.772569631564775
 20
11.96179016389657
 10
-14.707188574566327
 20
11.720490935906007
 10
-12.207328573287192
 20
12.39783868579292
 10
-12.272709630285643
 20
12.639137913783486
 10
-12.117303132192124
 20
12.639146050848705
 10
-12.06254903659763
 20
12.437067319991986
 10
-10.31554262640983
 20
12.910426172186352
 10
-10.328618837809518
 20
12.958686017676783
 10
-10.18383930111995
 20
12.997914651875845
 10
-10.170763089720264
 20
12.949654806370866
 10
-9.022178764865256
 20
13.26086863734296
 10
-9.388312683692767
 20
14.612144313767086
 10
-10.536897008649639
 20
14.300930482794989
 10
-10.432287317481219
 20
13.914851718027546
 10
-10.577066854272651
 20
13.875623083828476
 10
-10.681676545353756
 20
14.261701848610475
 10
-12.428682955527002
 20
13.788342996416109
 10
-12.363301898543103
 20
13.547043768425542
 10
-12.508081435232668
 20
13.507815134241028
 10
-12.57346249221656
 20
13.749114362129731
 10
-15.073322493408387
 20
13.071766612330133
 10
-15.0079414365118
 20
12.830467384339563
 10
-15.204504956607845
 20
12.777207658631706
 10
-15.269886013606289
 20
13.01850688652041
 10
-15.771788407434354
 20
12.88251428818484
 10
-15.842399948975217
 20
13.143117454327921
 10
-9.607227899751923
 20
14.832563965485583
 10
-10.543484635012167
 20
18.287968909236003
 10
-9.211512896944289
 20
18.648872343608407
 10
-9.58026205805755
 20
20.00979998901421
 10
-8.975129369717411
 20
20.173763276815595
 10
-9.461696407765022
 20
20.823080586413496
 10
-9.594556531690092
 20
23.883877367864535
 10
-8.964182203987782
 20
23.888920488201794
 10
-8.927731782792563
 20
23.04918521798211
 10
-7.346792992766537
 20
23.06183304345933
 10
-7.513319212981286
 20
26.898220539233968
 10
-7.063742553251756
 20
26.917735330641285
 10
-6.896525615863335
 20
23.065435272211367
 10
-2.8118803369845216
 20
23.09811324879289
 10
3.934345436453075
 20
23.15208439991183
 10
11.784261703667546
 20
23.164472472884743
 10
24.64828077034679
 20
24.17243609913843
 10
25.348953503232742
 20
14.51118517843232
 10
27.828107932183165
 20
14.642263424532246
 10
28.107131290888656
 20
12.03330539508633
 10
29.188542238846356
 20
12.132735182761603
 10
29.187309562128178
 20
11.392767990703327
 10
28.36328489621716
 20
11.317003455867876
 10
28.905986044084635
 20
3.7900126024215384
 10
29.850468947388087
 20
3.858110460621252
 10
29.93388347641933
 20
3.135807019599829
 10
29.02159618875745
 20
2.9818170730431994
 10
29.45492326854423
 20
-1.52142666357738
 10
26.94831391181838
 20
-1.7130105679994694
 10
27.20861873916923
 20
-2.6002356009797167
 10
27.026238264771706
 20
-2.662986774196229
 10
27.636402473827953
 20
-4.6380319963702314
 10
27.786592105942375
 20
-4.59376359040305
 10
29.17007686200623
 20
-9.394215313194724
 10
29.083332794386774
 20
-9.43149381925708
 10
29.144871357120113
 20
-9.64271172868741
 10
28.859804718047425
 20
-9.725766197457478
 10
28.79849138988567
 20
-9.514482665620712
 10
21.885746116359613
 20
-11.5285183582834
 10
23.229338123101844
 20
-16.026238903528338
 10
22.7492586254236
 20
-16.16600962372656
  0
LWPOLYLINE
  5
3BE
330
17
100
AcDbEntity
  8
6190-PLAN-0
100
AcDbPolyline
 90
4
 70
1
 10
14.536881034613081
 20
11.607035701358907
 10
23.19246895967959
 20
11.976511343683608
 10
23.258119482915788
 20
11.065971740287637
 10
14.612917611690033
 20
10.640868990099257
  0
LWPOLYLINE
  5
3BF
330
17
100
AcDbEntity
  8
6190-PLAN-0
100
AcDbPolyline
 90
4
 70
1
 10
29.24497702311864
 20
-9.988514039542103
 10
31.535865920536786
 20
-17.882835092902337
 10
31.251024515933818
 20
-17.96582393928053
 10
28.96013561861754
 20
-10.071502885920289
  0
LINE
  5
3C0
330
17
100
AcDbEntity
  8
6190-PLAN-0
100
AcDbLine
 10
-9.111465739774435
 20
6.999606677096707
 30
0.0
 11
-8.980703625908507
 21
6.517008221319299
 31
0.0
  0
LINE
  5
3C1
330
17
100
AcDbEntity
  8
6190-PLAN-0
100
AcDbLine
 10
-10.27935400289838
 20
6.6831623616840625
 30
0.0
 11
-10.1485918890179
 21
6.200563905804791
 31
0.0
  0
LINE
  5
3C2
330
17
100
AcDbEntity
  8
6190-PLAN-0
100
AcDbLine
 10
-12.688822144160412
 20
6.030306672434432
 30
0.0
 11
-12.558060030381796
 21
5.547708216555155
 31
0.0
  0
LINE
  5
3C3
330
17
100
AcDbEntity
  8
6190-PLAN-0
100
AcDbLine
 10
-11.520933881036477
 20
6.346750988050803
 30
0.0
 11
-11.390171767257861
 21
5.864152532171526
 31
0.0
  0
LINE
  5
3C4
330
17
100
AcDbEntity
  8
6190-PLAN-0
100
AcDbLine
 10
-12.623441087263831
 20
5.789007444545727
 30
0.0
 11
-11.455552824154442
 21
6.105451760060231
 31
0.0
  0
LINE
  5
3C5
330
17
100
AcDbEntity
  8
6190-PLAN-0
100
AcDbLine
 10
-10.213972946001793
 20
6.441863133693494
 30
0.0
 11
-9.04608468279054
 21
6.758307449208005
 31
0.0
  0
LWPOLYLINE
  5
3C6
330
17
100
AcDbEntity
  8
6190-PLAN-0
100
AcDbPolyline
 90
8
 70
1
 10
-13.700516523865588
 20
5.238154747643308
 10
-13.83127863774607
 20
5.720753203522579
 10
-13.329376243714279
 20
5.856745801960023
 10
-13.875961879618846
 20
7.874007347258025
 10
-13.679398359522807
 20
7.927267073082299
 10
-13.132812723516373
 20
5.910005527667884
 10
-12.688822144160412
 20
6.030306672434432
 10
-12.558060030381796
 20
5.547708216555155
  0
LWPOLYLINE
  5
3C7
330
17
100
AcDbEntity
  8
6190-PLAN-0
100
AcDbPolyline
 90
4
 70
1
 10
-11.390171767257861
 20
5.864152532171526
 10
-11.520933881036477
 20
6.346750988050803
 10
-10.279354002898373
 20
6.683162361582199
 10
-10.1485918890179
 20
6.200563905804791
  0
LWPOLYLINE
  5
3C8
330
17
100
AcDbEntity
  8
6190-PLAN-0
100
AcDbPolyline
 90
28
 70
1
 10
-8.980703625908507
 20
6.517008221319299
 10
-7.220521108735688
 20
6.993937196024944
 10
-7.472686634167599
 20
7.924594322834031
 10
-7.266684865675367
 20
7.953335514406194
 10
-7.746739689125451
 20
9.725054475430014
 10
-6.342681243932957
 20
9.92364407972434
 10
-6.22500785311676
 20
8.09866940519398
 10
-5.434735388332574
 20
8.208927547309017
 10
-5.466997160510027
 20
8.709269356469463
 10
-6.146961402973308
 20
8.614401323701642
 10
-6.4043447692992705
 20
12.606111959808057
 10
-5.224625223863257
 20
12.631837319814725
 10
-5.239295453893486
 20
12.8593551822965
 10
-6.530159292179293
 20
12.831206172587578
 10
-6.461421407906646
 20
11.765163141729062
 10
-6.913385196780321
 20
11.701237519268112
 10
-6.885376033864442
 20
11.50320851436242
 10
-6.44851486836169
 20
11.564998026340898
 10
-6.355587783463368
 20
10.123809195214367
 10
-7.799449860446891
 20
9.919589777087332
 10
-8.178963093740105
 20
11.320243949639938
 10
-7.726999304866424
 20
11.38416957199902
 10
-7.755008467767754
 20
11.582198576919264
 10
-8.231673265061545
 20
11.514779251311804
 10
-8.247902523261715
 20
11.574675919431922
 10
-8.691893102617676
 20
11.454374774679923
 10
-7.596106588406362
 20
7.410199714680249
 10
-9.111465739774442
 20
6.99960667719857
  0
LWPOLYLINE
  5
3C9
330
17
100
AcDbEntity
  8
6190-PLAN-0
100
AcDbPolyline
 90
8
 70
1
 10
-13.875961879720716
 20
7.874007347359883
 10
-13.679398359522807
 20
7.927267073082299
 10
-13.132812723516373
 20
5.910005527667884
 10
-12.688822144160412
 20
6.030306672434432
 10
-12.558060030381796
 20
5.547708216555155
 10
-13.700516523865588
 20
5.238154747643308
 10
-13.83127863774607
 20
5.720753203522579
 10
-13.329376243714279
 20
5.856745801960023
  0
LWPOLYLINE
  5
3CA
330
17
100
AcDbEntity
  8
6190-PLAN-0
100
AcDbPolyline
 90
4
 70
1
 10
-19.370631979783802
 20
-1.631736210319252
 10
-18.74101442039005
 20
-3.7188350888852213
 10
-19.21970682376598
 20
-3.863242786060099
 10
-19.84932438317428
 20
-1.7761439074941305
  0
LWPOLYLINE
  5
3CB
330
17
100
AcDbEntity
  8
6190-PLAN-0
100
AcDbPolyline
 90
4
 70
1
 10
-3.8953649507462353
 20
8.423699201442673
 10
-4.52104454798419
 20
8.336404916226076
 10
-4.553306320161641
 20
8.836746725386526
 10
-3.927626722923688
 20
8.924041010617678
  0
LWPOLYLINE
  5
3CC
330
17
100
AcDbEntity
  8
6190-PLAN-0
100
AcDbPolyline
 90
4
 70
1
 10
-2.9816741103832998
 20
8.55117657035974
 10
-3.0139358825753044
 20
9.051518379534738
 10
-2.100245042212367
 20
9.178995748437249
 10
-2.0679832700349143
 20
8.6786539392768
  0
LINE
  5
3CD
330
17
100
AcDbEntity
  8
6190-PLAN-0
100
AcDbLine
 10
0.6393778284260971
 20
9.561225601188124
 30
0.0
 11
0.6716396006181009
 21
9.060883792027678
 31
0.0
  0
LWPOLYLINE
  5
3CE
330
17
100
AcDbEntity
  8
6190-PLAN-0
100
AcDbPolyline
 90
4
 70
1
 10
2.8565524797677373
 20
9.36572097860897
 10
2.3301871042583833
 20
9.292282929081907
 10
2.2979253320809314
 20
9.792624738242353
 10
2.824290707590291
 20
9.866062787667556
  0
LWPOLYLINE
  5
3CF
330
17
100
AcDbEntity
  8
6190-PLAN-0
100
AcDbPolyline
 90
21
 70
1
 10
-3.416846205650862
 20
14.589497885178904
 10
-0.053563827064334824
 20
14.662838748636247
 10
-0.07996956439408365
 20
15.072360405503066
 10
0.37992110583967165
 20
15.082388935626568
 10
0.4063268431839715
 20
14.672867278774302
 10
4.4753595126231644
 20
14.761597969751055
 10
4.448953775191558
 20
15.17111962650145
 10
4.899255627073546
 20
15.171143204251305
 10
5.220399806802197
 20
10.200365891209149
 10
7.659701485101567
 20
10.438365800877438
 10
7.700488008797268
 20
9.920107575238163
 10
4.805747580975405
 20
9.637671021198415
 10
4.5150999834080245
 20
9.597120115575887
 10
4.498302144483318
 20
10.099619439529732
 10
5.016976892778153
 20
10.171984499278896
 10
4.760626740656534
 20
14.14767120995458
 10
-0.17904617992147465
 20
14.039955045845343
 10
0.04413144014596959
 20
10.578734949645707
 10
-0.3729882912683875
 20
10.520538759438253
 10
-0.5993274295197786
 20
14.030790251961921
 10
-3.3769155785377913
 20
13.970221233296023
  0
LWPOLYLINE
  5
3D0
330
17
100
AcDbEntity
  8
6190-PLAN-0
100
AcDbPolyline
 90
8
 70
1
 10
-0.9283372251397104
 20
9.342499330324639
 10
-0.3026576280036197
 20
9.429793615541232
 10
-0.3155623368425866
 20
9.629930339234516
 10
0.10155739467363745
 20
9.688126529354662
 10
0.11446210352715713
 20
9.487989805661378
 10
0.6393778284260971
 20
9.561225601188124
 10
0.6716396006181009
 20
9.060883792027678
 10
-0.8960754529622585
 20
8.842157521149637
  0
LINE
  5
3D1
330
17
100
AcDbEntity
  8
6190-PLAN-0
100
AcDbLine
 10
21.447109274086397
 20
-26.85208783676099
 30
0.0
 11
21.44359179288473
 21
-26.853121070828998
 31
0.0
  0
LINE
  5
3D2
330
17
100
AcDbEntity
  8
6190-PLAN-0
100
AcDbLine
 10
20.05235603962933
 20
-27.26178625432723
 30
0.0
 11
19.85086672363108
 21
-27.320972246366285
 31
0.0
  0
LINE
  5
3D3
330
17
100
AcDbEntity
  8
6190-PLAN-0
100
AcDbLine
 10
19.683116824275537
 20
-26.02574525635648
 30
0.0
 11
19.80305698561954
 21
-25.990513723547835
 31
0.0
  0
LINE
  5
3D4
330
17
100
AcDbEntity
  8
6190-PLAN-0
100
AcDbLine
 10
19.80305698561954
 20
-25.990513723547835
 30
0.0
 11
19.66777613849918
 21
-25.52997155140528
 31
0.0
  0
LINE
  5
3D5
330
17
100
AcDbEntity
  8
6190-PLAN-0
100
AcDbLine
 10
20.954412416172374
 20
-25.65231160556502
 30
0.0
 11
20.8191315689647
 21
-25.19176943342247
 31
0.0
  0
LINE
  5
3D6
330
17
100
AcDbEntity
  8
6190-PLAN-0
100
AcDbLine
 10
19.66777613849918
 20
-25.52997155140528
 30
0.0
 11
19.296262525685137
 21
-25.63910091956591
 31
0.0
  0
LINE
  5
3D7
330
17
100
AcDbEntity
  8
6190-PLAN-0
100
AcDbLine
 10
19.80305698561954
 20
-25.990513723547835
 30
0.0
 11
19.683116824275537
 21
-26.02574525635648
 31
0.0
  0
LINE
  5
3D8
330
17
100
AcDbEntity
  8
6190-PLAN-0
100
AcDbLine
 10
23.042405655231295
 20
-24.53869916095985
 30
0.0
 11
23.179796991189075
 21
-24.998621392702344
 31
0.0
  0
LINE
  5
3D9
330
17
100
AcDbEntity
  8
6190-PLAN-0
100
AcDbLine
 10
22.399558789931966
 20
-24.72753065950045
 30
0.0
 11
22.536950125904298
 21
-25.187452891344805
 31
0.0
  0
LINE
  5
3DA
330
17
100
AcDbEntity
  8
6190-PLAN-0
100
AcDbLine
 10
22.4682544578672
 20
-24.95749177542263
 30
0.0
 11
23.11022249902076
 21
-24.765718382593192
 31
0.0
  0
LWPOLYLINE
  5
3DB
330
17
100
AcDbEntity
  8
6190-PLAN-0
100
AcDbPolyline
 90
4
 70
1
 10
20.8191315689647
 20
-25.19176943342247
 10
22.399558789931966
 20
-24.72753065950045
 10
22.536950125904294
 20
-25.18745289124294
 10
20.954412416172374
 20
-25.65231160556502
  0
LINE
  5
3DC
330
17
100
AcDbEntity
  8
6190-PLAN-0
100
AcDbLine
 10
28.835662119592666
 20
4.7653699211014855
 30
0.0
 11
28.36328489621716
 21
11.317003455867876
 31
0.0
  0
LINE
  5
3DD
330
17
100
AcDbEntity
  8
6190-PLAN-0
100
AcDbLine
 10
28.36328489621716
 20
11.317003455867876
 30
0.0
 11
29.187309562128178
 21
11.392767990703327
 31
0.0
  0
LINE
  5
3DE
330
17
100
AcDbEntity
  8
6190-PLAN-0
100
AcDbLine
 10
28.107131290888656
 20
12.03330539508633
 30
0.0
 11
29.188542238846356
 21
12.132735182761603
 31
0.0
  0
LWPOLYLINE
  5
3DF
330
17
100
AcDbEntity
  8
6190-PLAN-0
100
AcDbPolyline
 90
2
 70
0
 10
-21.129297263984743
 20
2.4667967856060544
 10
-20.64650428196814
 20
2.5976116071628734
  0
LWPOLYLINE
  5
3E0
330
17
100
AcDbEntity
  8
6190-PLAN-0
100
AcDbPolyline
 90
2
 70
0
 10
-20.78257909180177
 20
1.3174719334394833
 10
-20.299786109785174
 20
1.4482867550108542
  0
LINE
  5
3E1
330
17
100
AcDbEntity
  8
6190-PLAN-0
100
AcDbLine
 10
-21.129297263984743
 20
2.4667967856060544
 30
0.0
 11
-21.48529014735657
 21
3.6468660774788813
 31
0.0
  0
LINE
  5
3E2
330
17
100
AcDbEntity
  8
6190-PLAN-0
100
AcDbLine
 10
-20.64650428196814
 20
2.5976116071628734
 30
0.0
 11
-20.858031260165514
 21
3.2987955439929797
 31
0.0
  0
LWPOLYLINE
  5
3E3
330
17
100
AcDbEntity
  8
6190-PLAN-0
100
AcDbPolyline
 90
3
 70
0
 10
-20.54118260080075
 20
1.3828793442178924
 10
-21.599044768178675
 20
1.9504079702656023
 42
-0.198912367379658
 10
-20.88790077298372
 20
2.5322041963844635
  0
LWPOLYLINE
  5
3E4
330
17
100
AcDbEntity
  8
6190-PLAN-0
100
AcDbPolyline
 90
8
 70
1
 10
-20.78257909180177
 20
1.3174719334394833
 10
-20.571362868844933
 20
0.6173181092399944
 10
-21.471304587072936
 20
0.34583163863446753
 10
-21.341337659646108
 20
-0.08499152440677848
 10
-20.4413959414181
 20
0.1864949461987484
 10
-20.1987910102068
 20
-0.6177082914326473
 10
-19.720098606918185
 20
-0.4733005942577746
 10
-20.299786109785174
 20
1.4482867550108542
  0
LWPOLYLINE
  5
3E5
330
17
100
AcDbEntity
  8
6190-PLAN-0
100
AcDbPolyline
 90
10
 70
1
 10
-20.64650428196814
 20
2.5976116071628734
 10
-21.129297263984743
 20
2.4667967856060544
 10
-21.48529014735657
 20
3.6468660774788813
 10
-20.98338775322292
 20
3.7828586759017764
 10
-21.0095401760223
 20
3.879378367100913
 10
-20.430422029045754
 20
4.036292903766218
 10
-20.404269606260925
 20
3.939773212581632
 10
-19.892715243043742
 20
4.078381053290285
 10
-19.76195312907595
 20
3.5957825974110174
 10
-20.858031260165514
 20
3.2987955439929797
  0
LWPOLYLINE
  5
3E6
330
17
100
AcDbEntity
  8
6190-PLAN-0
100
AcDbPolyline
 90
3
 70
0
 10
-9.876480518111496
 20
-33.969196566834505
 10
-10.93391645341941
 20
-33.40189660848224
 42
-0.198912367379658
 10
-10.223058991147845
 20
-32.82033479877302
  0
LWPOLYLINE
  5
3E7
330
17
100
AcDbEntity
  8
6190-PLAN-0
100
AcDbPolyline
 90
3
 70
0
 10
-12.256738244040747
 20
-26.07895723683083
 10
-13.340610077778646
 20
-25.497474779622717
 42
-0.198912367379658
 10
-12.611981178949204
 20
-24.901373924594726
  0
LWPOLYLINE
  5
3E8
330
17
100
AcDbEntity
  8
6190-PLAN-0
100
AcDbPolyline
 90
3
 70
0
 10
-17.698020271597603
 20
-8.041827479164821
 10
-18.27520405299137
 20
-7.732176251916523
 42
-0.198912367379658
 10
-17.887194354861915
 20
-7.41474043074119
  0
LWPOLYLINE
  5
3E9
330
17
100
AcDbEntity
  8
6190-PLAN-0
100
AcDbPolyline
 90
3
 70
0
 10
-18.076368438126217
 20
-6.787653382404873
 10
-18.386019665272652
 20
-7.364837163798636
 42
0.198912367379658
 10
-17.887194354861915
 20
-7.41474043074119
  0
LWPOLYLINE
  5
3EA
330
17
100
AcDbEntity
  8
6190-PLAN-0
100
AcDbPolyline
 90
3
 70
0
 10
-21.40632112335952
 20
0.13042005706291304
 10
-21.831796092032768
 20
-0.6626568944398472
 42
-0.198912367379658
 10
-22.26796744934015
 20
-0.12951379768888005
  0
LWPOLYLINE
  5
3EB
330
17
100
AcDbEntity
  8
6190-PLAN-0
100
AcDbPolyline
 90
3
 70
0
 10
-22.773638502106746
 20
0.767674469262249
 10
-23.54027955528138
 20
1.178966938992331
 42
-0.198912367379658
 10
-23.024907895088294
 20
1.600599251068263
  0
LWPOLYLINE
  5
3EC
330
17
100
AcDbEntity
  8
6190-PLAN-0
100
AcDbPolyline
 90
3
 70
0
 10
-23.80928580328351
 20
3.4216638564365667
 10
-24.187485775426193
 20
2.716706566260398
 42
-0.198912367379658
 10
-24.575193648652984
 20
3.190611541079
  0
LWPOLYLINE
  5
3ED
330
17
100
AcDbEntity
  8
6190-PLAN-0
100
AcDbPolyline
 90
3
 70
0
 10
-23.65163730060228
 20
3.6781242815469204
 10
-24.35659459086576
 20
4.056324253689598
 42
-0.198912367379658
 10
-23.882689616061704
 20
4.444032126829079
  0
LWPOLYLINE
  5
3EE
330
17
100
AcDbEntity
  8
6190-PLAN-0
100
AcDbPolyline
 90
3
 70
0
 10
-28.267204972783418
 20
6.045984088030489
 10
-27.56224768250538
 20
5.667784115887813
 42
0.198912367379658
 10
-27.50129712739939
 20
6.27703640348992
  0
LWPOLYLINE
  5
3EF
330
17
100
AcDbEntity
  8
6190-PLAN-0
100
AcDbPolyline
 90
3
 70
0
 10
-29.044177208304653
 20
7.409697454329399
 10
-29.47437967669353
 20
6.6078085366881565
 42
0.198912367379658
 10
-28.781355199571237
 20
6.538477280261458
  0
LWPOLYLINE
  5
3F0
330
17
100
AcDbEntity
  8
6190-PLAN-0
100
AcDbPolyline
 90
3
 70
0
 10
-20.7199811025413
 20
3.957835635382633
 10
-20.306996569536416
 20
4.677796589588607
 42
0.198912367379658
 10
-20.937046211531673
 20
4.758949072080818
  0
LWPOLYLINE
  5
3F1
330
17
100
AcDbEntity
  8
6190-PLAN-0
100
AcDbPolyline
 90
3
 70
0
 10
-16.259998251459017
 20
7.228042504829323
 10
-16.893216921966985
 20
7.5912698651675905
 42
-0.198912367379658
 10
-16.450910937751875
 20
7.932636250328364
  0
LWPOLYLINE
  5
3F2
330
17
100
AcDbEntity
  8
6190-PLAN-0
100
AcDbPolyline
 90
3
 70
0
 10
-16.63659313950232
 20
8.617926057674893
 10
-16.989869065295622
 20
8.00205584383377
 42
0.198912367379658
 10
-16.450910937751875
 20
7.932636250328364
  0
LWPOLYLINE
  5
3F3
330
17
100
AcDbEntity
  8
6190-PLAN-0
100
AcDbPolyline
 90
3
 70
0
 10
-14.154275007570476
 20
9.290520763066667
 10
-13.538404793743897
 20
8.937244837171502
 42
-0.198912367379658
 10
-13.968592805834582
 20
8.605230955720138
  0
LWPOLYLINE
  5
3F4
330
17
100
AcDbEntity
  8
6190-PLAN-0
100
AcDbPolyline
 90
3
 70
0
 10
-13.777680119527172
 20
7.900637210221094
 10
-13.414452759174353
 20
8.53385588072906
 42
0.198912367379658
 10
-13.968592805834582
 20
8.605230955720138
  0
LWPOLYLINE
  5
3F5
330
17
100
AcDbEntity
  8
6190-PLAN-0
100
AcDbPolyline
 90
3
 70
0
 10
-8.469897812983355
 20
11.51452534710685
 10
-8.002180390010256
 20
12.329902813155083
 42
0.198912367379658
 10
-8.715730586957001
 20
12.42181044407316
  0
LWPOLYLINE
  5
3F6
330
17
100
AcDbEntity
  8
6190-PLAN-0
100
AcDbPolyline
 90
3
 70
0
 10
-10.256229069522941
 20
12.97830033481997
 10
-11.080280764006453
 20
13.450993475021889
 42
-0.198912367379658
 10
-10.504677085869655
 20
13.895237400869807
  0
LWPOLYLINE
  5
3F7
330
17
100
AcDbEntity
  8
6190-PLAN-0
100
AcDbPolyline
 90
3
 70
0
 10
-12.200319861984514
 20
12.658752230839358
 10
-12.98100041456809
 20
13.106566784707976
 42
-0.198912367379658
 10
-12.435691666844225
 20
13.527429451282359
  0
LWPOLYLINE
  5
3F8
330
17
100
AcDbEntity
  8
6190-PLAN-0
100
AcDbPolyline
 90
3
 70
0
 10
-15.106223196618028
 20
12.803837521492909
 10
-14.32554264393259
 20
12.356022967609743
 42
-0.198912367379658
 10
-14.870851391554591
 20
11.93516030103537
  0
LINE
  5
3F9
330
17
100
AcDbEntity
  8
6190-PLAN-0
100
AcDbLine
 10
-16.411866127173816
 20
12.988818159933807
 30
0.0
 11
-16.34125458572027
 21
12.728214993790719
 31
0.0
  0
LWPOLYLINE
  5
3FA
330
17
100
AcDbEntity
  8
6190-PLAN-0
100
AcDbPolyline
 90
3
 70
0
 10
-16.946026534340053
 20
12.70421728247544
 10
-16.652459215743786
 20
13.21599675592261
 42
-0.198912367379658
 10
-16.376560356447044
 20
12.858516576869537
  0
LWPOLYLINE
  5
3FB
330
17
100
AcDbEntity
  8
6190-PLAN-0
100
AcDbPolyline
 90
3
 70
0
 10
-15.807094178161133
 20
13.012815871263658
 10
-16.318873651913904
 20
13.30638319015095
 42
0.198912367379658
 10
-16.376560356447044
 20
12.858516576869537
  0
LWPOLYLINE
  5
3FC
330
17
100
AcDbEntity
  8
6190-PLAN-0
100
AcDbPolyline
 90
3
 70
0
 10
-10.781471682346815
 20
19.16629809886439
 10
-11.23426195344426
 20
18.376943317845534
 42
0.198912367379658
 10
-10.543484635012167
 20
18.287968909236003
  0
LWPOLYLINE
  5
3FD
330
17
100
AcDbEntity
  8
6190-PLAN-0
100
AcDbPolyline
 90
3
 70
0
 10
-18.500864248752045
 20
17.333710200811268
 10
-17.84986341013728
 20
16.960282620019296
 42
0.198912367379658
 10
-17.776483966540077
 20
17.529984133737543
  0
LWPOLYLINE
  5
3FE
330
17
100
AcDbEntity
  8
6190-PLAN-0
100
AcDbPolyline
 90
3
 70
0
 10
-17.04341691214711
 20
17.728611784709358
 10
-17.421322638481403
 20
17.06980414051011
 42
-0.198912367379658
 10
-17.776483966540077
 20
17.529984133737543
  0
LWPOLYLINE
  5
3FF
330
17
100
AcDbEntity
  8
6190-PLAN-0
100
AcDbPolyline
 90
3
 70
0
 10
-23.37061540641689
 20
11.828555919284032
 10
-23.863211415723296
 20
10.969807311350419
 42
-0.198912367379658
 10
-24.326160348888173
 20
11.569646933823389
  0
LWPOLYLINE
  5
400
330
17
100
AcDbEntity
  8
6190-PLAN-0
100
AcDbPolyline
 90
3
 70
0
 10
-14.904829936635512
 20
5.170855386845674
 10
-14.611262617937378
 20
5.6826348603074
 42
-0.198912367379658
 10
-14.3353637587425
 20
5.325154681239774
  0
LWPOLYLINE
  5
401
330
17
100
AcDbEntity
  8
6190-PLAN-0
100
AcDbPolyline
 90
3
 70
0
 10
-13.76589758084948
 20
5.479453975532011
 10
-14.277677054209342
 20
5.773021294230147
 42
0.198912367379658
 10
-14.3353637587425
 20
5.325154681239774
  0
LWPOLYLINE
  5
402
330
17
100
AcDbEntity
  8
6190-PLAN-0
100
AcDbPolyline
 90
3
 70
0
 10
-18.756572865314517
 20
-26.69234935930974
 10
-17.619829234818493
 20
-27.302196814491495
 42
-0.198912367379658
 10
-18.384001006763697
 20
-27.927375759982386
  0
LWPOLYLINE
  5
403
330
17
100
AcDbEntity
  8
6190-PLAN-0
100
AcDbPolyline
 90
3
 70
0
 10
-14.632104992475355
 20
-35.75368986990423
 10
-13.935522664315535
 20
-36.12560447324329
 42
0.198912367379658
 10
-13.87656356654503
 20
-35.52411512003211
  0
LINE
  5
404
330
17
100
AcDbEntity
  8
6190-PLAN-0
100
AcDbLine
 10
-9.329182878979193
 20
-34.984238790791
 30
0.0
 11
-9.361081188687507
 21
-34.8785001160455
 31
0.0
  0
LWPOLYLINE
  5
405
330
17
100
AcDbEntity
  8
6190-PLAN-0
100
AcDbPolyline
 90
8
 70
1
 10
-7.436092069799
 20
-35.47570427075774
 10
-6.270174821368383
 20
-38.109028678186185
 10
-7.813407091325019
 20
-38.567155179775924
 10
-6.843745242281751
 20
-41.778628023901
 10
-11.082647856657257
 20
-42.99921405469428
 10
-12.659227748548894
 20
-37.8106146087171
 10
-8.875871326250358
 20
-36.486906591220986
 10
-9.006339964062207
 20
-36.05442032484486
  0
LWPOLYLINE
  5
406
330
17
100
AcDbEntity
  8
6190-PLAN-0
100
AcDbPolyline
 90
4
 70
1
 10
-15.08387037814962
 20
-17.572993217561024
 10
-14.535121129048072
 20
-19.392024350308063
 10
-14.056428725759456
 20
-19.24761665313319
 10
-14.605177974759137
 20
-17.42858552048801
  0
LWPOLYLINE
  5
407
330
17
100
AcDbEntity
  8
6190-PLAN-0
100
AcDbPolyline
 90
4
 70
1
 10
-13.78494225515393
 20
-20.147558371375744
 10
-13.2159759284284
 20
-22.03360644054477
 10
-13.694668331804326
 20
-22.17801413771965
 10
-14.263634658442545
 20
-20.291966068550618
  0
LWPOLYLINE
  5
408
330
17
100
AcDbEntity
  8
6190-PLAN-0
100
AcDbPolyline
 90
4
 70
1
 10
-12.944489457910183
 20
-22.93354815878733
 10
-12.372634977304898
 20
-24.82917007595636
 10
-12.851327380680825
 20
-24.973577773131236
 10
-13.423181861198799
 20
-23.077955855962205
  0
LWPOLYLINE
  5
409
330
17
100
AcDbEntity
  8
6190-PLAN-0
100
AcDbPolyline
 90
3
 70
0
 10
-9.329182878979193
 20
-34.984238790791
 10
-9.85763108432224
 20
-35.96925582503367
 42
0.198912367379658
 10
-9.006339964062207
 20
-36.05442032484486
  0
LWPOLYLINE
  5
40A
330
17
100
AcDbEntity
  8
6190-PLAN-0
100
AcDbPolyline
 90
3
 70
0
 10
-6.22500785311676
 20
8.09866940519398
 10
-7.064351312191541
 20
8.732479704840387
 42
0.198912367379658
 10
-7.266684865675367
 20
7.953335514406194
  0
LWPOLYLINE
  5
40B
330
17
100
AcDbEntity
  8
6190-PLAN-0
100
AcDbPolyline
 90
3
 70
0
 10
-6.899380615380591
 20
11.602223016815262
 10
-7.410324894095704
 20
10.922932251402443
 42
-0.198912367379658
 10
-7.741003886266163
 20
11.483184074553733
  0
LWPOLYLINE
  5
40C
330
17
100
AcDbEntity
  8
6190-PLAN-0
100
AcDbPolyline
 90
3
 70
0
 10
-5.398268255785669
 20
13.926142939065763
 10
-4.5938182028059815
 20
13.219149926289973
 42
-0.198912367379658
 10
-5.329355721682222
 20
12.85739129794592
  0
LWPOLYLINE
  5
40D
330
17
100
AcDbEntity
  8
6190-PLAN-0
100
AcDbPolyline
 90
4
 70
1
 10
11.521915267008323
 20
3.9680676822424585
 10
11.647853456503332
 20
2.367820917463625
 10
11.39362267557523
 20
2.348389678343991
 10
11.266416801231376
 20
3.943138985549317
  0
LWPOLYLINE
  5
40E
330
17
100
AcDbEntity
  8
6190-PLAN-0
100
AcDbPolyline
 90
5
 70
1
 10
11.008601125366395
 20
10.490547458426771
 10
11.210387790592678
 20
7.926524112438908
 10
10.954994664471572
 20
7.901605693545622
 10
10.77284573725194
 20
10.201954098307567
 10
10.75099904626828
 20
10.479551360287726
  0
LWPOLYLINE
  5
40F
330
17
100
AcDbEntity
  8
6190-PLAN-0
100
AcDbPolyline
 90
4
 70
1
 10
11.521915267008323
 20
3.9680676822424585
 10
11.647853456503332
 20
2.367820917463625
 10
11.39362267557523
 20
2.348389678343991
 10
11.266416801231376
 20
3.943138985549317
  0
LWPOLYLINE
  5
410
330
17
100
AcDbEntity
  8
6190-PLAN-0
100
AcDbPolyline
 90
5
 70
1
 10
11.008601125366395
 20
10.490547458426771
 10
11.210387790592678
 20
7.926524112438908
 10
10.954994664471572
 20
7.901605693545622
 10
10.77284573725194
 20
10.201954098307567
 10
10.75099904626828
 20
10.479551360287726
  0
LINE
  5
411
330
17
100
AcDbEntity
  8
6190-PLAN-0
100
AcDbLine
 10
-4.345207796788011
 20
13.990200560363888
 30
0.0
 11
-4.38513842388653
 21
14.609477212246766
 31
0.0
  0
LWPOLYLINE
  5
412
330
17
100
AcDbEntity
  8
6190-PLAN-0
100
AcDbPolyline
 90
3
 70
0
 10
-5.32817330134247
 20
14.237745149445104
 10
-4.6911362384755515
 20
14.962596017130483
 42
-0.198912367379658
 10
-4.365173110337271
 20
14.299838886305327
  0
LWPOLYLINE
  5
413
330
17
100
AcDbEntity
  8
6190-PLAN-0
100
AcDbPolyline
 90
3
 70
0
 10
-3.396880892101602
 20
14.279859559237462
 10
-4.067439368112818
 20
14.978673070634947
 42
0.198912367379658
 10
-4.365173110337271
 20
14.299838886305327
  0
LWPOLYLINE
  5
414
330
17
100
AcDbEntity
  8
6190-PLAN-0
100
AcDbPolyline
 90
3
 70
0
 10
0.1499757707737288
 20
15.077374670513887
 10
-0.4210334024222844
 20
15.579207561425967
 42
-0.198912367379658
 10
0.10106075247253443
 20
15.835988569168634
  0
LWPOLYLINE
  5
415
330
17
100
AcDbEntity
  8
6190-PLAN-0
100
AcDbPolyline
 90
3
 70
0
 10
0.05272537226604612
 20
16.585612967865472
 10
-0.443160848335312
 20
16.021370197044675
 42
0.198912367379658
 10
0.10106075247253443
 20
15.835988569168634
  0
LWPOLYLINE
  5
416
330
17
100
AcDbEntity
  8
6190-PLAN-0
100
AcDbPolyline
 90
3
 70
0
 10
4.6741044447288775
 20
15.176029337574356
 10
4.092037398621343
 20
15.666311341189232
 42
-0.198912367379658
 10
4.609202618766675
 20
15.934294622459081
  0
LWPOLYLINE
  5
417
330
17
100
AcDbEntity
  8
6190-PLAN-0
100
AcDbPolyline
 90
3
 70
0
 10
4.576854046221196
 20
16.684267634925945
 10
4.069416938322628
 20
16.131082737118525
 42
0.198912367379658
 10
4.609202618562948
 20
15.93429462245907
  0
LINE
  5
418
330
17
100
AcDbEntity
  8
6190-PLAN-0
100
AcDbLine
 10
2.3555873175207114
 20
17.18567543016302
 30
0.0
 11
2.376271658662432
 21
16.864885840747473
 31
0.0
  0
LWPOLYLINE
  5
419
330
17
100
AcDbEntity
  8
6190-PLAN-0
100
AcDbPolyline
 90
3
 70
0
 10
1.696719199920035
 20
16.98213031412744
 10
2.200434217570945
 20
16.53943906617582
 42
0.198912367379658
 10
2.3659294880842956
 20
17.025280635455246
  0
LWPOLYLINE
  5
41A
330
17
100
AcDbEntity
  8
6190-PLAN-0
100
AcDbPolyline
 90
3
 70
0
 10
3.037616520346269
 20
17.011370370688095
 10
2.552826022524077
 20
16.54625195787875
 42
-0.198912367379658
 10
2.3659294880842956
 20
17.025280635455246
  0
LINE
  5
41B
330
17
100
AcDbEntity
  8
6190-PLAN-0
100
AcDbLine
 10
-1.5114677233044178
 20
9.216959795003184
 30
0.0
 11
-1.4792059511269668
 21
8.716617985842735
 31
0.0
  0
LWPOLYLINE
  5
41C
330
17
100
AcDbEntity
  8
6190-PLAN-0
100
AcDbPolyline
 90
3
 70
0
 10
-2.084114156079983
 20
8.92882484381337
 10
-1.6946303561339544
 20
9.37199791333925
 42
-0.198912367379658
 10
-1.4953368372593454
 20
8.966788890379302
  0
LWPOLYLINE
  5
41D
330
17
100
AcDbEntity
  8
6190-PLAN-0
100
AcDbPolyline
 90
3
 70
0
 10
-0.9122063390946433
 20
9.092328425788068
 10
-1.4133117254493852
 20
9.415894098513853
 42
0.198912367379658
 10
-1.4953368372593454
 20
8.966788890379302
  0
LWPOLYLINE
  5
41E
330
17
100
AcDbEntity
  8
6190-PLAN-0
100
AcDbPolyline
 90
3
 70
0
 10
7.686755689339933
 20
10.094598727661339
 10
8.209562874541483
 20
10.706724243524604
 42
-0.198912367379658
 10
8.489274298414484
 20
10.157756324926648
  0
LWPOLYLINE
  5
41F
330
17
100
AcDbEntity
  8
6190-PLAN-0
100
AcDbPolyline
 90
3
 70
0
 10
9.28942754787601
 20
10.250969610681302
 10
8.657722012754714
 20
10.750851652929153
 42
0.198912367379658
 10
8.489274298414484
 20
10.157756324926648
  0
LINE
  5
420
330
17
100
AcDbEntity
  8
6190-PLAN-0
100
AcDbLine
 10
10.977044664520829
 20
-0.8687399956462314
 30
0.0
 11
10.677969406502585
 21
-0.8922769884131081
 31
0.0
  0
LWPOLYLINE
  5
421
330
17
100
AcDbEntity
  8
6190-PLAN-0
100
AcDbPolyline
 90
3
 70
0
 10
10.726297966544283
 20
0.40551511754190006
 10
11.707219600586086
 20
-0.4322752785696111
 42
-0.198912367379658
 10
10.827507035518984
 20
-0.8805084920369453
  0
LWPOLYLINE
  5
422
330
17
100
AcDbEntity
  8
6190-PLAN-0
100
AcDbPolyline
 90
3
 70
0
 10
10.928716104493683
 20
-2.1665321016012387
 10
11.766506500605189
 20
-1.1856104674575716
 42
0.198912367379658
 10
10.827507035518984
 20
-0.8805084920369453
  0
LINE
  5
423
330
17
100
AcDbEntity
  8
6190-PLAN-0
100
AcDbLine
 10
19.857917456483307
 20
-4.295025373030466
 30
0.0
 11
19.28239678214895
 21
-4.464660137751842
 31
0.0
  0
LWPOLYLINE
  5
424
330
17
100
AcDbEntity
  8
6190-PLAN-0
100
AcDbPolyline
 90
3
 70
0
 10
19.264814542749257
 20
-3.3439055416126
 10
20.213242578004877
 20
-3.860513963850539
 42
-0.198912367379658
 10
19.570157119308853
 20
-4.379842755434811
  0
LWPOLYLINE
  5
425
330
17
100
AcDbEntity
  8
6190-PLAN-0
100
AcDbPolyline
 90
3
 70
0
 10
19.903772156679597
 20
-5.511700081643654
 10
20.468214692170452
 20
-4.475454635780347
 42
0.198912367379658
 10
19.570157119308853
 20
-4.379842755434811
  0
LINE
  5
426
330
17
100
AcDbEntity
  8
6190-PLAN-0
100
AcDbLine
 10
21.336276588397165
 20
-9.310661441498564
 30
0.0
 11
20.760755914062816
 21
-9.480296206321801
 31
0.0
  0
LWPOLYLINE
  5
427
330
17
100
AcDbEntity
  8
6190-PLAN-0
100
AcDbPolyline
 90
3
 70
0
 10
20.58908876336168
 20
-7.836776997543709
 10
22.016121686773324
 20
-8.614081336739343
 42
-0.198912367379658
 10
21.048516251237267
 20
-9.395478823917458
  0
LWPOLYLINE
  5
428
330
17
100
AcDbEntity
  8
6190-PLAN-0
100
AcDbPolyline
 90
3
 70
0
 10
21.50794373899644
 20
-10.954180650276658
 10
22.285248078192076
 20
-9.52714772696688
 42
0.198912367379658
 10
21.048516251237267
 20
-9.395478823917458
  0
LWPOLYLINE
  5
429
330
17
100
AcDbEntity
  8
6190-PLAN-0
100
AcDbPolyline
 90
3
 70
0
 10
22.989312174893914
 20
-16.09617071895568
 10
24.054035952793672
 20
-16.671088705847744
 42
-0.198912367379658
 10
23.33565717120431
 20
-17.25557252957102
  0
LWPOLYLINE
  5
42A
330
17
100
AcDbEntity
  8
6190-PLAN-0
100
AcDbPolyline
 90
3
 70
0
 10
24.716689691306616
 20
-21.879259790406433
 10
25.753974745526225
 20
-22.44179360746592
 42
-0.198912367379658
 10
25.052389510499765
 20
-23.01050256296313
  0
LWPOLYLINE
  5
42B
330
17
100
AcDbEntity
  8
6190-PLAN-0
100
AcDbPolyline
 90
3
 70
0
 10
21.18469196491805
 20
-25.584668696160094
 10
22.28459944979726
 20
-26.17858479934723
 42
-0.198912367379658
 10
21.542481902178352
 20
-26.782382841460176
  0
LWPOLYLINE
  5
42C
330
17
100
AcDbEntity
  8
6190-PLAN-0
100
AcDbPolyline
 90
3
 70
0
 10
19.735416562066636
 20
-25.760242637483834
 10
20.788692805614776
 20
-26.33522885895944
 42
0.198912367379658
 10
20.886771992517605
 20
-25.422040519486472
  0
LWPOLYLINE
  5
42D
330
17
100
AcDbEntity
  8
6190-PLAN-0
100
AcDbPolyline
 90
3
 70
0
 10
20.18059694147738
 20
-28.05791630333823
 10
19.476656151093565
 20
-27.677809997272274
 42
-0.198912367379658
 10
19.95161138158655
 20
-27.29137925034676
  0
LWPOLYLINE
  5
42E
330
17
100
AcDbEntity
  8
6190-PLAN-0
100
AcDbPolyline
 90
3
 70
0
 10
2.4717015113574083
 20
-31.081470845087786
 10
3.261238043533687
 20
-31.513481070734503
 42
-0.198912367379658
 10
2.7245107871798306
 20
-31.9452348410998
  0
LWPOLYLINE
  5
42F
330
17
100
AcDbEntity
  8
6190-PLAN-0
100
AcDbPolyline
 90
3
 70
0
 10
1.4640116555711478
 20
-31.12733230715941
 10
1.8952515267783374
 20
-30.337374748709824
 42
-0.198912367379658
 10
2.327528639280026
 20
-30.873680598069985
  0
LWPOLYLINE
  5
430
330
17
100
AcDbEntity
  8
6190-PLAN-0
100
AcDbPolyline
 90
3
 70
0
 10
3.4997925663802296
 20
-34.59411109548135
 10
3.1253837040929273
 20
-35.278376090016664
 42
0.198912367379658
 10
3.718893938736379
 20
-35.34270655868595
  0
LWPOLYLINE
  5
431
330
17
100
AcDbEntity
  8
6190-PLAN-0
100
AcDbPolyline
 90
3
 70
0
 10
-2.2082682952462465
 20
-36.48595106714023
 10
-3.268836476061744
 20
-35.91092740477173
 42
-0.198912367379658
 10
-2.5516001168030025
 20
-35.32941298356099
  0
LWPOLYLINE
  5
432
330
17
100
AcDbEntity
  8
6190-PLAN-0
100
AcDbPolyline
 90
3
 70
0
 10
-0.7532847541086927
 20
-34.80117118416917
 10
-1.329804513323408
 20
-35.85481154831473
 42
0.198912367379658
 10
-0.4159095388704648
 20
-35.9538684618201
  0
LINE
  5
433
330
17
100
AcDbEntity
  8
6190-PLAN-0
100
AcDbLine
 10
2.2979253320809314
 20
9.792624738242353
 30
0.0
 11
2.3301871042583833
 21
9.292282929081907
 31
0.0
  0
LINE
  5
434
330
17
100
AcDbEntity
  8
6190-PLAN-0
100
AcDbLine
 10
2.824290707590291
 20
9.866062787667556
 30
0.0
 11
2.8565524797677373
 21
9.36572097860897
 31
0.0
  0
LINE
  5
435
330
17
100
AcDbEntity
  8
6190-PLAN-0
100
AcDbLine
 10
4.482838211230573
 20
10.097461924736336
 30
0.0
 11
4.5150999834080245
 21
9.597120115575887
 31
0.0
  0
LINE
  5
436
330
17
100
AcDbEntity
  8
6190-PLAN-0
100
AcDbLine
 10
0.6555087144711713
 20
9.31105469654969
 30
0.0
 11
2.3140562182133153
 21
9.542453833618474
 31
0.0
  0
LINE
  5
437
330
17
100
AcDbEntity
  8
6190-PLAN-0
100
AcDbLine
 10
2.8404215936353583
 20
9.615891883145537
 30
0.0
 11
4.498969097377504
 21
9.847291020199773
 31
0.0
  0
LINE
  5
438
330
17
100
AcDbEntity
  8
6190-PLAN-0
100
AcDbLine
 10
22.642231868600625
 20
-15.807733867048189
 30
0.0
 11
22.642259611072614
 21
-15.807826736093332
 31
0.0
  0
LINE
  5
439
330
17
100
AcDbEntity
  8
6190-PLAN-0
100
AcDbLine
 10
31.522971394627305
 20
-18.865675568309417
 30
0.0
 11
24.673680218610542
 21
-20.86122384219324
 31
0.0
  0
LINE
  5
43A
330
17
100
AcDbEntity
  8
6190-PLAN-0
100
AcDbLine
 10
31.75629132314633
 20
-19.7069552519541
 30
0.0
 11
24.928040399820063
 21
-21.712703314579144
 31
0.0
  0
LINE
  5
43B
330
17
100
AcDbEntity
  8
6190-PLAN-0
100
AcDbLine
 10
25.29441585842968
 20
-22.939157788088625
 30
0.0
 11
27.724526550141793
 21
-31.074037074148876
 31
0.0
  0
LINE
  5
43C
330
17
100
AcDbEntity
  8
6190-PLAN-0
100
AcDbLine
 10
29.399890980254117
 20
-11.578657690343721
 30
0.0
 11
29.397689824033648
 21
-11.579298999492586
 31
0.0
  0
LINE
  5
43D
330
17
100
AcDbEntity
  8
6190-PLAN-0
100
AcDbLine
 10
29.587303875847155
 20
-12.221912232908743
 30
0.0
 11
29.584416777980802
 21
-12.222753391878758
 31
0.0
  0
LINE
  5
43E
330
17
100
AcDbEntity
  8
6190-PLAN-0
100
AcDbLine
 10
22.77815631832199
 20
-14.51589226318388
 30
0.0
 11
22.29810456320308
 21
-14.655755852936561
 31
0.0
  0
LINE
  5
43F
330
17
100
AcDbEntity
  8
6190-PLAN-0
100
AcDbLine
 10
22.586378510511615
 20
-13.873909442375933
 30
0.0
 11
22.106326755305396
 21
-14.01377303221593
 31
0.0
  0
LINE
  5
440
330
17
100
AcDbEntity
  8
6190-PLAN-0
100
AcDbLine
 10
23.57568311941224
 20
-17.185640714143673
 30
0.0
 11
23.699209207099575
 21
-17.599148549492053
 31
0.0
  0
LINE
  5
441
330
17
100
AcDbEntity
  8
6190-PLAN-0
100
AcDbLine
 10
22.346352632908506
 20
-13.943841237295931
 30
0.0
 11
22.53813044071888
 21
-14.585824058103878
 31
0.0
  0
MTEXT
  5
442
330
17
100
AcDbEntity
  8
6190-AIRES-0
100
AcDbMText
 10
-15.429005272895022
 20
-32.639088826837884
 30
0.0
 40
0.45
 71
1
  1
G23\PNd:97.40\PAire:48.37\PHsp:3.57\PP:28.23
  0
LINE
  5
443
330
17
100
AcDbEntity
  8
6190-PLAN-0
100
AcDbLine
 10
-19.935699730114653
 20
-39.14461510801329
 30
0.0
 11
-18.291801106144717
 21
-44.554763704399576
 31
0.0
  0
LINE
  5
444
330
17
100
AcDbEntity
  8
6190-PLAN-0
100
AcDbLine
 10
-20.299703874397608
 20
-39.25371621558116
 30
0.0
 11
-18.657002968221672
 21
-44.659923065672544
 31
0.0
  0
LINE
  5
445
330
17
100
AcDbEntity
  8
6190-PLAN-0
100
AcDbLine
 10
-23.642794567792865
 20
-40.25572375557722
 30
0.0
 11
-22.011093754040605
 21
-45.62572877808402
 31
0.0
  0
LINE
  5
446
330
17
100
AcDbEntity
  8
6190-PLAN-0
100
AcDbLine
 10
-23.978061542719868
 20
-40.356211617754106
 30
0.0
 11
-22.3474638901668
 21
-45.722586084516585
 31
0.0
  0
LINE
  5
447
330
17
100
AcDbEntity
  8
6190-PLAN-0
100
AcDbLine
 10
-21.1644241877008
 20
-45.90224733363921
 30
0.0
 11
-21.302776970232106
 21
-45.42176995892117
 31
0.0
  0
LINE
  5
448
330
17
100
AcDbEntity
  8
6190-PLAN-0
100
AcDbLine
 10
-19.863397762235454
 20
-45.52761860884813
 30
0.0
 11
-20.00175054476675
 21
-45.0471412342174
 31
0.0
  0
LINE
  5
449
330
17
100
AcDbEntity
  8
6190-PLAN-0
100
AcDbLine
 10
-21.990142856455847
 20
-38.141768605030286
 30
0.0
 11
-22.08699549483292
 21
-37.805414680264505
 31
0.0
  0
LINE
  5
44A
330
17
100
AcDbEntity
  8
6190-PLAN-0
100
AcDbLine
 10
-23.28710804222607
 20
-38.5305013720004
 30
0.0
 11
-23.38396068061769
 21
-38.19414744723462
 31
0.0
  0
LINE
  5
44B
330
17
100
AcDbEntity
  8
6190-PLAN-0
100
AcDbLine
 10
-21.302776970232106
 20
-45.42176995892117
 30
0.0
 11
-22.01109375414247
 21
-45.62572877808402
 31
0.0
  0
LINE
  5
44C
330
17
100
AcDbEntity
  8
6190-PLAN-0
100
AcDbLine
 10
-21.1644241877008
 20
-45.90224733363921
 30
0.0
 11
-33.935466081318154
 21
-49.57965083927368
 31
0.0
  0
LINE
  5
44D
330
17
100
AcDbEntity
  8
6190-PLAN-0
100
AcDbLine
 10
-22.347463890166807
 20
-45.72258608441472
 30
0.0
 11
-29.50734250193765
 21
-47.78426303500275
 31
0.0
  0
LINE
  5
44E
330
17
100
AcDbEntity
  8
6190-PLAN-0
100
AcDbLine
 10
-19.93569973011465
 20
-39.144615108115154
 30
0.0
 11
-20.299703874397608
 21
-39.25371621558116
 31
0.0
  0
LINE
  5
44F
330
17
100
AcDbEntity
  8
6190-PLAN-0
100
AcDbLine
 10
-37.57877975905546
 20
-37.869595819580816
 30
0.0
 11
-39.56141132359328
 21
-30.41722117071986
 31
0.0
  0
LINE
  5
450
330
17
100
AcDbEntity
  8
6190-PLAN-0
100
AcDbLine
 10
-39.56141132359328
 20
-30.41722117071986
 30
0.0
 11
-43.427512912071386
 21
-31.530459671845566
 31
0.0
  0
LINE
  5
451
330
17
100
AcDbEntity
  8
6190-PLAN-0
100
AcDbLine
 10
-39.39776682842279
 20
-30.05993897431525
 30
0.0
 11
-43.744430473437646
 21
-31.311554642015604
 31
0.0
  0
LINE
  5
452
330
17
100
AcDbEntity
  8
6190-PLAN-0
100
AcDbLine
 10
-39.933606310879505
 20
-38.54766480484779
 30
0.0
 11
-39.997893975137856
 21
-38.30601841540679
 31
0.0
  0
LINE
  5
453
330
17
100
AcDbEntity
  8
6190-PLAN-0
100
AcDbLine
 10
-39.997893975137856
 20
-38.30601841540679
 30
0.0
 11
-41.509545647413134
 21
-38.74129638299643
 31
0.0
  0
LINE
  5
454
330
17
100
AcDbEntity
  8
6190-PLAN-0
100
AcDbLine
 10
-39.933606310879505
 20
-38.54766480484779
 30
0.0
 11
-41.20485570564553
 21
-38.91371927560172
 31
0.0
  0
LINE
  5
455
330
17
100
AcDbEntity
  8
6190-PLAN-0
100
AcDbLine
 10
-41.74980070241779
 20
-38.81047748731301
 30
0.0
 11
-41.74983432821464
 21
-38.81048716977892
 31
0.0
  0
LINE
  5
456
330
17
100
AcDbEntity
  8
6190-PLAN-0
100
AcDbLine
 10
-41.509545647413134
 20
-38.74129638299643
 30
0.0
 11
-43.427512912071386
 21
-31.530459671845566
 31
0.0
  0
LINE
  5
457
330
17
100
AcDbEntity
  8
6190-PLAN-0
100
AcDbLine
 10
-43.666764573107216
 20
-31.59935185032444
 30
0.0
 11
-43.66780159287289
 21
-31.599650458628062
 31
0.0
  0
LINE
  5
458
330
17
100
AcDbEntity
  8
6190-PLAN-0
100
AcDbLine
 10
-16.926256540702518
 20
-33.45038278683632
 30
0.0
 11
-17.99977608132659
 21
-33.772143329127545
 31
0.0
  0
LINE
  5
459
330
17
100
AcDbEntity
  8
6190-PLAN-0
100
AcDbLine
 10
-17.373415950955227
 20
-32.01848014438414
 30
0.0
 11
-18.446935491491995
 21
-32.340240686573495
 31
0.0
  0
LINE
  5
45A
330
17
100
AcDbEntity
  8
6190-PLAN-0
100
AcDbLine
 10
-17.999776081326598
 20
-33.77214332902568
 30
0.0
 11
-18.446935491491995
 21
-32.340240686573495
 31
0.0
  0
LINE
  5
45B
330
17
100
AcDbEntity
  8
6190-PLAN-0
100
AcDbLine
 10
-16.48207819327145
 20
-34.87273941175801
 30
0.0
 11
-16.926256540702518
 21
-33.45038278683632
 31
0.0
  0
LINE
  5
45C
330
17
100
AcDbEntity
  8
6190-PLAN-0
100
AcDbLine
 10
-21.89455947132764
 20
-17.155943908142234
 30
0.0
 11
-26.876474133989966
 21
-18.649147806524038
 31
0.0
  0
LINE
  5
45D
330
17
100
AcDbEntity
  8
6190-PLAN-0
100
AcDbLine
 10
-29.5115745270111
 20
-9.914138763777366
 30
0.0
 11
-27.90465857523118
 21
-15.240852465760579
 31
0.0
  0
LINE
  5
45E
330
17
100
AcDbEntity
  8
6190-PLAN-0
100
AcDbLine
 10
-21.995645020288716
 20
-16.820858691999977
 30
0.0
 11
-26.642294575485664
 21
-18.213575288013
 31
0.0
  0
LINE
  5
45F
330
17
100
AcDbEntity
  8
6190-PLAN-0
100
AcDbLine
 10
-29.07522387058465
 20
-10.148736677434426
 30
0.0
 11
-27.56939346786767
 21
-15.140365163289943
 31
0.0
  0
LINE
  5
460
330
17
100
AcDbEntity
  8
6190-PLAN-0
100
AcDbLine
 10
-24.4285743153877
 20
-8.756020081421404
 30
0.0
 11
-29.07522387058465
 21
-10.148736677434426
 31
0.0
  0
LINE
  5
461
330
17
100
AcDbEntity
  8
6190-PLAN-0
100
AcDbLine
 10
-24.52965986445064
 20
-8.420934865293706
 30
0.0
 11
-29.51157452709841
 21
-9.914138763777371
 31
0.0
  0
LINE
  5
462
330
17
100
AcDbEntity
  8
6190-PLAN-0
100
AcDbLine
 10
-27.569393467765806
 20
-15.140365163289935
 30
0.0
 11
-27.90465857523118
 21
-15.240852465760579
 31
0.0
  0
LINE
  5
463
330
17
100
AcDbEntity
  8
6190-PLAN-0
100
AcDbLine
 10
-26.743380124548608
 20
-17.8784900718853
 30
0.0
 11
-26.642294575485664
 21
-18.213575288013
 31
0.0
  0
LINE
  5
464
330
17
100
AcDbEntity
  8
6190-PLAN-0
100
AcDbLine
 10
-27.078645232013976
 20
-17.978977374355946
 30
0.0
 11
-26.876474133989966
 21
-18.649147806524038
 31
0.0
  0
LINE
  5
465
330
17
100
AcDbEntity
  8
6190-PLAN-0
100
AcDbLine
 10
-26.743380124548608
 20
-17.8784900718853
 30
0.0
 11
-27.078645232013976
 21
-17.978977374355946
 31
0.0
  0
LINE
  5
466
330
17
100
AcDbEntity
  8
6190-PLAN-0
100
AcDbLine
 10
-28.99146727287571
 20
-10.42637871363914
 30
0.0
 11
-29.32722820295126
 21
-10.527014626468013
 31
0.0
  0
LINE
  5
467
330
17
100
AcDbEntity
  8
6190-PLAN-0
100
AcDbLine
 10
-28.630447454987127
 20
-11.623111628218783
 30
0.0
 11
-28.968345551530504
 21
-11.72438810306853
 31
0.0
  0
LINE
  5
468
330
17
100
AcDbEntity
  8
6190-PLAN-0
100
AcDbLine
 10
-29.159347737855278
 20
-10.476696670002642
 30
0.0
 11
-28.799396503302468
 21
-11.67374986564366
 31
0.0
  0
LINE
  5
469
330
17
100
AcDbEntity
  8
6190-PLAN-0
100
AcDbLine
 10
-25.462495744182263
 20
-5.328707386636058
 30
0.0
 11
-24.529659864450633
 21
-8.42093486539557
 31
0.0
  0
LINE
  5
46A
330
17
100
AcDbEntity
  8
6190-PLAN-0
100
AcDbLine
 10
-23.642794567792865
 20
-40.25572375557722
 30
0.0
 11
-23.978061542719868
 21
-40.356211617754106
 31
0.0
  0
LINE
  5
46B
330
17
100
AcDbEntity
  8
6190-PLAN-0
100
AcDbLine
 10
-13.667685162870818
 20
-36.21154388561759
 30
0.0
 11
-11.708557013476455
 21
-42.65912785054685
 31
0.0
  0
LINE
  5
46C
330
17
100
AcDbEntity
  8
6190-PLAN-0
100
AcDbLine
 10
-20.00175054476675
 20
-45.0471412342174
 30
0.0
 11
-18.657002968221672
 21
-44.659923065672544
 31
0.0
  0
LINE
  5
46D
330
17
100
AcDbEntity
  8
6190-PLAN-0
100
AcDbLine
 10
-31.56522907139562
 20
-41.01166041001491
 30
0.0
 11
-29.50734250193765
 21
-47.78426303500275
 31
0.0
  0
LINE
  5
46E
330
17
100
AcDbEntity
  8
6190-PLAN-0
100
AcDbLine
 10
-32.00225216536184
 20
-40.777264042661805
 30
0.0
 11
-29.84381075106107
 21
-47.88079744677634
 31
0.0
  0
LINE
  5
46F
330
17
100
AcDbEntity
  8
6190-PLAN-0
100
AcDbLine
 10
-31.164022104822777
 20
-42.33205162857395
 30
0.0
 11
-31.504292473138044
 21
-42.43403913232208
 31
0.0
  0
LINE
  5
470
330
17
100
AcDbEntity
  8
6190-PLAN-0
100
AcDbLine
 10
-30.844217159561993
 20
-43.38454492147188
 30
0.0
 11
-31.188475739899424
 21
-43.487727791747425
 31
0.0
  0
LINE
  5
471
330
17
100
AcDbEntity
  8
6190-PLAN-0
100
AcDbLine
 10
-31.33415728903134
 20
-42.38304538040436
 30
0.0
 11
-31.01634644967978
 21
-43.43613635660965
 31
0.0
  0
LINE
  5
472
330
17
100
AcDbEntity
  8
6190-PLAN-0
100
AcDbLine
 10
-10.066548734555187
 20
-34.20258741840191
 30
0.0
 11
-13.926572685429214
 21
-35.35953272987549
 31
0.0
  0
LINE
  5
473
330
17
100
AcDbEntity
  8
6190-PLAN-0
100
AcDbLine
 10
-23.28710804222607
 20
-38.5305013720004
 30
0.0
 11
-31.565229071497484
 21
-41.01166041001492
 31
0.0
  0
LINE
  5
474
330
17
100
AcDbEntity
  8
6190-PLAN-0
100
AcDbLine
 10
-23.38396068061769
 20
-38.19414744723462
 30
0.0
 11
-32.00225216536184
 21
-40.777264042661805
 31
0.0
  0
LINE
  5
475
330
17
100
AcDbEntity
  8
6190-PLAN-0
100
AcDbLine
 10
-14.68298305199497
 20
-35.58624775503738
 30
0.0
 11
-22.08699549483292
 21
-37.805414680264505
 31
0.0
  0
LINE
  5
476
330
17
100
AcDbEntity
  8
6190-PLAN-0
100
AcDbLine
 10
-16.003097223232658
 20
-34.72917688607649
 30
0.0
 11
-18.000247107959066
 21
-28.333864314734498
 31
0.0
  0
LINE
  5
477
330
17
100
AcDbEntity
  8
6190-PLAN-0
100
AcDbLine
 10
-14.68298305199497
 20
-35.58624775503738
 30
0.0
 11
-14.581226933057614
 21
-35.92113198465468
 31
0.0
  0
LINE
  5
478
330
17
100
AcDbEntity
  8
6190-PLAN-0
100
AcDbLine
 10
-13.824816566491855
 20
-35.69441695949279
 30
0.0
 11
-11.708557013476455
 21
-42.65912785054685
 31
0.0
  0
LINE
  5
479
330
17
100
AcDbEntity
  8
6190-PLAN-0
100
AcDbLine
 10
-14.581226933057614
 20
-35.92113198465468
 30
0.0
 11
-21.990142856455847
 21
-38.141768605030286
 31
0.0
  0
LINE
  5
47A
330
17
100
AcDbEntity
  8
6190-PLAN-0
100
AcDbLine
 10
-24.4285743153877
 20
-8.756020081421404
 30
0.0
 11
-21.99564502028871
 21
-16.82085869210184
 31
0.0
  0
LINE
  5
47B
330
17
100
AcDbEntity
  8
6190-PLAN-0
100
AcDbLine
 10
-24.4285743153877
 20
-8.756020081421404
 30
0.0
 11
-24.421396280612466
 21
-8.779814316815902
 31
0.0
  0
LINE
  5
47C
330
17
100
AcDbEntity
  8
6190-PLAN-0
100
AcDbLine
 10
-21.89455947132764
 20
-17.155943908142234
 30
0.0
 11
-18.995919067060687
 21
-26.764553207948115
 31
0.0
  0
LINE
  5
47D
330
17
100
AcDbEntity
  8
6190-PLAN-0
100
AcDbLine
 10
-17.373415950955227
 20
-32.01848014438414
 30
0.0
 11
-18.47823925519852
 21
-28.48059326834457
 31
0.0
  0
LINE
  5
47E
330
17
100
AcDbEntity
  8
6190-PLAN-0
100
AcDbLine
 10
-37.18414004256691
 20
-50.51510192573649
 30
0.0
 11
-37.322440788615985
 21
-50.0349621764763
 31
0.0
  0
LINE
  5
47F
330
17
100
AcDbEntity
  8
6190-PLAN-0
100
AcDbLine
 10
-33.935466081318154
 20
-49.57965083927368
 30
0.0
 11
-34.07384813784834
 21
-49.09922880358786
 31
0.0
  0
LINE
  5
480
330
17
100
AcDbEntity
  8
6190-PLAN-0
100
AcDbLine
 10
-37.322440788615985
 20
-50.0349621764763
 30
0.0
 11
-38.297265758153394
 21
-50.31575338508221
 31
0.0
  0
LINE
  5
481
330
17
100
AcDbEntity
  8
6190-PLAN-0
100
AcDbLine
 10
-37.18414004266877
 20
-50.51510192573649
 30
0.0
 11
-38.65446743492182
 21
-50.93848062507432
 31
0.0
  0
LINE
  5
482
330
17
100
AcDbEntity
  8
6190-PLAN-0
100
AcDbLine
 10
-38.297265758153394
 20
-50.31575338508221
 30
0.0
 11
-41.20485570564553
 21
-38.91371927549986
 31
0.0
  0
LINE
  5
483
330
17
100
AcDbEntity
  8
6190-PLAN-0
100
AcDbLine
 10
-16.003097223232658
 20
-34.72917688607649
 30
0.0
 11
-16.48207819327145
 21
-34.87273941175801
 31
0.0
  0
LINE
  5
484
330
17
100
AcDbEntity
  8
6190-PLAN-0
100
AcDbLine
 10
-26.643525382856197
 20
10.97787321055068
 30
0.0
 11
-25.686186608058172
 21
11.2683991470948
 31
0.0
  0
LINE
  5
485
330
17
100
AcDbEntity
  8
6190-PLAN-0
100
AcDbLine
 10
-28.652972380062458
 20
10.371680984923579
 30
0.0
 11
-27.695587573397916
 21
10.660496379171466
 31
0.0
  0
LINE
  5
486
330
17
100
AcDbEntity
  8
6190-PLAN-0
100
AcDbLine
 10
-23.356874090093388
 20
11.777841397709029
 30
0.0
 11
-23.165319948012268
 21
11.835627759746803
 31
0.0
  0
LINE
  5
487
330
17
100
AcDbEntity
  8
6190-PLAN-0
100
AcDbLine
 10
-23.452817918952967
 20
12.131937414493088
 30
0.0
 11
-23.261263776973717
 21
12.189723776618166
 31
0.0
  0
LINE
  5
488
330
17
100
AcDbEntity
  8
6190-PLAN-0
100
AcDbLine
 10
-24.30506709304277
 20
11.491798905653354
 30
0.0
 11
-24.301922417105864
 21
11.492747563707528
 31
0.0
  0
LINE
  5
489
330
17
100
AcDbEntity
  8
6190-PLAN-0
100
AcDbLine
 10
85.0442912104041
 20
48.60014091472518
 30
0.0
 11
85.76369205533966
 21
60.04317859815049
 31
0.0
  0
LINE
  5
48A
330
17
100
AcDbEntity
  8
6190-PLAN-0
100
AcDbLine
 10
85.76369205533966
 20
60.04317859815049
 30
0.0
 11
86.24869404435074
 21
60.00520399274272
 31
0.0
  0
LINE
  5
48B
330
17
100
AcDbEntity
  8
6190-PLAN-0
100
AcDbLine
 10
85.52929319941519
 20
48.562166309317405
 30
0.0
 11
86.24869404435074
 21
60.00520399274272
 31
0.0
  0
LINE
  5
48C
330
17
100
AcDbEntity
  8
6190-PLAN-0
100
AcDbLine
 10
85.0442912104041
 20
48.60014091472518
 30
0.0
 11
85.52929319941519
 21
48.562166309317405
 31
0.0
  0
LINE
  5
48D
330
17
100
AcDbEntity
  8
6190-PLAN-0
100
AcDbLine
 10
-29.538252848516436
 20
9.913097638715534
 30
0.0
 11
-24.680012048124535
 21
11.37868882252181
 31
0.0
  0
LINE
  5
48E
330
17
100
AcDbEntity
  8
6190-PLAN-0
100
AcDbLine
 10
-24.4285743153877
 20
-8.756020081421404
 30
0.0
 11
-23.76608620712551
 21
-10.952080478744012
 31
0.0
  0
LINE
  5
48F
330
17
100
AcDbEntity
  8
6190-PLAN-0
100
AcDbLine
 10
-24.4285743153877
 20
-8.756020081421404
 30
0.0
 11
-23.766086207227374
 21
-10.95208047874402
 31
0.0
  0
LWPOLYLINE
  5
490
330
17
100
AcDbEntity
  8
6190-PLAN-0
100
AcDbPolyline
 90
2
 70
0
 10
5.231329676200167
 20
10.030856584270147
 10
7.6730233698825945
 20
10.26908988017183
  0
LWPOLYLINE
  5
491
330
17
100
AcDbEntity
  8
6190-PLAN-0
100
AcDbPolyline
 90
2
 70
0
 10
9.275695228418671
 20
10.425460763191793
 10
9.783373891743384
 20
10.474994396958646
  0
LINE
  5
492
330
17
100
AcDbEntity
  8
6190-PLAN-0
100
AcDbLine
 10
14.675710070315894
 20
9.842990052916281
 30
0.0
 11
14.865562857578507
 21
9.852325513587715
 31
0.0
  0
LINE
  5
493
330
17
100
AcDbEntity
  8
6190-PLAN-0
100
AcDbLine
 10
14.802770398850782
 20
10.650204450785235
 30
0.0
 11
14.865562857578507
 21
9.852325513587715
 31
0.0
  0
LINE
  5
494
330
17
100
AcDbEntity
  8
6190-PLAN-0
100
AcDbLine
 10
10.899305227523813
 20
-3.704703725150182
 30
0.0
 11
11.705713896965305
 21
-3.6272461199974853
 31
0.0
  0
LINE
  5
495
330
17
100
AcDbEntity
  8
6190-PLAN-0
100
AcDbLine
 10
11.65784824731111
 20
-3.019036240294973
 30
0.0
 11
11.705713896965305
 21
-3.6272461199974853
 31
0.0
  0
LINE
  5
496
330
17
100
AcDbEntity
  8
6190-PLAN-0
100
AcDbLine
 10
11.657848247209246
 20
-3.0190362402949784
 30
0.0
 11
18.658111113075158
 21
-2.346643174768835
 31
0.0
  0
LWPOLYLINE
  5
497
330
17
100
AcDbEntity
  8
6190-PLAN-0
100
AcDbPolyline
 90
3
 70
0
 10
-23.33553436142188
 20
-38.36232440957386
 10
-22.143565907967258
 20
-39.004541711833504
 42
0.198912367379658
 10
-22.038569175651663
 20
-37.97359164260374
  0
LWPOLYLINE
  5
498
330
17
100
AcDbEntity
  8
6190-PLAN-0
100
AcDbPolyline
 90
3
 70
0
 10
-21.23360057897373
 20
-45.662008646280185
 10
-20.578538482665103
 20
-44.477141526587644
 42
-0.198912367379658
 10
-19.932574153493825
 20
-45.28737992159097
  0
LINE
  5
499
330
17
100
AcDbEntity
  8
6190-PLAN-0
100
AcDbLine
 10
-12.559623892377896
 20
-43.42450722166488
 30
0.0
 11
-12.697976675011066
 21
-42.944029846932295
 31
0.0
  0
LINE
  5
49A
330
17
100
AcDbEntity
  8
6190-PLAN-0
100
AcDbLine
 10
-14.703967044150936
 20
-44.04196780855648
 30
0.0
 11
-14.842319826784099
 21
-43.56149043392575
 31
0.0
  0
LINE
  5
49B
330
17
100
AcDbEntity
  8
6190-PLAN-0
100
AcDbLine
 10
-14.773143435423865
 20
-43.8017291211829
 30
0.0
 11
-12.628800283738137
 21
-43.18426853429132
 31
0.0
  0
LWPOLYLINE
  5
49C
330
17
100
AcDbEntity
  8
6190-PLAN-0
100
AcDbPolyline
 90
6
 70
1
 10
-32.00225216536184
 20
-40.777264042661805
 10
-23.38396068061769
 20
-38.19414744723462
 10
-23.28710804222607
 20
-38.5305013720004
 10
-31.565229071497484
 20
-41.01166041001492
 10
-31.164022104822777
 20
-42.33205162857395
 10
-31.499289079851643
 20
-42.432539490750834
  0
LWPOLYLINE
  5
49D
330
17
100
AcDbEntity
  8
6190-PLAN-0
100
AcDbPolyline
 90
12
 70
1
 10
-30.844217159561993
 20
-43.38454492147188
 10
-29.50734250193765
 20
-47.78426303500275
 10
-22.347463890166807
 20
-45.72258608441472
 10
-23.978061542719868
 20
-40.356211617754106
 10
-23.642794567792865
 20
-40.25572375557722
 10
-22.011093754040605
 20
-45.62572877808402
 10
-21.302776970232106
 20
-45.42176995892117
 10
-21.1644241877008
 20
-45.90224733363921
 10
-33.935466081318154
 20
-49.57965083927368
 10
-34.07384813784834
 20
-49.09922880358786
 10
-29.84381075106107
 20
-47.88079744677634
 10
-31.17948413459085
 20
-43.48503278375063
  0
LWPOLYLINE
  5
49E
330
17
100
AcDbEntity
  8
6190-PLAN-0
100
AcDbPolyline
 90
8
 70
1
 10
-19.863397762235454
 20
-45.52761860884813
 10
-14.703967044150936
 20
-44.04196780855648
 10
-14.842319826784099
 20
-43.56149043392575
 10
-18.291801106144717
 20
-44.554763704399576
 10
-19.935699730114653
 20
-39.14461510801329
 10
-20.299703874397608
 20
-39.25371621558116
 10
-18.657002968221672
 20
-44.659923065672544
 10
-20.00175054476675
 20
-45.0471412342174
  0
LWPOLYLINE
  5
49F
330
17
100
AcDbEntity
  8
6190-PLAN-0
100
AcDbPolyline
 90
14
 70
1
 10
-12.559623892377896
 20
-43.42450722166488
 10
-11.041327829077101
 20
-42.98731601106327
 10
-13.200497860836226
 20
-36.02926891290218
 10
-9.361081188687507
 20
-34.8785001160455
 10
-9.329182878979193
 20
-34.984238790791
 10
-7.832843096137283
 20
-34.579607946073835
 10
-8.197400638554772
 20
-33.75622337433698
 10
-9.35579483864366
 20
-34.06946908833789
 10
-9.637134316365326
 20
-33.89699271819613
 10
-10.115826719755805
 20
-34.041400415371015
 10
-10.067147141159197
 20
-34.20276677573632
 10
-13.926572685429214
 20
-35.35953272987549
 10
-11.708557013476455
 20
-42.65912785054685
 10
-12.697976675011066
 20
-42.944029846932295
  0
LWPOLYLINE
  5
4A0
330
17
100
AcDbEntity
  8
6190-PLAN-0
100
AcDbPolyline
 90
4
 70
1
 10
-14.68298305199497
 20
-35.58624775503738
 10
-22.08699549483292
 20
-37.805414680264505
 10
-21.990142856455847
 20
-38.141768605030286
 10
-14.581226933057614
 20
-35.92113198465468
  0
LWPOLYLINE
  5
4A1
330
17
100
AcDbEntity
  8
6190-PLAN-0
100
AcDbPolyline
 90
6
 70
1
 10
-37.322440788615985
 20
-50.0349621764763
 10
-38.297265758153394
 20
-50.31575338508221
 10
-41.20485570564553
 20
-38.91371927560172
 10
-41.685559285864436
 20
-39.052137193683215
 10
-38.65446743492182
 20
-50.93848062507432
 10
-37.18414004266877
 20
-50.51510192573649
  0
LWPOLYLINE
  5
4A2
330
17
100
AcDbEntity
  8
6190-PLAN-0
100
AcDbPolyline
 90
10
 70
1
 10
-39.997893975137856
 20
-38.30601841540679
 10
-39.933606310879505
 20
-38.54766480484779
 10
-41.685559285864436
 20
-39.052137193683215
 10
-43.74335336497224
 20
-31.31124449011061
 10
-39.39776682842279
 20
-30.05993897431525
 10
-37.33849133544062
 20
-37.80040510680828
 10
-37.57877975905546
 20
-37.869595819580816
 10
-39.56141132359328
 20
-30.41722117071986
 10
-43.427512912071386
 20
-31.530459671845566
 10
-41.509545647413134
 20
-38.74129638299643
  0
LWPOLYLINE
  5
4A3
330
17
100
AcDbEntity
  8
6190-PLAN-0
100
AcDbPolyline
 90
4
 70
1
 10
-49.229463188825775
 20
-10.689891283176674
 10
-44.86022256783911
 20
-9.52749744539162
 10
-39.39776682842279
 20
-30.05993897431525
 10
-43.74443047353951
 20
-31.311554642015608
  0
MTEXT
  5
4A4
330
17
100
AcDbEntity
  8
6190-AIRES-0
100
AcDbMText
 10
-17.493438090339602
 20
-42.056381417285785
 30
0.0
 40
0.45
 71
1
  1
G25\PNd:97.61\PAire:128.84\PHsp:10.55\PP:73.93
  0
MTEXT
  5
4A5
330
17
100
AcDbEntity
  8
6190-AIRES-0
100
AcDbMText
 10
-18.344569392080096
 20
-22.354026771514786
 30
0.0
 40
0.45
 71
1
  1
G19\PNd:97.25\PAire:63.48\PHsp:3.97\PP:33.32
  0
MTEXT
  5
4A6
330
17
100
AcDbEntity
  8
6190-AIRES-0
100
AcDbMText
 10
-20.837640517544468
 20
-12.547692807168122
 30
0.0
 40
0.45
 71
1
  1
G17\PNd:97.56\PAire:56.11\PHsp:3.60\PP:31.46
  0
MTEXT
  5
4A7
330
17
100
AcDbEntity
  8
6190-AIRES-0
100
AcDbMText
 10
-23.360988994096413
 20
-4.389449962499155
 30
0.0
 40
0.45
 71
1
  1
G14\PNd:97.60\PAire:36.57\PHsp:3.33\PP:25.12
  0
MTEXT
  5
4A8
330
17
100
AcDbEntity
  8
6190-AIRES-0
100
AcDbMText
 10
-26.177404470766106
 20
-0.11309908981912686
 30
0.0
 40
0.45
 71
1
  1
G12\PNd:97.60\PAire:12.70\PHsp:3.32\PP:14.26
  0
MTEXT
  5
4A9
330
17
100
AcDbEntity
  8
6190-AIRES-0
100
AcDbMText
 10
-27.235968746173512
 20
3.4373285425639573
 30
0.0
 40
0.45
 71
1
  1
G11\PNd:97.60\PAire:12.33\PHsp:3.38\PP:13.79
  0
MTEXT
  5
4AA
330
17
100
AcDbEntity
  8
6190-AIRES-0
100
AcDbMText
 10
-19.885030721070443
 20
5.633007190184164
 30
0.0
 40
0.45
 71
1
  1
G10\PNd:97.58\PAire:25.39\PHsp:3.36\PP:21.58
  0
MTEXT
  5
4AB
330
17
100
AcDbEntity
  8
6190-AIRES-0
100
AcDbMText
 10
-17.827384060294495
 20
14.178664054624083
 30
0.0
 40
0.45
 71
1
  1
G3\PNd:97.58\PAire:66.58\PHsp:3.63\PP:66.58
  0
MTEXT
  5
4AC
330
17
100
AcDbEntity
  8
6190-AIRES-0
100
AcDbMText
 10
-12.83657253761601
 20
8.15836080115206
 30
0.0
 40
0.45
 71
1
  1
G6\PNd:97.58\PAire:32.47\PHsp:3.63\PP:32.46
  0
MTEXT
  5
4AD
330
17
100
AcDbEntity
  8
6190-AIRES-0
100
AcDbMText
 10
10.002616098771233
 20
14.631514203850646
 30
0.0
 40
0.45
 71
1
  1
G2\PNd:96.33\PAire:244.98\PHsp:4.40\PP:71.22
  0
MTEXT
  5
4AE
330
17
100
AcDbEntity
  8
6190-AIRES-0
100
AcDbMText
 10
-5.357034833003573
 20
17.6001769741735
 30
0.0
 40
0.45
 71
1
  1
G1\PNd:/\PAire:68.58\PHsp:3.8\PP:33.15
  0
MTEXT
  5
4AF
330
17
100
AcDbEntity
  8
6190-AIRES-0
100
AcDbMText
 10
-3.720030656955756
 20
10.073744161097625
 30
0.0
 40
0.45
 71
1
  1
G5\PNd:96.33\PAire:27.63\PHsp:3.06\PP:21.70
  0
MTEXT
  5
4B0
330
17
100
AcDbEntity
  8
6190-AIRES-0
100
AcDbMText
 10
1.5910809334834237
 20
10.59890856236564
 30
0.0
 40
0.45
 71
1
  1
G4\PNd:96.33\PAire:21.09\PHsp:3.06\PP:18.43
  0
MTEXT
  5
4B1
330
17
100
AcDbEntity
  8
6190-AIRES-0
100
AcDbMText
 10
19.19995362215319
 20
6.032730474721034
 30
0.0
 40
0.45
 71
1
  1
G8\PNd:96.30\PAire:120.73\PHsp:11.70\PP:48.78
  0
MTEXT
  5
4B2
330
17
100
AcDbEntity
  8
6190-AIRES-0
100
AcDbMText
 10
19.977965179898273
 20
-1.1650189572498608
 30
0.0
 40
0.45
 71
1
  1
G13\PNd:96.30\PAire:71.69\PHsp:3.97\PP:44.06
  0
MTEXT
  5
4B3
330
17
100
AcDbEntity
  8
6190-AIRES-0
100
AcDbMText
 10
21.800068144771185
 20
-5.149164668332406
 30
0.0
 40
0.45
 71
1
  1
G15\PNd:96.38\PAire:27.12\PHsp:2.93\PP:21.94
  0
MTEXT
  5
4B4
330
17
100
AcDbEntity
  8
6190-AIRES-0
100
AcDbMText
 10
23.587301175060052
 20
-9.48030623715872
 30
0.0
 40
0.45
 71
1
  1
G16\PNd:96.46\PAire:28.16\PHsp:3.23\PP:22.05
  0
MTEXT
  5
4B5
330
17
100
AcDbEntity
  8
6190-AIRES-0
100
AcDbMText
 10
25.305736642031576
 20
-16.185452030986102
 30
0.0
 40
0.45
 71
1
  1
G18\PNd:96.50\PAire:69.80\PHsp:3.31\PP:33.81
  0
MTEXT
  5
4B6
330
17
100
AcDbEntity
  8
6190-AIRES-0
100
AcDbMText
 10
28.556650702212075
 20
-25.697707492161356
 30
0.0
 40
0.45
 71
1
  1
G20\PNd:96.50\PAire:69.15\PHsp:3.31\PP:33.69
  0
MTEXT
  5
4B7
330
17
100
AcDbEntity
  8
6190-AIRES-0
100
AcDbMText
 10
23.080156732826683
 20
-29.48516518760074
 30
0.0
 40
0.45
 71
1
  1
G21\PNd:96.48\PAire:28.60\PHsp:3.31\PP:22.38
  0
MTEXT
  5
4B8
330
17
100
AcDbEntity
  8
6190-AIRES-0
100
AcDbMText
 10
18.599094830656327
 20
-32.04836191177519
 30
0.0
 40
0.45
 71
1
  1
G22\PNd:96.48\PAire:25.59\PHsp:3.31\PP:20.26
  0
MTEXT
  5
4B9
330
17
100
AcDbEntity
  8
6190-AIRES-0
100
AcDbMText
 10
0.7918444322585199
 20
-37.42278825547922
 30
0.0
 40
0.45
 71
1
  1
G24\PNd:96.89\PAire:18.06\PHsp:2.80\PP:17.02
  0
LINE
  5
4BA
330
17
100
AcDbEntity
  8
6190-PLAN-0
100
AcDbLine
 10
6.335308136475617
 20
-37.83851532828056
 30
0.0
 11
6.205523390912476
 21
-37.39508464277472
 31
0.0
  0
LINE
  5
4BB
330
17
100
AcDbEntity
  8
6190-PLAN-0
100
AcDbLine
 10
7.582261457826823
 20
-37.470937150342564
 30
0.0
 11
7.452825700709334
 21
-37.02869884068552
 31
0.0
  0
LINE
  5
4BC
330
17
100
AcDbEntity
  8
6190-PLAN-0
100
AcDbLine
 10
6.272159753794767
 20
-37.62275861132609
 30
0.0
 11
7.519640164547974
 21
-37.25698132020366
 31
0.0
  0
LINE
  5
4BD
330
17
100
AcDbEntity
  8
6190-PLAN-0
100
AcDbLine
 10
13.9903772047569
 20
-27.197665378015614
 30
0.0
 11
14.127768540627368
 21
-27.657587609845425
 31
0.0
  0
LINE
  5
4BE
330
17
100
AcDbEntity
  8
6190-PLAN-0
100
AcDbLine
 10
13.9903772047569
 20
-27.197665378015614
 30
0.0
 11
14.127768540627368
 21
-27.657587609845425
 31
0.0
  0
LINE
  5
4BF
330
17
100
AcDbEntity
  8
6190-PLAN-0
100
AcDbLine
 10
13.347530339472122
 20
-27.386496876658075
 30
0.0
 11
13.484921675429906
 21
-27.846419108487883
 31
0.0
  0
LINE
  5
4C0
330
17
100
AcDbEntity
  8
6190-PLAN-0
100
AcDbLine
 10
13.416226007407358
 20
-27.616457992565703
 30
0.0
 11
14.059072872692134
 21
-27.427626493923245
 31
0.0
  0
LINE
  5
4C1
330
17
100
AcDbEntity
  8
6190-PLAN-0
100
AcDbLine
 10
9.035298179294015
 20
-28.653183089234357
 30
0.0
 11
9.17268951526635
 21
-29.113105321078713
 31
0.0
  0
LINE
  5
4C2
330
17
100
AcDbEntity
  8
6190-PLAN-0
100
AcDbLine
 10
8.39245131400924
 20
-28.842014587876815
 30
0.0
 11
8.529842649967017
 21
-29.30193681961931
 31
0.0
  0
LINE
  5
4C3
330
17
100
AcDbEntity
  8
6190-PLAN-0
100
AcDbLine
 10
8.461146982046333
 20
-29.071975703697127
 30
0.0
 11
9.103115023098038
 21
-28.88020231096956
 31
0.0
  0
LINE
  5
4C4
330
17
100
AcDbEntity
  8
6190-PLAN-0
100
AcDbLine
 10
11.902383965712534
 20
-28.311277822708092
 30
0.0
 11
11.767103118490308
 21
-27.850735650565543
 31
0.0
  0
LINE
  5
4C5
330
17
100
AcDbEntity
  8
6190-PLAN-0
100
AcDbLine
 10
10.751028535159701
 20
-28.64947994070546
 30
0.0
 11
10.615747688039338
 21
-28.188937768562905
 31
0.0
  0
LWPOLYLINE
  5
4C6
330
17
100
AcDbEntity
  8
6190-PLAN-0
100
AcDbPolyline
 90
3
 70
0
 10
10.683388111592244
 20
-28.41920885462691
 10
11.736664355154929
 20
-28.99419507600065
 42
0.198912367379658
 10
11.834743542057765
 20
-28.081006736629547
  0
LINE
  5
4C7
330
17
100
AcDbEntity
  8
6190-PLAN-0
100
AcDbLine
 10
10.615747687937475
 20
-28.18893776856291
 30
0.0
 11
2.2601128323765827
 21
-30.643343532440586
 31
0.0
  0
LINE
  5
4C8
330
17
100
AcDbEntity
  8
6190-PLAN-0
100
AcDbLine
 10
10.751028535159701
 20
-28.64947994070546
 30
0.0
 11
6.031310410985333
 21
-30.035862132862633
 31
0.0
  0
LWPOLYLINE
  5
4C9
330
17
100
AcDbEntity
  8
6190-PLAN-0
100
AcDbPolyline
 90
10
 70
1
 10
0.3618850514722718
 20
-38.61133014424006
 10
0.4967166651918413
 20
-39.072004275397
 10
4.392137724988505
 20
-37.927753231964395
 10
3.6421368734896795
 20
-35.36525337729755
 10
3.7956510039976292
 20
-35.3201597400598
 10
4.545651855511012
 20
-37.88265959481396
 10
6.205523390912476
 20
-37.39508464277472
 10
6.335308136475617
 20
-37.83851532828056
 10
0.16768517011984674
 20
-39.656613546752546
 10
-0.09910657326320482
 20
-38.746743014793054
  0
LINE
  5
4CA
330
17
100
AcDbEntity
  8
6190-PLAN-0
100
AcDbLine
 10
16.62829005717795
 20
-29.320252566632107
 30
0.0
 11
18.005065736086312
 21
-33.9290565977304
 31
0.0
  0
LINE
  5
4CB
330
17
100
AcDbEntity
  8
6190-PLAN-0
100
AcDbLine
 10
-37.25329041559145
 20
-50.27503205110639
 30
0.0
 11
-34.0046571096269
 21
-49.33943982147443
 31
0.0
  0
LINE
  5
4CC
330
17
100
AcDbEntity
  8
6190-PLAN-0
100
AcDbLine
 10
-9.594556531690099
 20
23.8838773679664
 30
0.0
 11
-8.964182203987782
 21
23.888920488201794
 31
0.0
  0
LINE
  5
4CD
330
17
100
AcDbEntity
  8
6190-PLAN-0
100
AcDbLine
 10
-8.964182203987782
 20
23.888920488201794
 30
0.0
 11
-8.927731782792563
 21
23.04918521798211
 31
0.0
  0
LWPOLYLINE
  5
4CE
330
17
100
AcDbEntity
  8
6190-PLAN-0
100
AcDbPolyline
 90
2
 70
0
 10
-9.594556531690092
 20
23.883877367864535
 10
-9.467059894493701
 20
20.946643191447087
  0
LINE
  5
4CF
330
17
100
AcDbEntity
  8
6190-PLAN-0
100
AcDbLine
 10
-10.614173824249438
 20
20.93746605129384
 30
0.0
 11
-9.467059894493701
 21
20.946643191447087
 31
0.0
  0
LINE
  5
4D0
330
17
100
AcDbEntity
  8
6190-PLAN-0
100
AcDbLine
 10
-7.513319212981286
 20
26.898220539233968
 30
0.0
 11
-7.346792992766537
 21
23.06183304345933
 31
0.0
  0
LINE
  5
4D1
330
17
100
AcDbEntity
  8
6190-PLAN-0
100
AcDbLine
 10
-7.063742553251756
 20
26.917735330641285
 30
0.0
 11
-6.896525615863335
 21
23.065435272211367
 31
0.0
  0
LINE
  5
4D2
330
17
100
AcDbEntity
  8
6190-PLAN-0
100
AcDbLine
 10
-7.513319212981286
 20
26.898220539233968
 30
0.0
 11
-7.063742553251756
 21
26.917735330641285
 31
0.0
  0
LINE
  5
4D3
330
17
100
AcDbEntity
  8
6190-PLAN-0
100
AcDbLine
 10
-6.896525615863335
 20
23.065435272211367
 30
0.0
 11
3.934345436453075
 21
23.15208439991183
 31
0.0
  0
LINE
  5
4D4
330
17
100
AcDbEntity
  8
6190-PLAN-0
100
AcDbLine
 10
-7.554083443906783
 20
27.83733622831063
 30
0.0
 11
-4.526933935424103
 21
27.96873582387289
 31
0.0
  0
LINE
  5
4D5
330
17
100
AcDbEntity
  8
6190-PLAN-0
100
AcDbLine
 10
-7.1196849553219534
 20
28.206521755061516
 30
0.0
 11
-4.542112106670671
 21
28.31840655921646
 31
0.0
  0
LINE
  5
4D6
330
17
100
AcDbEntity
  8
6190-PLAN-0
100
AcDbLine
 10
-7.184734260046958
 20
29.705110620647144
 30
0.0
 11
-3.6880269071205367
 21
29.856892331628497
 31
0.0
  0
LINE
  5
4D7
330
17
100
AcDbEntity
  8
6190-PLAN-0
100
AcDbLine
 10
-7.554083443906783
 20
27.83733622831063
 30
0.0
 11
-7.8854012360071435
 21
35.47014885021322
 31
0.0
  0
LINE
  5
4D8
330
17
100
AcDbEntity
  8
6190-PLAN-0
100
AcDbLine
 10
-7.1196849553219534
 20
28.206521755061516
 30
0.0
 11
-7.184734260046953
 21
29.70511062054528
 31
0.0
  0
LINE
  5
4D9
330
17
100
AcDbEntity
  8
6190-PLAN-0
100
AcDbLine
 10
-7.199912431177107
 20
30.054781355903412
 30
0.0
 11
-3.703205078265241
 21
30.206563066972063
 31
0.0
  0
LINE
  5
4DA
330
17
100
AcDbEntity
  8
6190-PLAN-0
100
AcDbLine
 10
-7.301823008578155
 20
32.40257057858776
 30
0.0
 11
-3.805115655651739
 21
32.55435228967098
 31
0.0
  0
LINE
  5
4DB
330
17
100
AcDbEntity
  8
6190-PLAN-0
100
AcDbLine
 10
-7.317001179722856
 20
32.75224131384403
 30
0.0
 11
-3.8202938267964397
 21
32.90402302492724
 31
0.0
  0
LINE
  5
4DC
330
17
100
AcDbEntity
  8
6190-PLAN-0
100
AcDbLine
 10
-7.420646405234776
 20
35.13999290636427
 30
0.0
 11
-3.923939052322905
 21
35.29177461734562
 31
0.0
  0
LINE
  5
4DD
330
17
100
AcDbEntity
  8
6190-PLAN-0
100
AcDbLine
 10
-7.8854012360071435
 20
35.47014885021322
 30
0.0
 11
-3.589446488109485
 21
35.65662352383389
 31
0.0
  0
LINE
  5
4DE
330
17
100
AcDbEntity
  8
6190-PLAN-0
100
AcDbLine
 10
-3.622977602410084
 20
28.358303466042866
 30
0.0
 11
-3.6880269071205367
 21
29.856892331628497
 31
0.0
  0
LINE
  5
4DF
330
17
100
AcDbEntity
  8
6190-PLAN-0
100
AcDbLine
 10
-3.258128696009119
 20
28.023810901829442
 30
0.0
 11
-3.385191671206905
 21
30.95105448594072
 31
0.0
  0
LINE
  5
4E0
330
17
100
AcDbEntity
  8
6190-PLAN-0
100
AcDbLine
 10
-3.6577523935092975
 20
28.006464420662574
 30
0.0
 11
-3.6729305645375794
 21
28.356135155904287
 31
0.0
  0
LINE
  5
4E1
330
17
100
AcDbEntity
  8
6190-PLAN-0
100
AcDbLine
 10
-4.526933935525967
 20
27.968735823872887
 30
0.0
 11
-4.5421121065688075
 21
28.318406559216463
 31
0.0
  0
LINE
  5
4E2
330
17
100
AcDbEntity
  8
6190-PLAN-0
100
AcDbLine
 10
-3.672930564639443
 20
28.356135155904283
 30
0.0
 11
-3.6229776024100895
 21
28.35830346614473
 31
0.0
  0
LINE
  5
4E3
330
17
100
AcDbEntity
  8
6190-PLAN-0
100
AcDbLine
 10
-3.657752393407434
 20
28.006464420662578
 30
0.0
 11
-3.2581286959218128
 21
28.02381090193131
 31
0.0
  0
LINE
  5
4E4
330
17
100
AcDbEntity
  8
6190-PLAN-0
100
AcDbLine
 10
-3.7348624065650293
 20
30.935876314796015
 30
0.0
 11
-3.385191671206905
 21
30.95105448594072
 31
0.0
  0
LINE
  5
4E5
330
17
100
AcDbEntity
  8
6190-PLAN-0
100
AcDbLine
 10
-3.422920267996594
 20
31.82023602797194
 30
0.0
 11
-3.527866479635315
 21
34.23795939771628
 31
0.0
  0
LINE
  5
4E6
330
17
100
AcDbEntity
  8
6190-PLAN-0
100
AcDbLine
 10
-3.772591003252855
 20
31.805057856827244
 30
0.0
 11
-3.8051156556517336
 21
32.55435228956912
 31
0.0
  0
LINE
  5
4E7
330
17
100
AcDbEntity
  8
6190-PLAN-0
100
AcDbLine
 10
-3.772591003252855
 20
31.805057856827244
 30
0.0
 11
-3.422920267996594
 21
31.82023602797194
 31
0.0
  0
LINE
  5
4E8
330
17
100
AcDbEntity
  8
6190-PLAN-0
100
AcDbLine
 10
-3.9165667978080725
 20
35.12193454601609
 30
0.0
 11
-3.5668960624499446
 21
35.137112717058926
 31
0.0
  0
LINE
  5
4E9
330
17
100
AcDbEntity
  8
6190-PLAN-0
100
AcDbLine
 10
-3.8775372148915794
 20
34.22278122667345
 30
0.0
 11
-3.527866479635315
 21
34.23795939771628
 31
0.0
  0
LINE
  5
4EA
330
17
100
AcDbEntity
  8
6190-PLAN-0
100
AcDbLine
 10
-3.5668960624499446
 20
35.137112717058926
 30
0.0
 11
-3.589446488109485
 21
35.65662352383389
 31
0.0
  0
LINE
  5
4EB
330
17
100
AcDbEntity
  8
6190-PLAN-0
100
AcDbLine
 10
-3.916566797706209
 20
35.12193454601609
 30
0.0
 11
-3.923939052322905
 21
35.29177461734562
 31
0.0
  0
LINE
  5
4EC
330
17
100
AcDbEntity
  8
6190-PLAN-0
100
AcDbLine
 10
-7.317001179722856
 20
32.75224131384403
 30
0.0
 11
-7.420646405234776
 21
35.13999290636427
 31
0.0
  0
LINE
  5
4ED
330
17
100
AcDbEntity
  8
6190-PLAN-0
100
AcDbLine
 10
-3.8202938267964397
 20
32.90402302492724
 30
0.0
 11
-3.8775372148915794
 21
34.22278122667345
 31
0.0
  0
LINE
  5
4EE
330
17
100
AcDbEntity
  8
6190-PLAN-0
100
AcDbLine
 10
-7.199912431177107
 20
30.054781355903412
 30
0.0
 11
-7.301823008578155
 21
32.40257057858776
 31
0.0
  0
LINE
  5
4EF
330
17
100
AcDbEntity
  8
6190-PLAN-0
100
AcDbLine
 10
-3.703205078265241
 20
30.206563066972063
 30
0.0
 11
-3.7348624065650293
 21
30.935876314796015
 31
0.0
  0
LWPOLYLINE
  5
4F0
330
17
100
AcDbEntity
  8
6190-PLAN-0
100
AcDbPolyline
 90
3
 70
0
 10
-3.7417314301290068
 20
35.129523631486585
 10
-3.078335937974539
 20
34.521324304769436
 42
-0.198912367379658
 10
-3.702701847212519
 20
34.2303703122458
  0
LWPOLYLINE
  5
4F1
330
17
100
AcDbEntity
  8
6190-PLAN-0
100
AcDbPolyline
 90
3
 70
0
 10
-3.597755635573793
 20
31.812646942399592
 10
-2.956473326559533
 20
31.22472092654974
 42
-0.198912367379658
 10
-3.560027038885967
 20
30.94346540036837
  0
LWPOLYLINE
  5
4F2
330
17
100
AcDbEntity
  8
6190-PLAN-0
100
AcDbPolyline
 90
3
 70
0
 10
-4.5345230209964535
 20
28.1435711915374
 10
-3.8932407119821955
 20
27.555645175702097
 42
0.198912367379658
 10
-3.6653414790670906
 20
28.18129978823977
  0
MTEXT
  5
4F3
330
17
100
AcDbEntity
  8
6190-AIRES-0
100
AcDbMText
 10
-27.64801415816146
 20
7.671324754411436
 30
0.0
 40
0.45
 71
1
  1
G7\PNd:97.60\PAire:19.42\PHsp:3.10\PP:17.78
  0
MTEXT
  5
4F4
330
17
100
AcDbEntity
  8
6190-AIRES-0
100
AcDbMText
 10
-32.555566454934926
 20
5.775014705673784
 30
0.0
 40
0.45
 71
1
  1
G9\PNd:97.60\PAire:18.91\PHsp:2.60\PP:18.91
  0
LWPOLYLINE
  5
4F5
330
17
100
AcDbEntity
  8
6190-PLAN-0
100
AcDbPolyline
 90
3
 70
0
 10
-29.671918911332277
 20
5.024057198377052
 10
-33.74388696958521
 20
3.9733915291915123
 10
-41.508866335890566
 20
2.816443718433744
  0
LWPOLYLINE
  5
4F6
330
17
100
AcDbEntity
  8
6190-PLAN-0
100
AcDbPolyline
 90
3
 70
0
 10
-34.59298890595588
 20
8.71151174901906
 10
-34.69980395871543
 20
8.6839508970535
 10
-35.70571378929308
 20
8.534074751626932
  0
LWPOLYLINE
  5
4F7
330
17
100
AcDbEntity
  8
6190-PLAN-0
100
AcDbPolyline
 90
3
 70
0
 10
-30.110985104306025
 20
10.113761053399251
 10
-34.74719950610388
 20
8.917506260443183
 10
-42.425930012348374
 20
7.773409150897364
  0
LINE
  5
4F8
330
17
100
AcDbEntity
  8
6190-PLAN-0
100
AcDbLine
 10
-30.110985104306025
 20
10.113761053399251
 30
0.0
 11
-23.357040847956064
 21
12.160830595504695
 31
0.0
  0
LWPOLYLINE
  5
4F9
330
17
100
AcDbEntity
  8
6190-PLAN-0
100
AcDbPolyline
 90
2
 70
0
 10
-30.009956519182765
 20
9.745523218039022
 10
-34.30914993141601
 20
8.636227944085014
  0
LINE
  5
4FA
330
17
100
AcDbEntity
  8
6190-PLAN-0
100
AcDbLine
 10
-33.20261490750557
 20
4.102605962601342
 30
0.0
 11
-33.20553880629291
 21
4.112298299926097
 31
0.0
  0
LINE
  5
4FB
330
17
100
AcDbEntity
  8
6190-PLAN-0
100
AcDbLine
 10
-29.78753975294417
 20
5.407324985716582
 30
0.0
 11
-33.823546718691524
 21
4.36593814325277
 31
0.0
  0
LINE
  5
4FC
330
17
100
AcDbEntity
  8
6190-PLAN-0
100
AcDbLine
 10
-33.823546718691524
 20
4.36593814325277
 30
0.0
 11
-41.58167820630517
 21
3.2100106362585903
 31
0.0
  0
LINE
  5
4FD
330
17
100
AcDbEntity
  8
6190-PLAN-0
100
AcDbLine
 10
-40.81710370606257
 20
5.505802875437481
 30
0.0
 11
-41.06752778165805
 21
6.843503714886999
 31
0.0
  0
LINE
  5
4FE
330
17
100
AcDbEntity
  8
6190-PLAN-0
100
AcDbLine
 10
-39.893636639997816
 20
4.703129218759317
 30
0.0
 11
-40.064882515205994
 21
5.617880528092621
 31
0.0
  0
LWPOLYLINE
  5
4FF
330
17
100
AcDbEntity
  8
6190-PLAN-0
100
AcDbPolyline
 90
2
 70
0
 10
-41.06752778165805
 20
6.843503714886999
 10
-41.96075865863535
 20
6.710416238545405
  0
LWPOLYLINE
  5
500
330
17
100
AcDbEntity
  8
6190-PLAN-0
100
AcDbPolyline
 90
2
 70
0
 10
-41.030700711735506
 20
6.646783003182702
 10
-41.92393158871282
 20
6.513695526841109
  0
LWPOLYLINE
  5
501
330
17
100
AcDbEntity
  8
6190-PLAN-0
100
AcDbPolyline
 90
2
 70
0
 10
-40.99387364171111
 20
6.450062291565721
 10
-41.88710451879029
 20
6.316974815224122
  0
LWPOLYLINE
  5
502
330
17
100
AcDbEntity
  8
6190-PLAN-0
100
AcDbPolyline
 90
2
 70
0
 10
-40.95704657178858
 20
6.2533415798614245
 10
-41.85027744886774
 20
6.120254103519826
  0
LWPOLYLINE
  5
503
330
17
100
AcDbEntity
  8
6190-PLAN-0
100
AcDbPolyline
 90
2
 70
0
 10
-40.920219501866036
 20
6.056620868157126
 10
-41.813450378945205
 20
5.923533391815526
  0
LWPOLYLINE
  5
504
330
17
100
AcDbEntity
  8
6190-PLAN-0
100
AcDbPolyline
 90
2
 70
0
 10
-40.8833924319435
 20
5.859900156452826
 10
-41.776623309022675
 20
5.726812680111228
  0
LWPOLYLINE
  5
505
330
17
100
AcDbEntity
  8
6190-PLAN-0
100
AcDbPolyline
 90
2
 70
0
 10
-40.84656536202097
 20
5.663179444733978
 10
-41.73979623910013
 20
5.530091968392379
  0
LWPOLYLINE
  5
506
330
17
100
AcDbEntity
  8
6190-PLAN-0
100
AcDbPolyline
 90
2
 70
0
 10
-40.064882515205994
 20
5.617880528092621
 10
-40.81710370606257
 20
5.505802875437481
  0
LWPOLYLINE
  5
507
330
17
100
AcDbEntity
  8
6190-PLAN-0
100
AcDbPolyline
 90
2
 70
0
 10
-39.893636639997816
 20
4.703129218759317
 10
-41.539088707933544
 20
4.457964089748025
  0
LINE
  5
508
330
17
100
AcDbEntity
  8
6190-PLAN-0
100
AcDbLine
 10
-41.47315877931675
 20
4.1057834115421326
 30
0.0
 11
-42.12315656370707
 21
7.577903972798468
 31
0.0
  0
LINE
  5
509
330
17
100
AcDbEntity
  8
6190-PLAN-0
100
AcDbLine
 10
-42.71982026067683
 20
3.040432470550951
 30
0.0
 11
-42.96556032322063
 21
4.368720818144327
 31
0.0
  0
LINE
  5
50A
330
17
100
AcDbEntity
  8
6190-PLAN-0
100
AcDbLine
 10
-42.9375517840625
 20
3.007991430103842
 30
0.0
 11
-43.18329184662085
 21
4.3362797777990805
 31
0.0
  0
LINE
  5
50B
330
17
100
AcDbEntity
  8
6190-PLAN-0
100
AcDbLine
 10
-46.01548377443423
 20
2.5493930861306486
 30
0.0
 11
-46.42505054541817
 21
4.7632069990045505
 31
0.0
  0
LINE
  5
50C
330
17
100
AcDbEntity
  8
6190-PLAN-0
100
AcDbLine
 10
-46.579606357958674
 20
2.4653412996327644
 30
0.0
 11
-46.9891731288553
 21
4.679155212492119
 31
0.0
  0
LINE
  5
50D
330
17
100
AcDbEntity
  8
6190-PLAN-0
100
AcDbLine
 10
-51.795266033012396
 20
1.6882309226616927
 30
0.0
 11
-52.59619660728204
 21
6.017467018764115
 31
0.0
  0
LINE
  5
50E
330
17
100
AcDbEntity
  8
6190-PLAN-0
100
AcDbLine
 10
-52.019360785511516
 20
1.2504262224909848
 30
0.0
 11
-53.97581391157832
 21
11.825559406844643
 31
0.0
  0
LINE
  5
50F
330
17
100
AcDbEntity
  8
6190-PLAN-0
100
AcDbLine
 10
-50.54825821699883
 20
1.8740296085928838
 30
0.0
 11
-50.96692647168638
 21
4.137039386173068
 31
0.0
  0
LWPOLYLINE
  5
510
330
17
100
AcDbEntity
  8
6190-PLAN-0
100
AcDbPolyline
 90
2
 70
0
 10
-50.96692647168638
 20
4.137039386173068
 10
-52.213934287699935
 20
3.951240700140014
  0
LINE
  5
511
330
17
100
AcDbEntity
  8
6190-PLAN-0
100
AcDbLine
 10
-41.508866335890566
 20
2.816443718433744
 30
0.0
 11
-41.58167820630517
 21
3.2100106362585903
 31
0.0
  0
LINE
  5
512
330
17
100
AcDbEntity
  8
6190-PLAN-0
100
AcDbLine
 10
-42.49855507879081
 20
2.668984443855382
 30
0.0
 11
-42.57136694911811
 21
3.062551361767544
 31
0.0
  0
LWPOLYLINE
  5
513
330
17
100
AcDbEntity
  8
6190-PLAN-0
100
AcDbPolyline
 90
2
 70
0
 10
-43.37229752338774
 20
7.391787457782654
 10
-43.520750834844605
 20
7.369668566653378
  0
LWPOLYLINE
  5
514
330
17
100
AcDbEntity
  8
6190-PLAN-0
100
AcDbPolyline
 90
2
 70
0
 10
-43.41561875516131
 20
7.625949876304454
 10
-46.859735580477434
 20
7.1127916007694205
  0
LINE
  5
515
330
17
100
AcDbEntity
  8
6190-PLAN-0
100
AcDbLine
 10
-43.37229752338774
 20
7.391787457782654
 30
0.0
 11
-43.41561875516131
 21
7.625949876304454
 31
0.0
  0
LINE
  5
516
330
17
100
AcDbEntity
  8
6190-PLAN-0
100
AcDbLine
 10
-42.38260878057481
 20
7.53924673236101
 30
0.0
 11
-42.425930012348374
 21
7.773409150897364
 31
0.0
  0
LINE
  5
517
330
17
100
AcDbEntity
  8
6190-PLAN-0
100
AcDbLine
 10
-42.57136694911811
 20
3.0625513616656805
 30
0.0
 11
-42.71982026067683
 21
3.040432470550951
 31
0.0
  0
LWPOLYLINE
  5
518
330
17
100
AcDbEntity
  8
6190-PLAN-0
100
AcDbPolyline
 90
2
 70
0
 10
-42.49855507879081
 20
2.668984443855382
 10
-52.019360785511516
 20
1.2504262224909848
  0
LINE
  5
519
330
17
100
AcDbEntity
  8
6190-PLAN-0
100
AcDbLine
 10
-41.47315877931675
 20
4.1057834115421326
 30
0.0
 11
-41.69055958728064
 21
4.073391646222352
 31
0.0
  0
LINE
  5
51A
330
17
100
AcDbEntity
  8
6190-PLAN-0
100
AcDbLine
 10
-41.690559587280646
 20
4.0733916463242155
 30
0.0
 11
-42.333124343349766
 21
7.546619696065924
 31
0.0
  0
LWPOLYLINE
  5
51B
330
17
100
AcDbEntity
  8
6190-PLAN-0
100
AcDbPolyline
 90
2
 70
0
 10
-42.333124343349766
 20
7.546619696065924
 10
-42.38260878057481
 20
7.53924673236101
  0
LINE
  5
51C
330
17
100
AcDbEntity
  8
6190-PLAN-0
100
AcDbLine
 10
-34.099265241801255
 20
7.074883147673591
 30
0.0
 11
-34.207496322900255
 21
7.058757192091524
 31
0.0
  0
LINE
  5
51D
330
17
100
AcDbEntity
  8
6190-PLAN-0
100
AcDbLine
 10
-36.55462709585451
 20
8.407590398666766
 30
0.0
 11
-35.62522355823818
 21
7.747897391106341
 31
0.0
  0
LINE
  5
51E
330
17
100
AcDbEntity
  8
6190-PLAN-0
100
AcDbLine
 10
-35.36528970348638
 20
6.886251065038395
 30
0.0
 11
-35.62522355823818
 21
7.747897391106341
 31
0.0
  0
LINE
  5
51F
330
17
100
AcDbEntity
  8
6190-PLAN-0
100
AcDbLine
 10
-34.143047523775245
 20
7.220015617439883
 30
0.0
 11
-34.25127860477239
 21
7.203889661959685
 31
0.0
  0
LINE
  5
520
330
17
100
AcDbEntity
  8
6190-PLAN-0
100
AcDbLine
 10
-35.25913451397618
 20
7.053723559344216
 30
0.0
 11
-35.70571378929308
 21
8.534074751626932
 31
0.0
  0
LINE
  5
521
330
17
100
AcDbEntity
  8
6190-PLAN-0
100
AcDbLine
 10
-35.21535223210405
 20
6.908591089577917
 30
0.0
 11
-35.10712115100505
 21
6.924717045159984
 31
0.0
  0
LINE
  5
522
330
17
100
AcDbEntity
  8
6190-PLAN-0
100
AcDbLine
 10
-35.10712115100505
 20
6.924717045159984
 30
0.0
 11
-35.15090343287718
 21
7.069849514926285
 31
0.0
  0
LINE
  5
523
330
17
100
AcDbEntity
  8
6190-PLAN-0
100
AcDbLine
 10
-34.207496322900255
 20
7.058757192091524
 30
0.0
 11
-34.251278604874244
 21
7.203889661857816
 31
0.0
  0
LINE
  5
524
330
17
100
AcDbEntity
  8
6190-PLAN-0
100
AcDbLine
 10
-34.207496322900255
 20
7.058757192091524
 30
0.0
 11
-34.099265241801255
 21
7.074883147673591
 31
0.0
  0
LINE
  5
525
330
17
100
AcDbEntity
  8
6190-PLAN-0
100
AcDbLine
 10
-35.10712115100505
 20
6.924717045159984
 30
0.0
 11
-35.36528970348638
 21
6.886251065038395
 31
0.0
  0
LINE
  5
526
330
17
100
AcDbEntity
  8
6190-PLAN-0
100
AcDbLine
 10
-35.15090343287718
 20
7.069849514926285
 30
0.0
 11
-35.25913451397618
 21
7.053723559344216
 31
0.0
  0
LINE
  5
527
330
17
100
AcDbEntity
  8
6190-PLAN-0
100
AcDbLine
 10
-34.143047523775245
 20
7.220015617439883
 30
0.0
 11
-34.59298890595588
 21
8.71151174901906
 31
0.0
  0
LINE
  5
528
330
17
100
AcDbEntity
  8
6190-PLAN-0
100
AcDbLine
 10
-33.32458383600032
 20
5.372521646872184
 30
0.0
 11
-33.5668539363301
 21
5.310010135645887
 31
0.0
  0
LINE
  5
529
330
17
100
AcDbEntity
  8
6190-PLAN-0
100
AcDbLine
 10
-33.32458383600032
 20
5.372521646872184
 30
0.0
 11
-34.30914993141601
 21
8.636227944085014
 31
0.0
  0
LINE
  5
52A
330
17
100
AcDbEntity
  8
6190-PLAN-0
100
AcDbLine
 10
-33.56685393643196
 20
5.31001013555857
 30
0.0
 11
-34.09926524190312
 21
7.074883147673586
 31
0.0
  0
LINE
  5
52B
330
17
100
AcDbEntity
  8
6190-PLAN-0
100
AcDbLine
 10
-29.787539752944177
 20
5.407324985818446
 30
0.0
 11
-29.671918911332277
 21
5.024057198377052
 31
0.0
  0
LINE
  5
52C
330
17
100
AcDbEntity
  8
6190-PLAN-0
100
AcDbLine
 10
-30.485277642084867
 20
5.227291833289377
 30
0.0
 11
-30.369656800472967
 21
4.844024045862535
 31
0.0
  0
LINE
  5
52D
330
17
100
AcDbEntity
  8
6190-PLAN-0
100
AcDbLine
 10
-32.36529362115679
 20
4.742202505924156
 30
0.0
 11
-32.24967277954488
 21
4.3589347184973155
 31
0.0
  0
LINE
  5
52E
330
17
100
AcDbEntity
  8
6190-PLAN-0
100
AcDbLine
 10
-32.30748320035083
 20
4.550568612210736
 30
0.0
 11
-30.427467221278917
 21
5.035657939575956
 31
0.0
  0
LWPOLYLINE
  5
52F
330
17
100
AcDbEntity
  8
6190-PLAN-0
100
AcDbPolyline
 90
2
 70
0
 10
-43.12938703155891
 20
5.254246383308442
 10
-43.34711855494458
 20
5.221805342875887
  0
LWPOLYLINE
  5
530
330
17
100
AcDbEntity
  8
6190-PLAN-0
100
AcDbPolyline
 90
2
 70
0
 10
-42.96556032322063
 20
4.368720818144327
 10
-43.18329184662085
 20
4.3362797777990805
  0
LINE
  5
531
330
17
100
AcDbEntity
  8
6190-PLAN-0
100
AcDbLine
 10
-43.34711855494458
 20
5.221805342875887
 30
0.0
 11
-43.738482358332135
 21
7.337227526206264
 31
0.0
  0
LINE
  5
532
330
17
100
AcDbEntity
  8
6190-PLAN-0
100
AcDbLine
 10
-43.12938703155891
 20
5.254246383308442
 30
0.0
 11
-43.520750834844605
 21
7.369668566653378
 31
0.0
  0
LINE
  5
533
330
17
100
AcDbEntity
  8
6190-PLAN-0
100
AcDbLine
 10
-42.9375517840625
 20
3.007991430103842
 30
0.0
 11
-46.01548377443423
 21
2.5493930861306486
 31
0.0
  0
LWPOLYLINE
  5
534
330
17
100
AcDbEntity
  8
6190-PLAN-0
100
AcDbPolyline
 90
2
 70
0
 10
-43.12938703155891
 20
5.254246383308442
 10
-43.34711855494458
 20
5.221805342875887
  0
LWPOLYLINE
  5
535
330
17
100
AcDbEntity
  8
6190-PLAN-0
100
AcDbPolyline
 90
2
 70
0
 10
-46.42505054541817
 20
4.7632069990045505
 10
-46.9891731288553
 20
4.679155212492119
  0
LWPOLYLINE
  5
536
330
17
100
AcDbEntity
  8
6190-PLAN-0
100
AcDbPolyline
 90
2
 70
0
 10
-46.57977576995099
 20
5.599536699360523
 10
-47.14389835338812
 20
5.515484912848094
  0
LINE
  5
537
330
17
100
AcDbEntity
  8
6190-PLAN-0
100
AcDbLine
 10
-46.57977576995099
 20
5.599536699360523
 30
0.0
 11
-46.816414348703866
 21
6.878629182247621
 31
0.0
  0
LINE
  5
538
330
17
100
AcDbEntity
  8
6190-PLAN-0
100
AcDbLine
 10
-47.14389835338812
 20
5.515484912848094
 30
0.0
 11
-47.380536932126454
 21
6.794577395735193
 31
0.0
  0
LWPOLYLINE
  5
539
330
17
100
AcDbEntity
  8
6190-PLAN-0
100
AcDbPolyline
 90
2
 70
0
 10
-47.380536932126454
 20
6.794577395735193
 10
-52.59619660728204
 20
6.017467018764115
  0
LINE
  5
53A
330
17
100
AcDbEntity
  8
6190-PLAN-0
100
AcDbLine
 10
-46.579606357958674
 20
2.4653412996327644
 30
0.0
 11
-51.795266033012396
 21
1.6882309226616927
 31
0.0
  0
LWPOLYLINE
  5
53B
330
17
100
AcDbEntity
  8
6190-PLAN-0
100
AcDbPolyline
 90
2
 70
0
 10
-43.738482358332135
 20
7.337227526206264
 10
-46.816414348703866
 20
6.878629182247621
  0
LWPOLYLINE
  5
53C
330
17
100
AcDbEntity
  8
6190-PLAN-0
100
AcDbPolyline
 90
3
 70
0
 10
-43.393958139267255
 20
7.508868667087211
 10
-42.58987306495085
 20
6.913322498670765
 42
0.198912367379658
 10
-42.404269396367006
 20
7.656327941578261
  0
LWPOLYLINE
  5
53D
330
17
100
AcDbEntity
  8
6190-PLAN-0
100
AcDbPolyline
 90
3
 70
0
 10
-41.58167820630517
 20
3.2100106362585903
 10
-41.048166402242316
 20
3.8975039660059743
 42
0.198912367379658
 10
-41.69055958728064
 20
4.073391646222352
  0
LWPOLYLINE
  5
53E
330
17
100
AcDbEntity
  8
6190-PLAN-0
100
AcDbPolyline
 90
3
 70
0
 10
-33.32115964790481
 20
4.4955660873529375
 10
-34.070790654837126
 20
4.897732899321052
 42
-0.198912367379658
 10
-33.5668539363301
 20
5.310010135645887
  0
LWPOLYLINE
  5
53F
330
17
100
AcDbEntity
  8
6190-PLAN-0
100
AcDbPolyline
 90
3
 70
0
 10
-34.22938746388726
 20
7.131323426967394
 10
-34.77073758349721
 20
6.400411913639602
 42
-0.198912367379658
 10
-35.129012291992055
 20
6.99728328005041
  0
LWPOLYLINE
  5
540
330
17
100
AcDbEntity
  8
6190-PLAN-0
100
AcDbPolyline
 90
2
 70
0
 10
-36.55462709585451
 20
8.407590398666766
 10
-42.12315656370707
 20
7.577903972798468
  0
LINE
  5
541
330
17
100
AcDbEntity
  8
6190-PLAN-0
100
AcDbLine
 10
-40.47718804709888
 20
2.970159250894393
 30
0.0
 11
-40.550842186943946
 21
3.363600674215678
 31
0.0
  0
LINE
  5
542
330
17
100
AcDbEntity
  8
6190-PLAN-0
100
AcDbLine
 10
-38.487760950080784
 20
3.2665751479642653
 30
0.0
 11
-38.56141509002772
 21
3.6600165713728554
 31
0.0
  0
LINE
  5
543
330
17
100
AcDbEntity
  8
6190-PLAN-0
100
AcDbLine
 10
-40.514015117021415
 20
3.1668799625986903
 30
0.0
 11
-38.52458802000332
 21
3.4632958596685635
 31
0.0
  0
LINE
  5
544
330
17
100
AcDbEntity
  8
6190-PLAN-0
100
AcDbLine
 10
-36.216577713455735
 20
3.6049714719955883
 30
0.0
 11
-36.2902318533008
 21
3.998412895316873
 31
0.0
  0
LINE
  5
545
330
17
100
AcDbEntity
  8
6190-PLAN-0
100
AcDbLine
 10
-34.22715061652496
 20
3.901387369065456
 30
0.0
 11
-34.30080475637002
 21
4.29482879238674
 31
0.0
  0
LINE
  5
546
330
17
100
AcDbEntity
  8
6190-PLAN-0
100
AcDbLine
 10
-36.253404783378265
 20
3.801692183612574
 30
0.0
 11
-34.26397768644749
 21
4.098108080682443
 31
0.0
  0
LINE
  5
547
330
17
100
AcDbEntity
  8
6190-PLAN-0
100
AcDbLine
 10
-49.67478067231433
 20
7.0472258705563595
 30
0.0
 11
-50.60495231649058
 21
12.075043245781877
 31
0.0
  0
LINE
  5
548
330
17
100
AcDbEntity
  8
6190-PLAN-0
100
AcDbLine
 10
-49.4273584866111
 20
7.084090689211863
 30
0.0
 11
-50.403037549800125
 21
12.357887388099737
 31
0.0
  0
LWPOLYLINE
  5
549
330
17
100
AcDbEntity
  8
6190-PLAN-0
100
AcDbPolyline
 90
2
 70
0
 10
-50.403037549800125
 20
12.357887388099737
 10
-51.70942669034695
 20
12.163241145664454
  0
LWPOLYLINE
  5
54A
330
17
100
AcDbEntity
  8
6190-PLAN-0
100
AcDbPolyline
 90
2
 70
0
 10
-50.60495231649058
 20
12.075043245781877
 10
-51.66391927143605
 20
11.917261821987541
  0
LWPOLYLINE
  5
54B
330
17
100
AcDbEntity
  8
6190-PLAN-0
100
AcDbPolyline
 90
2
 70
0
 10
-46.92344596708658
 20
7.457162653873437
 10
-49.4273584866111
 20
7.084090689211863
  0
LINE
  5
54C
330
17
100
AcDbEntity
  8
6190-PLAN-0
100
AcDbLine
 10
-46.859735580477434
 20
7.1127916007694205
 30
0.0
 11
-46.92344596708658
 21
7.457162653873437
 31
0.0
  0
LWPOLYLINE
  5
54D
330
17
100
AcDbEntity
  8
6190-PLAN-0
100
AcDbPolyline
 90
2
 70
0
 10
-49.67478067231433
 20
7.0472258705563595
 10
-52.70322822556288
 20
6.596000490404488
  0
LINE
  5
54E
330
17
100
AcDbEntity
  8
6190-PLAN-0
100
AcDbLine
 10
-52.70322822556288
 20
6.596000490404488
 30
0.0
 11
-53.63339986973914
 21
11.623817865615454
 31
0.0
  0
LINE
  5
54F
330
17
100
AcDbEntity
  8
6190-PLAN-0
100
AcDbLine
 10
-52.584329802305625
 20
11.780124696610603
 30
0.0
 11
-52.62983722131839
 21
12.026104020287509
 31
0.0
  0
LINE
  5
550
330
17
100
AcDbEntity
  8
6190-PLAN-0
100
AcDbLine
 10
-51.66391927143605
 20
11.917261821987541
 30
0.0
 11
-51.70942669034695
 21
12.163241145664454
 31
0.0
  0
LWPOLYLINE
  5
551
330
17
100
AcDbEntity
  8
6190-PLAN-0
100
AcDbPolyline
 90
2
 70
0
 10
-52.584329802305625
 20
11.780124696610603
 10
-53.63339986973914
 20
11.623817865615454
  0
LWPOLYLINE
  5
552
330
17
100
AcDbEntity
  8
6190-PLAN-0
100
AcDbPolyline
 90
2
 70
0
 10
-52.62983722131839
 20
12.026104020287509
 10
-53.97581391157832
 20
11.825559406844643
  0
LWPOLYLINE
  5
553
330
17
100
AcDbEntity
  8
6190-PLAN-0
100
AcDbPolyline
 90
2
 70
0
 10
-50.31626686274956
 20
11.834965213489234
 10
-50.553984007252744
 20
11.799546403301576
  0
LWPOLYLINE
  5
554
330
17
100
AcDbEntity
  8
6190-PLAN-0
100
AcDbPolyline
 90
2
 70
0
 10
-49.90245594089251
 20
9.65211482798843
 10
-50.149878126595745
 20
9.615250009434792
  0
LINE
  5
555
330
17
100
AcDbEntity
  8
6190-PLAN-0
100
AcDbLine
 10
-50.43512543495022
 20
11.817255808344477
 30
0.0
 11
-50.02616703374413
 21
9.633682418762543
 31
0.0
  0
LWPOLYLINE
  5
556
330
17
100
AcDbEntity
  8
6190-PLAN-0
100
AcDbPolyline
 90
34
 70
1
 10
-52.62983722131839
 20
12.026104020287509
 10
-52.584329802305625
 20
11.780124696610603
 10
-53.63339986973914
 20
11.623817865615454
 10
-52.70322822556288
 20
6.596000490404488
 10
-49.67478067231433
 20
7.0472258705563595
 10
-50.149878126595745
 20
9.615250009434792
 10
-49.90245594089251
 20
9.65211482798843
 10
-49.4273584866111
 20
7.084090689211863
 10
-46.92344596708658
 20
7.457162653873437
 10
-46.859735580477434
 20
7.1127916007694205
 10
-43.41561875516131
 20
7.625949876304454
 10
-43.37229752338774
 20
7.391787457782654
 10
-43.520750834844605
 20
7.369668566653378
 10
-43.12938703155891
 20
5.254246383308442
 10
-43.34711855494458
 20
5.221805342875887
 10
-43.738482358332135
 20
7.337227526206264
 10
-46.816414348703866
 20
6.878629182247621
 10
-46.57977576995099
 20
5.599536699360523
 10
-47.14389835338812
 20
5.515484912848094
 10
-47.380536932126454
 20
6.794577395735193
 10
-52.59619660728204
 20
6.017467018764115
 10
-51.795266033012396
 20
1.6882309226616927
 10
-46.579606357958674
 20
2.4653412996327644
 10
-46.9891731288553
 20
4.679155212492119
 10
-46.42505054541817
 20
4.7632069990045505
 10
-46.01548377443423
 20
2.5493930861306486
 10
-42.9375517840625
 20
3.007991430103842
 10
-43.18329184662085
 20
4.3362797777990805
 10
-42.96556032322063
 20
4.368720818144327
 10
-42.71982026067683
 20
3.040432470550951
 10
-42.57136694911811
 20
3.0625513616656805
 10
-42.49855507879081
 20
2.668984443855382
 10
-52.019360785511516
 20
1.2504262224909848
 10
-53.97581391157832
 20
11.825559406844643
  0
LWPOLYLINE
  5
557
330
17
100
AcDbEntity
  8
6190-PLAN-0
100
AcDbPolyline
 90
2
 70
0
 10
17.665505834571228
 20
-34.481251474009945
 10
17.544519964903017
 20
-34.06433850204668
  0
LWPOLYLINE
  5
558
330
17
100
AcDbEntity
  8
6190-PLAN-0
100
AcDbPolyline
 90
2
 70
0
 10
17.320193245901166
 20
-34.583043072768305
 10
17.199111489721233
 20
-34.16579967972071
  0
LINE
  5
559
330
17
100
AcDbEntity
  8
6190-PLAN-0
100
AcDbLine
 10
17.2596523678112
 20
-34.37442137620085
 30
0.0
 11
17.605012899737122
 21
-34.27279498802103
 31
0.0
  0
LINE
  5
55A
330
17
100
AcDbEntity
  8
6190-PLAN-0
100
AcDbLine
 10
9.309788627985832
 20
-36.96531883934212
 30
0.0
 11
9.180352870868344
 21
-36.523080529685075
 31
0.0
  0
LWPOLYLINE
  5
55B
330
17
100
AcDbEntity
  8
6190-PLAN-0
100
AcDbPolyline
 90
2
 70
0
 10
9.653118566319922
 20
-36.86048776979109
 10
9.525761345948263
 20
-36.42161935199649
  0
LINE
  5
55C
330
17
100
AcDbEntity
  8
6190-PLAN-0
100
AcDbLine
 10
9.240893748958307
 20
-36.73170222615066
 30
0.0
 11
9.586254280782368
 21
-36.63007583797084
 31
0.0
  0
LINE
  5
55D
330
17
100
AcDbEntity
  8
6190-PLAN-0
100
AcDbLine
 10
11.118486415201911
 20
-35.953768176357336
 30
0.0
 11
11.248831235363824
 21
-36.3901019540277
 31
0.0
  0
LINE
  5
55E
330
17
100
AcDbEntity
  8
6190-PLAN-0
100
AcDbLine
 10
10.773076159242336
 20
-36.055229877135
 30
0.0
 11
10.90351945757217
 21
-36.49189331374295
 31
0.0
  0
LINE
  5
55F
330
17
100
AcDbEntity
  8
6190-PLAN-0
100
AcDbLine
 10
10.833096291548216
 20
-36.256149338671754
 30
0.0
 11
11.178034343523702
 21
-36.15310691860967
 31
0.0
  0
LINE
  5
560
330
17
100
AcDbEntity
  8
6190-PLAN-0
100
AcDbLine
 10
12.7112114843537
 20
-35.485917000834604
 30
0.0
 11
12.84110221091592
 21
-35.920730684170564
 31
0.0
  0
LINE
  5
561
330
17
100
AcDbEntity
  8
6190-PLAN-0
100
AcDbLine
 10
12.36580122839412
 20
-35.587378701510396
 30
0.0
 11
12.495790433124267
 21
-36.022522043885814
 31
0.0
  0
LINE
  5
562
330
17
100
AcDbEntity
  8
6190-PLAN-0
100
AcDbLine
 10
12.425821360801862
 20
-35.78829816303259
 30
0.0
 11
12.77075941269004
 21
-35.68525574298508
 31
0.0
  0
LINE
  5
563
330
17
100
AcDbEntity
  8
6190-PLAN-0
100
AcDbLine
 10
14.303936553505483
 20
-35.01806582519545
 30
0.0
 11
14.433373186380699
 21
-35.45135941421157
 31
0.0
  0
LINE
  5
564
330
17
100
AcDbEntity
  8
6190-PLAN-0
100
AcDbLine
 10
13.958526297545905
 20
-35.1195275258858
 30
0.0
 11
14.088061408589045
 21
-35.55315077392682
 31
0.0
  0
LINE
  5
565
330
17
100
AcDbEntity
  8
6190-PLAN-0
100
AcDbLine
 10
14.018546429953648
 20
-35.32044698740799
 30
0.0
 11
14.363484481929142
 21
-35.21740456744779
 31
0.0
  0
LINE
  5
566
330
17
100
AcDbEntity
  8
6190-PLAN-0
100
AcDbLine
 10
15.896661622759133
 20
-34.55021464957085
 30
0.0
 11
16.024404763095546
 21
-34.977839214045325
 31
0.0
  0
LINE
  5
567
330
17
100
AcDbEntity
  8
6190-PLAN-0
100
AcDbLine
 10
15.551251366799555
 20
-34.651676350246646
 30
0.0
 11
15.679092985216581
 21
-35.07963057376058
 31
0.0
  0
LINE
  5
568
330
17
100
AcDbEntity
  8
6190-PLAN-0
100
AcDbLine
 10
15.611271499105435
 20
-34.852595811783395
 30
0.0
 11
15.956209551095476
 21
-34.749553391823184
 31
0.0
  0
LWPOLYLINE
  5
569
330
17
100
AcDbEntity
  8
6190-PLAN-0
100
AcDbPolyline
 90
29
 70
1
 10
4.495662356859088
 20
-29.986667440945347
 10
8.39245131400924
 20
-28.842014587876815
 10
8.529842649967017
 20
-29.30193681961931
 10
6.031310410985333
 20
-30.035862132862633
 10
8.028503689877686
 20
-36.85959770121496
 10
9.119736795655388
 20
-36.53905607024474
 10
9.180352870868344
 20
-36.523080529685075
 10
9.309788627985832
 20
-36.96531883934212
 10
7.582261457826823
 20
-37.470937150342564
 10
7.452825700709334
 20
-37.02869884068552
 10
7.855800293083528
 20
-36.91032804312016
 10
6.664787704819863
 20
-32.84103988421073
 10
4.1701830852261494
 20
-33.57381148841825
 10
4.392093449518413
 20
-34.332004329252506
 10
4.2193900528115655
 20
-34.38273467114315
 10
3.9469178333489903
 20
-33.45178903098134
 10
3.304077412164353
 20
-33.64061863669339
 10
3.576549631626928
 20
-34.5715642768552
 10
3.4230355011189784
 20
-34.61665791409295
 10
3.1421363057752836
 20
-33.65692014073657
 10
2.66240464815439
 20
-33.79783775691353
 10
2.6118427929695316
 20
-33.62508495768784
 10
3.091574450590425
 20
-33.48416734151088
 10
2.6477537219185745
 20
-31.96778165962409
 10
2.801267852426529
 20
-31.922688022488202
 10
3.2450885811129258
 20
-33.439073704258576
 10
6.555237018583574
 20
-32.46674215246292
 10
5.8586070141911755
 20
-30.086592474767833
 10
4.630493970680526
 20
-30.44734157220414
  0
LWPOLYLINE
  5
56A
330
17
100
AcDbEntity
  8
6190-PLAN-0
100
AcDbPolyline
 90
4
 70
1
 10
9.653118566319922
 20
-36.86048776979109
 10
9.525272007656046
 20
-36.41993310961001
 10
10.773076159242336
 20
-36.055229877135
 10
10.90351945757217
 20
-36.49189331374295
  0
LWPOLYLINE
  5
56B
330
17
100
AcDbEntity
  8
6190-PLAN-0
100
AcDbPolyline
 90
4
 70
1
 10
11.248831235363824
 20
-36.3901019540277
 10
11.118486415201911
 20
-35.953768176357336
 10
12.36580122839412
 20
-35.587378701510396
 10
12.495790433124267
 20
-36.022522043885814
  0
LWPOLYLINE
  5
56C
330
17
100
AcDbEntity
  8
6190-PLAN-0
100
AcDbPolyline
 90
4
 70
1
 10
12.84110221091592
 20
-35.920730684170564
 10
12.7112114843537
 20
-35.485917000834604
 10
13.958526297545905
 20
-35.1195275258858
 10
14.088061408589045
 20
-35.55315077392682
  0
LWPOLYLINE
  5
56D
330
17
100
AcDbEntity
  8
6190-PLAN-0
100
AcDbPolyline
 90
4
 70
1
 10
14.433373186380699
 20
-35.45135941421157
 10
14.303936553505483
 20
-35.01806582519545
 10
15.551251366799555
 20
-34.651676350246646
 10
15.679092985216581
 20
-35.07963057376058
  0
LWPOLYLINE
  5
56E
330
17
100
AcDbEntity
  8
6190-PLAN-0
100
AcDbPolyline
 90
4
 70
1
 10
16.024404763095546
 20
-34.977839214045325
 10
15.896661622759133
 20
-34.55021464957085
 10
17.199111489721233
 20
-34.16579967972071
 10
17.320193245901166
 20
-34.583043072768305
  0
LWPOLYLINE
  5
56F
330
17
100
AcDbEntity
  8
6190-PLAN-0
100
AcDbPolyline
 90
24
 70
1
 10
17.665505834571228
 20
-34.481251474009945
 10
17.544519964903017
 20
-34.06433850204668
 10
17.78438696150125
 20
-33.99387935093751
 10
15.749277797899481
 20
-27.18128129256332
 10
14.127768540627368
 20
-27.657587609845425
 10
13.9903772047569
 20
-27.197665378015614
 10
17.44447976446908
 20
-26.18304837073374
 10
17.58187110044141
 20
-26.642970602476236
 10
15.96995657249909
 20
-27.116458539268898
 10
16.25332620291565
 20
-28.065048142362393
 10
17.45266736950259
 20
-27.71275057032646
 10
17.481290564423457
 20
-27.808567701952214
 10
16.28194939783652
 20
-28.160865273988147
 10
16.568181347758262
 20
-29.119036590231122
 10
21.672577352688247
 20
-27.61965812373316
 10
21.432142514878546
 20
-26.81479421807101
 10
21.652821289463606
 20
-26.7499714648639
 10
22.51264796545886
 20
-29.62827089358826
 10
22.29227087673918
 20
-29.694103550797593
 10
21.732686062209797
 20
-27.82087410022145
 10
16.62829005717795
 20
-29.320252566632107
 10
18.005065736086312
 20
-33.9290565977304
 10
18.475207473391304
 20
-33.79095594948405
 10
18.603957279284195
 20
-34.22195036144849
  0
LINE
  5
570
330
17
100
AcDbEntity
  8
6190-PLAN-0
100
AcDbLine
 10
-22.88068773831216
 20
7.420258141202138
 30
0.0
 11
-23.02435334494576
 21
7.37691836962651
 31
0.0
  0
LINE
  5
571
330
17
100
AcDbEntity
  8
6190-PLAN-0
100
AcDbLine
 10
-22.671384023859087
 20
6.647789369955205
 30
0.0
 11
-22.81504963039082
 21
6.604449598481447
 31
0.0
  0
LINE
  5
572
330
17
100
AcDbEntity
  8
6190-PLAN-0
100
AcDbLine
 10
-23.140584318072424
 20
7.80588733117651
 30
0.0
 11
-23.02435334494576
 21
7.37691836962651
 31
0.0
  0
LINE
  5
573
330
17
100
AcDbEntity
  8
6190-PLAN-0
100
AcDbLine
 10
-22.81504963039082
 20
6.604449598481447
 30
0.0
 11
-22.725499863645283
 21
6.273951888647551
 31
0.0
  0
LINE
  5
574
330
17
100
AcDbEntity
  8
6190-PLAN-0
100
AcDbLine
 10
-22.671384023859087
 20
6.647789369955205
 30
0.0
 11
-22.580720326853854
 21
6.313180522832071
 31
0.0
  0
LINE
  5
575
330
17
100
AcDbEntity
  8
6190-PLAN-0
100
AcDbLine
 10
-24.136592596518273
 20
5.891610282978193
 30
0.0
 11
-22.580720326853854
 21
6.313180522832071
 31
0.0
  0
LWPOLYLINE
  5
576
330
17
100
AcDbEntity
  8
6190-PLAN-0
100
AcDbPolyline
 90
3
 70
0
 10
-22.9525205415853
 20
7.398588255407051
 10
-23.350738372154648
 20
6.70437027322535
 42
0.198912367379658
 10
-22.743216827117674
 20
6.626119484174672
  0
LWPOLYLINE
  5
577
330
17
100
AcDbEntity
  8
6190-PLAN-0
100
AcDbPolyline
 90
2
 70
0
 10
10.212690215892518
 20
5.051050096972777
 10
10.260025269740353
 20
5.055668524728932
  0
LWPOLYLINE
  5
578
330
17
100
AcDbEntity
  8
6190-PLAN-0
100
AcDbPolyline
 90
2
 70
0
 10
10.23163803596828
 20
4.811759158048137
 10
10.98562650019613
 20
4.885324960883874
  0
LINE
  5
579
330
17
100
AcDbEntity
  8
6190-PLAN-0
100
AcDbLine
 10
10.118852013387531
 20
6.8495012578699415
 30
0.0
 11
10.118778555006052
 21
6.850434664333739
 31
0.0
  0
LINE
  5
57A
330
17
100
AcDbEntity
  8
6190-PLAN-0
100
AcDbLine
 10
10.189438641614878
 20
5.952584891255785
 30
0.0
 11
10.139592765242124
 21
5.9486620591303945
 31
0.0
  0
LWPOLYLINE
  5
57B
330
17
100
AcDbEntity
  8
6190-PLAN-0
100
AcDbPolyline
 90
3
 70
0
 10
10.118852013387531
 20
6.8495012578699415
 10
10.802979941766992
 20
6.265197896336557
 42
-0.198912367379658
 10
10.189438641614878
 20
5.952584891255785
  0
LWPOLYLINE
  5
57C
330
17
100
AcDbEntity
  8
6190-PLAN-0
100
AcDbPolyline
 90
3
 70
0
 10
10.260025269740353
 20
5.055668524728932
 10
10.844328631288292
 20
5.739796453122945
 42
0.198912367379658
 10
10.189438641614878
 20
5.952584891255785
  0
LINE
  5
57D
330
17
100
AcDbEntity
  8
6190-PLAN-0
100
AcDbLine
 10
10.22908574710423
 20
4.811510134112892
 30
0.0
 11
10.212690215892518
 21
5.051050096972777
 31
0.0
  0
LINE
  5
57E
330
17
100
AcDbEntity
  8
6190-PLAN-0
100
AcDbLine
 10
10.276420800937514
 20
4.8161285618690455
 30
0.0
 11
10.260025269740353
 21
5.055668524728932
 31
0.0
  0
LINE
  5
57F
330
17
100
AcDbEntity
  8
6190-PLAN-0
100
AcDbLine
 10
10.22908574710423
 20
4.811510134112892
 30
0.0
 11
10.576760337527887
 21
0.3937466211511853
 31
0.0
  0
LINE
  5
580
330
17
100
AcDbEntity
  8
6190-LIMITE
100
AcDbLine
 10
-6.834267633238616
 20
-41.512873592308694
 30
0.0
 11
-6.834267633238616
 21
-41.512873592308694
 31
0.0
  0
LINE
  5
581
330
17
100
AcDbEntity
  8
6190-LIMITE
100
AcDbLine
 10
-54.663009812758446
 20
5.541219314195832
 30
0.0
 11
-54.663009812758446
 21
5.541219314195832
 31
0.0
  0
LINE
  5
582
330
17
100
AcDbEntity
  8
6190-PLAN-1
100
AcDbLine
 10
-9.8893767795336
 20
23.06837212535581
 30
0.0
 11
3.6022260346281434
 21
23.254258622715046
 31
0.0
  0
LINE
  5
583
330
17
100
AcDbEntity
  8
6190-PLAN-1
100
AcDbLine
 10
3.6022260346281434
 20
23.254258622715046
 30
0.0
 11
11.451939743919022
 21
23.311995515610338
 31
0.0
  0
LINE
  5
584
330
17
100
AcDbEntity
  8
6190-PLAN-1
100
AcDbLine
 10
11.451939743919022
 20
23.311995515610338
 30
0.0
 11
24.30992113437051
 21
24.394257859000323
 31
0.0
  0
LINE
  5
585
330
17
100
AcDbEntity
  8
6190-PLAN-1
100
AcDbLine
 10
24.30992113437051
 20
24.394257859000323
 30
0.0
 11
25.066395296064094
 21
14.737215947820317
 31
0.0
  0
LINE
  5
586
330
17
100
AcDbEntity
  8
6190-PLAN-1
100
AcDbLine
 10
25.066395296064094
 20
14.737215947820317
 30
0.0
 11
27.544751115107587
 21
14.882614100811765
 31
0.0
  0
LINE
  5
587
330
17
100
AcDbEntity
  8
6190-PLAN-1
100
AcDbLine
 10
27.544751115107587
 20
14.882614100811765
 30
0.0
 11
27.76876478663274
 21
12.896589125479387
 31
0.0
  0
LINE
  5
588
330
17
100
AcDbEntity
  8
6190-PLAN-1
100
AcDbLine
 10
27.76876478663274
 20
12.896589125479387
 30
0.0
 11
28.91966028408935
 21
12.380986975111277
 31
0.0
  0
LWPOLYLINE
  5
589
330
17
100
AcDbEntity
  8
6190-PLAN-1
100
AcDbPolyline
 90
5
 70
0
 10
34.85576208784847
 20
-29.140852475909853
 10
28.939029312143546
 20
-9.183489979348751
 10
29.02555657404437
 20
-9.14571097420891
 10
27.614362657636637
 20
-4.353331758861881
 10
27.4644312707674
 20
-4.398467072779152
  0
LINE
  5
58A
330
17
100
AcDbEntity
  8
6190-PLAN-1
100
AcDbLine
 10
27.4644312707674
 20
-4.398467072779152
 30
0.0
 11
26.842867392011932
 21
-2.426979731608447
 31
0.0
  0
LINE
  5
58B
330
17
100
AcDbEntity
  8
6190-PLAN-1
100
AcDbLine
 10
26.842867392011932
 20
-2.426979731608447
 30
0.0
 11
27.02488230910932
 21
-2.3631759921200617
 31
0.0
  0
LINE
  5
58C
330
17
100
AcDbEntity
  8
6190-PLAN-1
100
AcDbLine
 10
27.02488230910932
 20
-2.3631759921200617
 30
0.0
 11
26.75945631963924
 21
-1.4774695472960535
 31
0.0
  0
LINE
  5
58D
330
17
100
AcDbEntity
  8
6190-PLAN-1
100
AcDbLine
 10
29.26491706676489
 20
-1.2714081383137918
 30
0.0
 11
28.805581944230873
 21
3.229257118589422
 31
0.0
  0
LINE
  5
58E
330
17
100
AcDbEntity
  8
6190-PLAN-1
100
AcDbLine
 10
28.805581944230873
 20
3.229257118589422
 30
0.0
 11
29.716964407303525
 21
3.388514786184254
 31
0.0
  0
LINE
  5
58F
330
17
100
AcDbEntity
  8
6190-PLAN-1
100
AcDbLine
 10
29.716964407303525
 20
3.388514786184254
 30
0.0
 11
29.629378517783007
 21
4.110324287718285
 31
0.0
  0
LWPOLYLINE
  5
590
330
17
100
AcDbEntity
  8
6190-PLAN-1
100
AcDbPolyline
 90
3
 70
0
 10
28.609347379237835
 20
5.01170606186802
 10
28.0991292011304
 20
11.560501342358029
 10
28.92270242420175
 20
11.641025009738883
  0
LINE
  5
591
330
17
100
AcDbEntity
  8
6190-PLAN-1
100
AcDbLine
 10
0.1984749537824495
 20
-39.57515125750694
 30
0.0
 11
-0.7512831808146534
 21
-36.398340233447634
 31
0.0
  0
LINE
  5
592
330
17
100
AcDbEntity
  8
6190-PLAN-1
100
AcDbLine
 10
0.6583622556623112
 20
-39.43766064109337
 30
0.0
 11
0.6580967426569813
 21
-39.43677253638526
 31
0.0
  0
LINE
  5
593
330
17
100
AcDbEntity
  8
6190-PLAN-1
100
AcDbLine
 10
-0.7512831808146534
 20
-36.398340233447634
 30
0.0
 11
-7.788777936155645
 21
-38.53181790174472
 31
0.0
  0
LINE
  5
594
330
17
100
AcDbEntity
  8
6190-PLAN-1
100
AcDbLine
 10
-7.788777936155645
 20
-38.53181790174472
 30
0.0
 11
-6.8005795646909855
 21
-41.73763541190962
 31
0.0
  0
LINE
  5
595
330
17
100
AcDbEntity
  8
6190-PLAN-1
100
AcDbLine
 10
-6.8005795646909855
 20
-41.73763541190962
 30
0.0
 11
-38.557854391258495
 21
-51.08110594891706
 31
0.0
  0
LINE
  5
596
330
17
100
AcDbEntity
  8
6190-PLAN-1
100
AcDbLine
 10
-6.941705759996373
 20
-41.257965320116526
 30
0.0
 11
-6.9478787909008926
 21
-41.25978151913799
 31
0.0
  0
LWPOLYLINE
  5
597
330
17
100
AcDbEntity
  8
6190-PLAN-1
100
AcDbPolyline
 90
2
 70
0
 10
-21.557073555509792
 20
3.1244735713358227
 10
-7.459108628109963
 20
7.03193930079448
  0
LWPOLYLINE
  5
598
330
17
100
AcDbEntity
  8
6190-PLAN-1
100
AcDbPolyline
 90
2
 70
0
 10
-13.928852742537794
 20
5.238751167893756
 10
-7.459108628109963
 20
7.03193930079448
  0
LINE
  5
599
330
17
100
AcDbEntity
  8
6190-PLAN-1
100
AcDbLine
 10
-24.22457743649373
 20
-8.259129602311003
 30
0.0
 11
-24.328454456449293
 21
-7.92185015207194
 31
0.0
  0
LINE
  5
59A
330
17
100
AcDbEntity
  8
6190-PLAN-1
100
AcDbLine
 10
-20.62499319896983
 20
3.9016636658774044
 30
0.0
 11
-16.03792410414121
 21
5.17303973886113
 31
0.0
  0
LINE
  5
59B
330
17
100
AcDbEntity
  8
6190-PLAN-1
100
AcDbLine
 10
-23.878220209326628
 20
15.639163996838146
 30
0.0
 11
-19.61879890693608
 21
16.819727493215808
 31
0.0
  0
LINE
  5
59C
330
17
100
AcDbEntity
  8
6190-PLAN-1
100
AcDbLine
 10
-19.503158509635455
 20
16.851778990779668
 30
0.0
 11
-14.732992119023653
 21
18.173903268414463
 31
0.0
  0
LINE
  5
59D
330
17
100
AcDbEntity
  8
6190-PLAN-1
100
AcDbLine
 10
-24.589970102970046
 20
15.96074149750589
 30
0.0
 11
-10.780579319420779
 21
19.7882245072844
 31
0.0
  0
LWPOLYLINE
  5
59E
330
17
100
AcDbEntity
  8
6190-PLAN-1
100
AcDbPolyline
 90
2
 70
0
 10
-7.716646359022079
 20
7.961124135503663
 10
-7.510814066176014
 20
7.991054921270944
  0
LWPOLYLINE
  5
59F
330
17
100
AcDbEntity
  8
6190-PLAN-1
100
AcDbPolyline
 90
2
 70
0
 10
-6.469994031238459
 20
8.142404162976707
 10
-2.316389391637718
 20
8.746394181814884
  0
LWPOLYLINE
  5
5A0
330
17
100
AcDbEntity
  8
6190-PLAN-1
100
AcDbPolyline
 90
2
 70
0
 10
-2.316389391637718
 20
8.746394181814884
 10
4.551686507935779
 20
9.745104856557994
  0
LWPOLYLINE
  5
5A1
330
17
100
AcDbEntity
  8
6190-PLAN-1
100
AcDbPolyline
 90
2
 70
0
 10
4.551686507935779
 20
9.745104856557994
 10
9.046488751921796
 20
10.209886556581537
  0
LWPOLYLINE
  5
5A2
330
17
100
AcDbEntity
  8
6190-PLAN-1
100
AcDbPolyline
 90
2
 70
0
 10
9.046488751921796
 20
10.209886556581537
 10
9.553872787405016
 20
10.262352227320411
  0
LWPOLYLINE
  5
5A3
330
17
100
AcDbEntity
  8
6190-PLAN-1
100
AcDbPolyline
 90
2
 70
0
 10
9.83098717622359
 20
6.983464738041816
 10
10.587088876061525
 20
7.061648874824307
  0
LWPOLYLINE
  5
5A4
330
17
100
AcDbEntity
  8
6190-PLAN-1
100
AcDbPolyline
 90
2
 70
0
 10
10.002814943118068
 20
4.950355170143617
 10
10.758916643057354
 20
5.028539307014011
  0
LINE
  5
5A5
330
17
100
AcDbEntity
  8
6190-PLAN-1
100
AcDbLine
 10
9.553872787405016
 20
10.262352227320411
 30
0.0
 11
9.83098717622359
 21
6.983464738041816
 31
0.0
  0
LINE
  5
5A6
330
17
100
AcDbEntity
  8
6190-PLAN-1
100
AcDbLine
 10
10.002814943118068
 20
4.950355170143617
 30
0.0
 11
10.376005185768603
 21
0.5346738953975305
 31
0.0
  0
LINE
  5
5A7
330
17
100
AcDbEntity
  8
6190-PLAN-1
100
AcDbLine
 10
10.5932786824339
 20
-2.036161032730755
 30
0.0
 11
10.670842988438867
 21
-2.9539215053219525
 31
0.0
  0
LINE
  5
5A8
330
17
100
AcDbEntity
  8
6190-PLAN-1
100
AcDbLine
 10
10.969342151328538
 20
-2.923508563908153
 30
0.0
 11
10.969777282385575
 21
-2.9286571452379504
 31
0.0
  0
LINE
  5
5A9
330
17
100
AcDbEntity
  8
6190-PLAN-1
100
AcDbLine
 10
10.587088876061525
 20
7.061648874824307
 30
0.0
 11
10.758916643057354
 21
5.028539307014011
 31
0.0
  0
LINE
  5
5AA
330
17
100
AcDbEntity
  8
6190-PLAN-1
100
AcDbLine
 10
10.670842988438867
 20
-2.9539215053219525
 30
0.0
 11
18.47305236035137
 21
-2.1589841459288532
 31
0.0
  0
LINE
  5
5AB
330
17
100
AcDbEntity
  8
6190-PLAN-1
100
AcDbLine
 10
18.47305236035137
 20
-2.1589841459288532
 30
0.0
 11
19.449711630919516
 21
-5.403270404565005
 31
0.0
  0
LINE
  5
5AC
330
17
100
AcDbEntity
  8
6190-PLAN-1
100
AcDbLine
 10
19.449711630919516
 20
-5.403270404565005
 30
0.0
 11
20.148448788914237
 21
-7.724349442574921
 31
0.0
  0
LINE
  5
5AD
330
17
100
AcDbEntity
  8
6190-PLAN-1
100
AcDbLine
 10
22.887908547017773
 20
-16.75421554199685
 30
0.0
 11
25.011882857648743
 21
-23.717361655544163
 31
0.0
  0
LINE
  5
5AE
330
17
100
AcDbEntity
  8
6190-PLAN-1
100
AcDbLine
 10
24.73211455059177
 20
-22.8001812592707
 30
0.0
 11
25.011882857648743
 21
-23.717361655544163
 31
0.0
  0
LINE
  5
5AF
330
17
100
AcDbEntity
  8
6190-PLAN-1
100
AcDbLine
 10
19.616630803659767
 20
-25.33609281863253
 30
0.0
 11
19.24575383161222
 21
-25.447366602743767
 31
0.0
  0
LINE
  5
5B0
330
17
100
AcDbEntity
  8
6190-PLAN-1
100
AcDbLine
 10
25.011882857648743
 20
-23.717361655544163
 30
0.0
 11
-3.1693967435551653
 21
-32.17255801123824
 31
0.0
  0
LINE
  5
5B1
330
17
100
AcDbEntity
  8
6190-PLAN-1
100
AcDbLine
 10
-3.1693967435551653
 20
-32.17255801123824
 30
0.0
 11
-9.633514938160737
 21
-33.891553615080134
 31
0.0
  0
LINE
  5
5B2
330
17
100
AcDbEntity
  8
6190-PLAN-1
100
AcDbLine
 10
0.1984749537824495
 20
-39.57515125750694
 30
0.0
 11
34.85576208784847
 21
-29.140852475909853
 31
0.0
  0
LINE
  5
5B3
330
17
100
AcDbEntity
  8
6190-PLAN-1
100
AcDbLine
 10
29.629378517783007
 20
4.110324287718285
 30
0.0
 11
28.685304776961743
 21
4.036771280875209
 31
0.0
  0
LINE
  5
5B4
330
17
100
AcDbEntity
  8
6190-PLAN-1
100
AcDbLine
 10
28.685304776961743
 20
4.036771280875209
 30
0.0
 11
28.609347379237835
 21
5.01170606186802
 31
0.0
  0
LINE
  5
5B5
330
17
100
AcDbEntity
  8
6190-PLAN-1
100
AcDbLine
 10
28.92270242420175
 20
11.641025009738883
 30
0.0
 11
28.91966028408935
 21
12.380986975111277
 31
0.0
  0
LINE
  5
5B6
330
17
100
AcDbEntity
  8
6190-PLAN-1
100
AcDbLine
 10
-3.3063272713131933
 20
-32.7549337826818
 30
0.0
 11
-2.195755805460162
 21
-36.41826758853669
 31
0.0
  0
LINE
  5
5B7
330
17
100
AcDbEntity
  8
6190-PLAN-1
100
AcDbLine
 10
-3.1696464419890025
 20
-32.17173435533395
 30
0.0
 11
-1.792610747231598
 21
-36.714027730991155
 31
0.0
  0
LINE
  5
5B8
330
17
100
AcDbEntity
  8
6190-PLAN-1
100
AcDbLine
 10
26.75945631963924
 20
-1.4774695472960535
 30
0.0
 11
29.26491706676489
 21
-1.2714081383137918
 31
0.0
  0
LINE
  5
5B9
330
17
100
AcDbEntity
  8
6190-PLAN-1
100
AcDbLine
 10
-45.002737536726805
 20
-9.706664491430887
 30
0.0
 11
-49.365190089946815
 21
-10.894280068962152
 31
0.0
  0
LINE
  5
5BA
330
17
100
AcDbEntity
  8
6190-PLAN-1
100
AcDbLine
 10
-9.33939004661062
 20
-34.84655099221287
 30
0.0
 11
-10.869351175821526
 21
-35.31476792817101
 31
0.0
  0
LINE
  5
5BB
330
17
100
AcDbEntity
  8
6190-PLAN-1
100
AcDbLine
 10
-10.117304464178789
 20
-34.0194397547275
 30
0.0
 11
-17.756760219223825
 21
-9.214806010709363
 31
0.0
  0
LINE
  5
5BC
330
17
100
AcDbEntity
  8
6190-PLAN-1
100
AcDbLine
 10
-24.22457743649373
 20
-8.259129602311003
 30
0.0
 11
-15.75903612781284
 21
-35.745989705779266
 31
0.0
  0
LINE
  5
5BD
330
17
100
AcDbEntity
  8
6190-PLAN-1
100
AcDbLine
 10
-22.25919934009464
 20
-16.339245297971516
 30
0.0
 11
-22.23700540053003
 21
-16.33235675581927
 31
0.0
  0
LINE
  5
5BE
330
17
100
AcDbEntity
  8
6190-LIMITE
100
AcDbLine
 10
-49.36519008984495
 20
-10.894280068961558
 30
0.0
 11
-49.94604138331861
 21
-8.3127141818091
 31
0.0
  0
LINE
  5
5BF
330
17
100
AcDbEntity
  8
6190-LIMITE
100
AcDbLine
 10
-49.94604138331861
 20
-8.3127141818091
 30
0.0
 11
-105.20887894679126
 21
81.78251562507012
 31
0.0
  0
LINE
  5
5C0
330
17
100
AcDbEntity
  8
6190-PLAN-1
100
AcDbLine
 10
-24.589970102970046
 20
15.96074149750589
 30
0.0
 11
-23.529599722734527
 21
12.134971685194813
 31
0.0
  0
LINE
  5
5C1
330
17
100
AcDbEntity
  8
6190-PLAN-1
100
AcDbLine
 10
-23.427818145034554
 20
11.767748218573262
 30
0.0
 11
-23.36101727632787
 21
11.526733614882168
 31
0.0
  0
LINE
  5
5C2
330
17
100
AcDbEntity
  8
6190-PLAN-1
100
AcDbLine
 10
-23.878220209326628
 20
15.639163996838146
 30
0.0
 11
-23.285267502949186
 21
13.499816645853606
 31
0.0
  0
LINE
  5
5C3
330
17
100
AcDbEntity
  8
6190-PLAN-1
100
AcDbLine
 10
-11.09031960240913
 20
19.183525444115833
 30
0.0
 11
-9.867020775902244
 21
14.76991694525195
 31
0.0
  0
LINE
  5
5C4
330
17
100
AcDbEntity
  8
6190-PLAN-1
100
AcDbLine
 10
-10.780579319420779
 20
19.7882245072844
 30
0.0
 11
-9.391681088425146
 21
14.777140622136812
 31
0.0
  0
LINE
  5
5C5
330
17
100
AcDbEntity
  8
6190-PLAN-1
100
AcDbLine
 10
-9.324816274161403
 20
12.81366689006523
 30
0.0
 11
-8.817334228216943
 21
10.982693932011808
 31
0.0
  0
LINE
  5
5C6
330
17
100
AcDbEntity
  8
6190-PLAN-1
100
AcDbLine
 10
-6.873048479638132
 20
13.877160552180548
 30
0.0
 11
-6.474066536612376
 21
8.200348756277842
 31
0.0
  0
LINE
  5
5C7
330
17
100
AcDbEntity
  8
6190-PLAN-1
100
AcDbLine
 10
-7.459108628109963
 20
7.03193930079448
 30
0.0
 11
-7.716646359022079
 21
7.961124135503663
 31
0.0
  0
TEXT
  5
5C8
330
17
100
AcDbEntity
  8
6190-COTES-1
100
AcDbText
 10
-78.89528603700172
 20
37.39155967036611
 30
0.0
 40
0.48
  1
-105.69-
 50
302.6902243297893
100
AcDbText
  0
TEXT
  5
5C9
330
17
100
AcDbEntity
  8
6190-COTES-1
100
AcDbText
 10
-50.60885142663489
 20
-8.920225874869491
 30
0.0
 40
0.48
  1
-2.65-
 50
283.8463617097338
100
AcDbText
  0
TEXT
  5
5CA
330
17
100
AcDbEntity
  8
6190-COTES-1
100
AcDbText
 10
-46.54298887843907
 20
-24.233193907023264
 30
0.0
 40
0.48
  1
-29.35-
 50
286.3918943724038
100
AcDbText
  0
TEXT
  5
5CB
330
17
100
AcDbEntity
  8
6190-COTES-1
100
AcDbText
 10
-41.13083511553263
 20
-44.31604529475172
 30
0.0
 40
0.48
  1
-12.27-
 50
285.8028880190342
100
AcDbText
  0
TEXT
  5
5CC
330
17
100
AcDbEntity
  8
6190-COTES-1
100
AcDbText
 10
-29.30232838996593
 20
-71.09654058067439
 30
0.0
 40
0.48
  1
-46.20-
 50
298.0097844814815
100
AcDbText
  0
LINE
  5
5CD
330
17
100
AcDbEntity
  8
6190-PLAN-1
100
AcDbLine
 10
-21.837600679561298
 20
-10.471643763747116
 30
0.0
 11
-22.77066289894933
 21
-7.442073679624267
 31
0.0
  0
LINE
  5
5CE
330
17
100
AcDbEntity
  8
6190-PLAN-1
100
AcDbLine
 10
-17.756760219223825
 20
-9.214806010709363
 30
0.0
 11
-21.83760067956079
 21
-10.471643763834425
 31
0.0
  0
LINE
  5
5CF
330
17
100
AcDbEntity
  8
6190-PLAN-1
100
AcDbLine
 10
-22.770662899051192
 20
-7.442073679624862
 30
0.0
 11
-23.143386032430456
 21
-7.556866823390431
 31
0.0
  0
LINE
  5
5D0
330
17
100
AcDbEntity
  8
6190-PLAN-1
100
AcDbLine
 10
-22.82953117782226
 20
-7.250933611265424
 30
0.0
 11
-23.20225431130339
 21
-7.365726755031588
 31
0.0
  0
LINE
  5
5D1
330
17
100
AcDbEntity
  8
6190-PLAN-1
100
AcDbLine
 10
-17.815628498096757
 20
-9.02366594235052
 30
0.0
 11
-21.781784917322597
 21
-10.24518272811343
 31
0.0
  0
LINE
  5
5D2
330
17
100
AcDbEntity
  8
6190-PLAN-1
100
AcDbLine
 10
-19.734734387973567
 20
-2.792499712554888
 30
0.0
 11
-21.311639951758583
 21
-3.2781630127716803
 31
0.0
  0
LINE
  5
5D3
330
17
100
AcDbEntity
  8
6190-PLAN-1
100
AcDbLine
 10
-19.770055355335213
 20
-2.677815671531072
 30
0.0
 11
-21.346960919120225
 21
-3.1634789717478644
 31
0.0
  0
LINE
  5
5D4
330
17
100
AcDbEntity
  8
6190-PLAN-1
100
AcDbLine
 10
-21.667987750738412
 20
5.359598981620893
 30
0.0
 11
-22.195428443151958
 21
5.197155146554387
 31
0.0
  0
LINE
  5
5D5
330
17
100
AcDbEntity
  8
6190-PLAN-1
100
AcDbLine
 10
-25.351144205480754
 20
6.304436146316727
 30
0.0
 11
-28.418942303263204
 21
5.359600271063957
 31
0.0
  0
LINE
  5
5D6
330
17
100
AcDbEntity
  8
6190-PLAN-1
100
AcDbLine
 10
-25.351144205480754
 20
6.304436146316727
 30
0.0
 11
-25.55870632211983
 21
6.978371888210171
 31
0.0
  0
LINE
  5
5D7
330
17
100
AcDbEntity
  8
6190-PLAN-1
100
AcDbLine
 10
-25.573423391761814
 20
7.026156905325793
 30
0.0
 11
-28.64122148954426
 21
6.081321030073026
 31
0.0
  0
LINE
  5
5D8
330
17
100
AcDbEntity
  8
6190-PLAN-1
100
AcDbLine
 10
-24.7974037938425
 20
8.033984576415051
 30
0.0
 11
-25.729063017571193
 21
11.058999257902286
 31
0.0
  0
LINE
  5
5D9
330
17
100
AcDbEntity
  8
6190-PLAN-1
100
AcDbLine
 10
-24.629903920109747
 20
8.169610466001876
 30
0.0
 11
-25.53792294921235
 21
11.117867536775217
 31
0.0
  0
LINE
  5
5DA
330
17
100
AcDbEntity
  8
6190-PLAN-1
100
AcDbLine
 10
-24.629903920109747
 20
8.169610466001876
 30
0.0
 11
-24.758998313436052
 21
8.004040026961517
 31
0.0
  0
LINE
  5
5DB
330
17
100
AcDbEntity
  8
6190-PLAN-1
100
AcDbLine
 10
-21.781784917322597
 20
-10.24518272811343
 30
0.0
 11
-23.45070062226883
 21
-4.8263617889718375
 31
0.0
  0
LINE
  5
5DC
330
17
100
AcDbEntity
  8
6190-PLAN-1
100
AcDbLine
 10
-8.375587844258149
 20
-34.09495486756707
 30
0.0
 11
-8.008358999100441
 21
-35.30629685145811
 31
0.0
  0
LINE
  5
5DD
330
17
100
AcDbEntity
  8
6190-PLAN-1
100
AcDbLine
 10
-11.496631182144782
 20
-36.84533173000593
 30
0.0
 11
-11.873388166676564
 21
-35.62203529231285
 31
0.0
  0
LINE
  5
5DE
330
17
100
AcDbEntity
  8
6190-PLAN-1
100
AcDbLine
 10
-11.496631182144782
 20
-36.84533173000593
 30
0.0
 11
-8.845152813445573
 21
-36.45129535419593
 31
0.0
  0
LINE
  5
5DF
330
17
100
AcDbEntity
  8
6190-PLAN-1
100
AcDbLine
 10
-10.869351175821526
 20
-35.31476792817101
 30
0.0
 11
-11.169152740382147
 21
-34.34133889819706
 31
0.0
  0
LINE
  5
5E0
330
17
100
AcDbEntity
  8
6190-PLAN-1
100
AcDbLine
 10
-11.653456254473912
 20
-35.55472910775403
 30
0.0
 11
-11.953257819034617
 21
-34.581300077765526
 31
0.0
  0
LINE
  5
5E1
330
17
100
AcDbEntity
  8
6190-PLAN-1
100
AcDbLine
 10
-16.010299104360907
 20
-36.365172138886294
 30
0.0
 11
-35.57366132388932
 21
-42.35218536392102
 31
0.0
  0
LINE
  5
5E2
330
17
100
AcDbEntity
  8
6190-PLAN-1
100
AcDbLine
 10
-11.653456254473912
 20
-35.55472910775403
 30
0.0
 11
-11.873388166676564
 21
-35.62203529231285
 31
0.0
  0
LINE
  5
5E3
330
17
100
AcDbEntity
  8
6190-PLAN-1
100
AcDbLine
 10
-9.633514938160737
 20
-33.891553615080134
 30
0.0
 11
-21.07504434801119
 21
3.2580753087498695
 31
0.0
  0
LINE
  5
5E4
330
17
100
AcDbEntity
  8
6190-PLAN-1
100
AcDbLine
 10
-3.3063272713131933
 20
-32.7549337826818
 30
0.0
 11
-8.375587844258149
 21
-34.09495486756707
 31
0.0
  0
LINE
  5
5E5
330
17
100
AcDbEntity
  8
6190-PLAN-1
100
AcDbLine
 10
-9.33939004661062
 20
-34.84655099221287
 30
0.0
 11
-8.248905956958831
 21
-34.51282805683797
 31
0.0
  0
LINE
  5
5E6
330
17
100
AcDbEntity
  8
6190-PLAN-1
100
AcDbLine
 10
-8.848018652968731
 20
-36.45217239263538
 30
0.0
 11
-7.76175621295196
 21
-36.11974141665373
 31
0.0
  0
LINE
  5
5E7
330
17
100
AcDbEntity
  8
6190-PLAN-1
100
AcDbLine
 10
-7.761756212951367
 20
-36.119741416755595
 30
0.0
 11
-7.21038496788511
 21
-37.938495980162244
 31
0.0
  0
LINE
  5
5E8
330
17
100
AcDbEntity
  8
6190-PLAN-1
100
AcDbLine
 10
-1.9086587160328619
 20
-36.331231611895106
 30
0.0
 11
-7.21038496788511
 21
-37.938495980162244
 31
0.0
  0
LINE
  5
5E9
330
17
100
AcDbEntity
  8
6190-PLAN-1
100
AcDbLine
 10
22.887908547017773
 20
-16.75421554199685
 30
0.0
 11
21.08529769654827
 21
-10.83639284269472
 31
0.0
  0
LINE
  5
5EA
330
17
100
AcDbEntity
  8
6190-PLAN-1
100
AcDbLine
 10
20.148448788914237
 20
-7.724349442574921
 30
0.0
 11
21.085297694916704
 21
-10.836392837407242
 31
0.0
  0
LINE
  5
5EB
330
17
100
AcDbEntity
  8
6190-PLAN-1
100
AcDbLine
 10
10.380683839248931
 20
0.5350693107090105
 30
0.0
 11
10.5932786824339
 21
-2.036161032730755
 31
0.0
  0
LINE
  5
5EC
330
17
100
AcDbEntity
  8
6190-PLAN-1
100
AcDbLine
 10
-19.61879890693608
 20
16.819727493215808
 30
0.0
 11
-18.363448582777433
 21
12.290478596949939
 31
0.0
  0
LINE
  5
5ED
330
17
100
AcDbEntity
  8
6190-PLAN-1
100
AcDbLine
 10
-22.86125271271744
 20
13.617338803850451
 30
0.0
 11
-22.39650599698952
 21
11.940553042269864
 31
0.0
  0
LINE
  5
5EE
330
17
100
AcDbEntity
  8
6190-PLAN-1
100
AcDbLine
 10
-23.285267503051045
 20
13.499816645853013
 30
0.0
 11
-22.86125271271744
 21
13.617338803850451
 31
0.0
  0
LINE
  5
5EF
330
17
100
AcDbEntity
  8
6190-PLAN-1
100
AcDbLine
 10
-22.39650599698952
 20
11.940553042269864
 30
0.0
 11
-19.833143855758095
 21
12.651027906542375
 31
0.0
  0
LINE
  5
5F0
330
17
100
AcDbEntity
  8
6190-PLAN-1
100
AcDbLine
 10
-19.36880675817141
 20
12.13635222254645
 30
0.0
 11
-19.336755260505097
 21
12.020711825144552
 31
0.0
  0
LINE
  5
5F1
330
17
100
AcDbEntity
  8
6190-PLAN-1
100
AcDbLine
 10
-19.503158509635455
 20
16.851778990779668
 30
0.0
 11
-18.279859683041852
 21
12.438170492018152
 31
0.0
  0
LINE
  5
5F2
330
17
100
AcDbEntity
  8
6190-PLAN-1
100
AcDbLine
 10
-14.732992118921791
 20
18.173903268415057
 30
0.0
 11
-13.509693292429457
 21
13.760294769551088
 31
0.0
  0
LINE
  5
5F3
330
17
100
AcDbEntity
  8
6190-PLAN-1
100
AcDbLine
 10
-14.617351721621757
 20
18.205954766080776
 30
0.0
 11
-13.362001397361245
 21
13.676705869815503
 31
0.0
  0
LINE
  5
5F4
330
17
100
AcDbEntity
  8
6190-PLAN-1
100
AcDbLine
 10
-22.80309910952061
 20
9.513789345415868
 30
0.0
 11
-18.78459530167981
 21
10.62757888833075
 31
0.0
  0
LINE
  5
5F5
330
17
100
AcDbEntity
  8
6190-PLAN-1
100
AcDbLine
 10
-22.11271688109337
 20
9.269305442772904
 30
0.0
 11
-18.672415059957736
 21
10.222837497576267
 31
0.0
  0
LINE
  5
5F6
330
17
100
AcDbEntity
  8
6190-PLAN-1
100
AcDbLine
 10
-13.208406285224315
 20
11.73727076098898
 30
0.0
 11
-13.181696703833364
 21
11.640903763166207
 31
0.0
  0
LINE
  5
5F7
330
17
100
AcDbEntity
  8
6190-PLAN-1
100
AcDbLine
 10
-13.324046682524349
 20
11.70521926332326
 30
0.0
 11
-13.297337101235854
 21
11.608852265601755
 31
0.0
  0
LINE
  5
5F8
330
17
100
AcDbEntity
  8
6190-PLAN-1
100
AcDbLine
 10
-17.41000738886294
 20
10.572733013437498
 30
0.0
 11
-17.38329780748654
 21
10.47636601561464
 31
0.0
  0
LINE
  5
5F9
330
17
100
AcDbEntity
  8
6190-PLAN-1
100
AcDbLine
 10
-17.525647786177526
 20
10.540681515771693
 30
0.0
 11
-17.498938204889033
 21
10.444314518050186
 31
0.0
  0
LINE
  5
5FA
330
17
100
AcDbEntity
  8
6190-PLAN-1
100
AcDbLine
 10
-21.059015443646086
 20
5.4215909629963495
 30
0.0
 11
-22.160107475892175
 21
5.082471105529976
 31
0.0
  0
LINE
  5
5FB
330
17
100
AcDbEntity
  8
6190-PLAN-1
100
AcDbLine
 10
-20.64368990594003
 20
3.9691205642587764
 30
0.0
 11
-20.62499319907169
 21
3.9016636658768102
 31
0.0
  0
LWPOLYLINE
  5
5FC
330
17
100
AcDbEntity
  8
6190-PLAN-1
100
AcDbPolyline
 90
2
 70
0
 10
-21.2218918926452
 20
3.8088630761472584
 10
-20.64368990594003
 20
3.9691205642587764
  0
LINE
  5
5FD
330
17
100
AcDbEntity
  8
6190-PLAN-1
100
AcDbLine
 10
-21.2218918926452
 20
3.8088630761472584
 30
0.0
 11
-21.06964727883674
 21
3.2595711886658933
 31
0.0
  0
LINE
  5
5FE
330
17
100
AcDbEntity
  8
6190-PLAN-1
100
AcDbLine
 10
-17.116201993914355
 20
9.512696037836058
 30
0.0
 11
-16.354902711309503
 21
9.723701730584773
 31
0.0
  0
LINE
  5
5FF
330
17
100
AcDbEntity
  8
6190-PLAN-1
100
AcDbLine
 10
-13.791540570078162
 20
10.434176594871838
 30
0.0
 11
-13.030241287473904
 21
10.645182287722415
 31
0.0
  0
LINE
  5
600
330
17
100
AcDbEntity
  8
6190-PLAN-1
100
AcDbLine
 10
-16.118689618457708
 20
10.930641403718711
 30
0.0
 11
-16.02520608370643
 21
10.593356911447465
 31
0.0
  0
LINE
  5
601
330
17
100
AcDbEntity
  8
6190-PLAN-1
100
AcDbLine
 10
-14.615364452929581
 20
11.347310873042046
 30
0.0
 11
-14.52188091817839
 21
11.01002638078535
 31
0.0
  0
LINE
  5
602
330
17
100
AcDbEntity
  8
6190-PLAN-1
100
AcDbLine
 10
-16.354902711309503
 20
9.723701730584773
 30
0.0
 11
-16.02520608370643
 21
10.593356911447465
 31
0.0
  0
LINE
  5
603
330
17
100
AcDbEntity
  8
6190-PLAN-1
100
AcDbLine
 10
-14.52188091817839
 20
11.01002638078535
 30
0.0
 11
-13.791540570078162
 21
10.434176594871838
 31
0.0
  0
LINE
  5
604
330
17
100
AcDbEntity
  8
6190-PLAN-1
100
AcDbLine
 10
-16.39106652633837
 20
12.961678286788196
 30
0.0
 11
-16.359015028672054
 21
12.846037889386297
 31
0.0
  0
LINE
  5
605
330
17
100
AcDbEntity
  8
6190-PLAN-1
100
AcDbLine
 10
-15.42739654835666
 20
13.228774100463426
 30
0.0
 11
-15.395345050792205
 21
13.113133703060939
 31
0.0
  0
LINE
  5
606
330
17
100
AcDbEntity
  8
6190-PLAN-1
100
AcDbLine
 10
-14.997372288526385
 20
11.677265435913677
 30
0.0
 11
-12.964028635096017
 21
12.240837602770105
 31
0.0
  0
LINE
  5
607
330
17
100
AcDbEntity
  8
6190-PLAN-1
100
AcDbLine
 10
-14.997372288526385
 20
11.677265435913677
 30
0.0
 11
-14.197526206850682
 21
11.898954961227165
 31
0.0
  0
LINE
  5
608
330
17
100
AcDbEntity
  8
6190-PLAN-1
100
AcDbLine
 10
-14.885192046703043
 20
11.272524045261651
 30
0.0
 11
-14.615364452929581
 21
11.347310873042046
 31
0.0
  0
LINE
  5
609
330
17
100
AcDbEntity
  8
6190-PLAN-1
100
AcDbLine
 10
-17.129556784609193
 20
9.560879536638307
 30
0.0
 11
-16.392673928698954
 21
9.765117844808362
 31
0.0
  0
LINE
  5
60A
330
17
100
AcDbEntity
  8
6190-PLAN-1
100
AcDbLine
 10
-16.392673928699548
 20
9.765117844910222
 30
0.0
 11
-16.077761546787375
 21
10.595775975785665
 31
0.0
  0
LINE
  5
60B
330
17
100
AcDbEntity
  8
6190-PLAN-1
100
AcDbLine
 10
-16.16687311737637
 20
10.917286613023194
 30
0.0
 11
-16.077761546787375
 21
10.595775975785665
 31
0.0
  0
LINE
  5
60C
330
17
100
AcDbEntity
  8
6190-PLAN-1
100
AcDbLine
 10
-14.567180954025472
 20
11.360665663737478
 30
0.0
 11
-14.478069383538337
 21
11.039155026499358
 31
0.0
  0
LINE
  5
60D
330
17
100
AcDbEntity
  8
6190-PLAN-1
100
AcDbLine
 10
-14.478069383436475
 20
11.039155026499952
 30
0.0
 11
-13.780478934079069
 21
10.489127478369161
 31
0.0
  0
LINE
  5
60E
330
17
100
AcDbEntity
  8
6190-PLAN-1
100
AcDbLine
 10
-13.780478934079069
 20
10.489127478369161
 30
0.0
 11
-13.043596078169337
 21
10.693365786626526
 31
0.0
  0
LINE
  5
60F
330
17
100
AcDbEntity
  8
6190-PLAN-1
100
AcDbLine
 10
-8.758952728583848
 20
9.162146871239367
 30
0.0
 11
-8.344574638083504
 21
9.276998071106146
 31
0.0
  0
LINE
  5
610
330
17
100
AcDbEntity
  8
6190-PLAN-1
100
AcDbLine
 10
-9.23171231881915
 20
10.867842732144437
 30
0.0
 11
-8.817334228216943
 21
10.982693932011808
 31
0.0
  0
LINE
  5
611
330
17
100
AcDbEntity
  8
6190-PLAN-1
100
AcDbLine
 10
-9.231712318717289
 20
10.86784273214503
 30
0.0
 11
-8.758952728583848
 21
9.162146871239367
 31
0.0
  0
LINE
  5
612
330
17
100
AcDbEntity
  8
6190-PLAN-1
100
AcDbLine
 10
-8.344574638083504
 20
9.276998071106146
 30
0.0
 11
-8.272458768331399
 21
9.016807177079228
 31
0.0
  0
LINE
  5
613
330
17
100
AcDbEntity
  8
6190-PLAN-1
100
AcDbLine
 10
-8.045427326757098
 20
8.197687695824316
 30
0.0
 11
-7.708160403897766
 21
8.291166360968743
 31
0.0
  0
LINE
  5
614
330
17
100
AcDbEntity
  8
6190-PLAN-1
100
AcDbLine
 10
-8.27245876843326
 20
9.016807177078633
 30
0.0
 11
-7.829170578607842
 21
9.139671251350928
 31
0.0
  0
LINE
  5
615
330
17
100
AcDbEntity
  8
6190-PLAN-1
100
AcDbLine
 10
-8.045427326757098
 20
8.197687695824316
 30
0.0
 11
-7.837092592139639
 21
7.446025113154585
 31
0.0
  0
LINE
  5
616
330
17
100
AcDbEntity
  8
6190-PLAN-1
100
AcDbLine
 10
-7.510814066176014
 20
7.991054921270944
 30
0.0
 11
-6.469994031238459
 21
8.142404162976707
 31
0.0
  0
LINE
  5
617
330
17
100
AcDbEntity
  8
6190-PLAN-1
100
AcDbLine
 10
-9.8893767795336
 20
23.06837212535581
 30
0.0
 11
-9.780137596253642
 21
20.847904636663863
 31
0.0
  0
LINE
  5
618
330
17
100
AcDbEntity
  8
6190-PLAN-1
100
AcDbLine
 10
-6.77876956351785
 20
14.119965309925348
 30
0.0
 11
-6.359776558401589
 21
8.158431266942593
 31
0.0
  0
LINE
  5
619
330
17
100
AcDbEntity
  8
6190-PLAN-1
100
AcDbLine
 10
-9.364527254145406
 20
22.575556015099373
 30
0.0
 11
-9.006850283662013
 21
18.381269629705837
 31
0.0
  0
LINE
  5
61A
330
17
100
AcDbEntity
  8
6190-PLAN-1
100
AcDbLine
 10
-9.8893767795336
 20
23.06837212535581
 30
0.0
 11
-9.780137596253642
 21
20.847904636663863
 31
0.0
  0
LINE
  5
61B
330
17
100
AcDbEntity
  8
6190-PLAN-1
100
AcDbLine
 10
-9.364527254145406
 20
22.575556015099373
 30
0.0
 11
-6.708116840563886
 21
22.612155879039268
 31
0.0
  0
LINE
  5
61C
330
17
100
AcDbEntity
  8
6190-PLAN-1
100
AcDbLine
 10
-9.006850283662013
 20
18.381269629705837
 30
0.0
 11
-8.047040478957134
 21
18.38533089940581
 31
0.0
  0
LINE
  5
61D
330
17
100
AcDbEntity
  8
6190-PLAN-1
100
AcDbLine
 10
-6.703114184458137
 20
22.61222480533
 30
0.0
 11
-6.642637763920556
 21
21.382941304922618
 31
0.0
  0
LINE
  5
61E
330
17
100
AcDbEntity
  8
6190-PLAN-1
100
AcDbLine
 10
-6.642637763920556
 20
21.382941304922618
 30
0.0
 11
-3.8389791710494983
 21
21.421569945550004
 31
0.0
  0
LINE
  5
61F
330
17
100
AcDbEntity
  8
6190-PLAN-1
100
AcDbLine
 10
-9.283057602978017
 20
18.100098399509942
 30
0.0
 11
-8.033268208384778
 21
18.105386667824785
 31
0.0
  0
LINE
  5
620
330
17
100
AcDbEntity
  8
6190-PLAN-1
100
AcDbLine
 10
-8.061922215537429
 20
14.425481774101343
 30
0.0
 11
-3.3491013917641896
 21
14.451470155071586
 31
0.0
  0
LINE
  5
621
330
17
100
AcDbEntity
  8
6190-PLAN-1
100
AcDbLine
 10
-9.040426689779249
 20
17.253804978787382
 30
0.0
 11
-8.845319000308502
 21
17.25194300571714
 31
0.0
  0
LWPOLYLINE
  5
622
330
17
100
AcDbEntity
  8
6190-PLAN-1
100
AcDbPolyline
 90
3
 70
0
 10
-10.630721816255095
 20
-35.241739728014814
 10
-11.66706083722342
 20
-34.691074621089356
 42
0.1998402790731576
 10
-11.72618012568935
 20
-35.318601162741196
  0
LWPOLYLINE
  5
623
330
17
100
AcDbEntity
  8
6190-PLAN-1
100
AcDbPolyline
 90
3
 70
0
 10
-7.76175621295196
 20
-36.11974141665373
 10
-7.360938547175177
 20
-35.37017474618437
 42
0.198912367379658
 10
-8.008358999100441
 20
-35.30629685145811
  0
LINE
  5
624
330
17
100
AcDbEntity
  8
6190-PLAN-1
100
AcDbLine
 10
-11.344715408013672
 20
-28.335437802971253
 30
0.0
 11
-11.822828260919783
 21
-28.48175559538648
 31
0.0
  0
LINE
  5
625
330
17
100
AcDbEntity
  8
6190-PLAN-1
100
AcDbLine
 10
-11.6197924196314
 20
-27.436587071354573
 30
0.0
 11
-12.099509612203658
 21
-27.583395842993593
 31
0.0
  0
LINE
  5
626
330
17
100
AcDbEntity
  8
6190-PLAN-1
100
AcDbLine
 10
-11.859651015866557
 20
-27.509991457181062
 30
0.0
 11
-11.583771834466685
 21
-28.408596699186145
 31
0.0
  0
LINE
  5
627
330
17
100
AcDbEntity
  8
6190-PLAN-1
100
AcDbLine
 10
-13.04601137616947
 20
-22.811481027114212
 30
0.0
 11
-13.524124229176936
 21
-22.957798819617345
 31
0.0
  0
LINE
  5
628
330
17
100
AcDbEntity
  8
6190-PLAN-1
100
AcDbLine
 10
-13.337409820633667
 20
-21.865336181431374
 30
0.0
 11
-13.815522673539185
 21
-22.01165397394847
 31
0.0
  0
LINE
  5
629
330
17
100
AcDbEntity
  8
6190-PLAN-1
100
AcDbLine
 10
-13.576466247086087
 20
-21.93849507774813
 30
0.0
 11
-13.285067802621976
 21
-22.88463992341641
 31
0.0
  0
LINE
  5
62A
330
17
100
AcDbEntity
  8
6190-PLAN-1
100
AcDbLine
 10
-15.086066661767049
 20
-16.18760286146313
 30
0.0
 11
-15.563916832817837
 21
-16.334773558493556
 31
0.0
  0
LINE
  5
62B
330
17
100
AcDbEntity
  8
6190-PLAN-1
100
AcDbLine
 10
-14.79466868148404
 20
-17.133746200006826
 30
0.0
 11
-15.27251885253483
 21
-17.28091689703725
 31
0.0
  0
LINE
  5
62C
330
17
100
AcDbEntity
  8
6190-PLAN-1
100
AcDbLine
 10
-15.324991747241512
 20
-16.261188209978044
 30
0.0
 11
-15.033593767060367
 21
-17.207331548522337
 31
0.0
  0
LINE
  5
62D
330
17
100
AcDbEntity
  8
6190-PLAN-1
100
AcDbLine
 10
-20.03625053297273
 20
-21.858254745503462
 30
0.0
 11
-20.514363385878333
 21
-22.004572538006002
 31
0.0
  0
LINE
  5
62E
330
17
100
AcDbEntity
  8
6190-PLAN-1
100
AcDbLine
 10
-20.318818721504925
 20
-20.940780955884676
 30
0.0
 11
-20.796931574309262
 21
-21.087098748284763
 31
0.0
  0
LINE
  5
62F
330
17
100
AcDbEntity
  8
6190-PLAN-1
100
AcDbLine
 10
-20.557875147958026
 20
-21.013939852085016
 30
0.0
 11
-20.275306959425233
 21
-21.931413641805662
 31
0.0
  0
LINE
  5
630
330
17
100
AcDbEntity
  8
6190-PLAN-1
100
AcDbLine
 10
-17.652723618841534
 20
-7.853895879223099
 30
0.0
 11
-18.13057378987718
 21
-8.0010665763553
 31
0.0
  0
LINE
  5
631
330
17
100
AcDbEntity
  8
6190-PLAN-1
100
AcDbLine
 10
-17.923517701390416
 20
-6.9746515645729605
 30
0.0
 11
-18.40136787252792
 21
-7.121822261705756
 31
0.0
  0
LINE
  5
632
330
17
100
AcDbEntity
  8
6190-PLAN-1
100
AcDbLine
 10
-18.162442786966146
 20
-7.048236913190331
 30
0.0
 11
-17.891648704301446
 21
-7.927481227737928
 31
0.0
  0
LINE
  5
633
330
17
100
AcDbEntity
  8
6190-PLAN-1
100
AcDbLine
 10
-18.86541016274961
 20
-3.9164104702313005
 30
0.0
 11
-19.34326033378525
 21
-4.063581167363501
 31
0.0
  0
LINE
  5
634
330
17
100
AcDbEntity
  8
6190-PLAN-1
100
AcDbLine
 10
-18.69174874021246
 20
-4.480273672057312
 30
0.0
 11
-19.169598911263247
 21
-4.627444369087736
 31
0.0
  0
LINE
  5
635
330
17
100
AcDbEntity
  8
6190-PLAN-1
100
AcDbLine
 10
-19.104335248310786
 20
-3.989995818848586
 30
0.0
 11
-18.930673825686924
 21
-4.553859020572228
 31
0.0
  0
LINE
  5
636
330
17
100
AcDbEntity
  8
6190-PLAN-1
100
AcDbLine
 10
-19.59537682031703
 20
-1.5462736220783966
 30
0.0
 11
-20.07322699126536
 21
-1.6934443192100883
 31
0.0
  0
LINE
  5
637
330
17
100
AcDbEntity
  8
6190-PLAN-1
100
AcDbLine
 10
-19.769038242853664
 20
-0.9824104203396944
 30
0.0
 11
-20.246888413889817
 21
-1.129581117384585
 31
0.0
  0
LINE
  5
638
330
17
100
AcDbEntity
  8
6190-PLAN-1
100
AcDbLine
 10
-20.007963328328046
 20
-1.0559957688691615
 30
0.0
 11
-19.8343019057909
 21
-1.6198589706951732
 31
0.0
  0
LINE
  5
639
330
17
100
AcDbEntity
  8
6190-PLAN-1
100
AcDbLine
 10
-20.54315610944882
 20
1.531081479144928
 30
0.0
 11
-21.021006280499016
 21
1.383910782012642
 31
0.0
  0
LINE
  5
63A
330
17
100
AcDbEntity
  8
6190-PLAN-1
100
AcDbLine
 10
-20.822780433968948
 20
2.4389968040284304
 30
0.0
 11
-21.300630604917284
 21
2.2918261068967376
 31
0.0
  0
LINE
  5
63B
330
17
100
AcDbEntity
  8
6190-PLAN-1
100
AcDbLine
 10
-21.061705519442818
 20
2.3654114554116528
 30
0.0
 11
-20.78208119502455
 21
1.457496130527557
 31
0.0
  0
LINE
  5
63C
330
17
100
AcDbEntity
  8
6190-PLAN-1
100
AcDbLine
 10
-24.014599601942876
 20
-7.61591693996208
 30
0.0
 11
-23.955731323171808
 21
-7.807057008321516
 31
0.0
  0
LINE
  5
63D
330
17
100
AcDbEntity
  8
6190-PLAN-1
100
AcDbLine
 10
-23.202254311201525
 20
-7.365726755030995
 30
0.0
 11
-23.143386032429945
 21
-7.5568668234777405
 31
0.0
  0
LINE
  5
63E
330
17
100
AcDbEntity
  8
6190-PLAN-1
100
AcDbLine
 10
-23.95573132317121
 20
-7.807057008423378
 30
0.0
 11
-24.328454456550563
 21
-7.921850152174395
 31
0.0
  0
LINE
  5
63F
330
17
100
AcDbEntity
  8
6190-PLAN-1
100
AcDbLine
 10
-24.01459960194228
 20
-7.615916940063942
 30
0.0
 11
-24.387322735322222
 21
-7.730710083713097
 31
0.0
  0
LINE
  5
640
330
17
100
AcDbEntity
  8
6190-PLAN-1
100
AcDbLine
 10
-22.82953117782226
 20
-7.250933611265424
 30
0.0
 11
-23.56538466327869
 21
-4.861682756231535
 31
0.0
  0
LWPOLYLINE
  5
641
330
17
100
AcDbEntity
  8
6190-PLAN-1
100
AcDbPolyline
 90
3
 70
0
 10
-23.172820171815694
 20
-7.4612967892616435
 10
-23.57032385927208
 20
-8.21262282931602
 42
-0.198912367379658
 10
-23.985165462557042
 20
-7.711486974192729
  0
LINE
  5
642
330
17
100
AcDbEntity
  8
6190-PLAN-1
100
AcDbLine
 10
-23.45070062216697
 20
-4.826361788971244
 30
0.0
 11
-23.565384663278095
 21
-4.861682756333397
 31
0.0
  0
LINE
  5
643
330
17
100
AcDbEntity
  8
6190-PLAN-1
100
AcDbLine
 10
-23.7362117744597
 20
-3.8993324572060777
 30
0.0
 11
-24.422027222897444
 21
-1.6725506603988505
 31
0.0
  0
LINE
  5
644
330
17
100
AcDbEntity
  8
6190-PLAN-1
100
AcDbLine
 10
-23.815574848209184
 20
-4.049337465592046
 30
0.0
 11
-24.53671126392177
 21
-1.707871627673184
 31
0.0
  0
LINE
  5
645
330
17
100
AcDbEntity
  8
6190-PLAN-1
100
AcDbLine
 10
-24.422027222897444
 20
-1.6725506603988505
 30
0.0
 11
-24.53671126402312
 21
-1.7078716277610877
 31
0.0
  0
LINE
  5
646
330
17
100
AcDbEntity
  8
6190-PLAN-1
100
AcDbLine
 10
-24.786901448954204
 20
-0.8955263370197373
 30
0.0
 11
-26.276268903387482
 21
3.9403173935026774
 31
0.0
  0
LINE
  5
647
330
17
100
AcDbEntity
  8
6190-PLAN-1
100
AcDbLine
 10
-24.707538375306587
 20
-0.7455213286343625
 30
0.0
 11
-26.12626389511793
 21
3.860954319752516
 31
0.0
  0
LWPOLYLINE
  5
648
330
17
100
AcDbEntity
  8
6190-PLAN-1
100
AcDbPolyline
 90
3
 70
0
 10
-23.75823282785709
 20
-4.031676981955813
 10
-23.006906787789347
 20
-4.429180669208392
 42
-0.198912367379658
 10
-23.50804264282465
 20
-4.8440222726092586
  0
LWPOLYLINE
  5
649
330
17
100
AcDbEntity
  8
6190-PLAN-1
100
AcDbPolyline
 90
3
 70
0
 10
-24.72955942850025
 20
-0.87786585338291
 10
-23.978233388432425
 20
-1.2753695406500412
 42
-0.198912367379658
 10
-24.47936924346781
 20
-1.6902111440363563
  0
LINE
  5
64A
330
17
100
AcDbEntity
  8
6190-PLAN-1
100
AcDbLine
 10
-20.74138195608083
 20
0.47599545714309865
 30
0.0
 11
-24.707538375306587
 21
-0.7455213286343625
 31
0.0
  0
LINE
  5
64B
330
17
100
AcDbEntity
  8
6190-PLAN-1
100
AcDbLine
 10
-20.706060988820454
 20
0.36131141601682737
 30
0.0
 11
-24.786901449056067
 21
-0.8955263370203315
 31
0.0
  0
LWPOLYLINE
  5
64C
330
17
100
AcDbEntity
  8
6190-PLAN-1
100
AcDbPolyline
 90
3
 70
0
 10
-21.329300435497863
 20
-3.220820992216457
 10
-22.080626475652405
 20
-2.823317305051696
 42
0.198912367379658
 10
-22.14164572613625
 20
-3.47101117733612
  0
LINE
  5
64D
330
17
100
AcDbEntity
  8
6190-PLAN-1
100
AcDbLine
 10
-22.159306209774268
 20
-3.413669156678441
 30
0.0
 11
-22.123985242514486
 21
-3.5283531977028506
 31
0.0
  0
LINE
  5
64E
330
17
100
AcDbEntity
  8
6190-PLAN-1
100
AcDbLine
 10
-21.346960919120818
 20
-3.163478971646003
 30
0.0
 11
-21.311639951759176
 21
-3.2781630126698187
 31
0.0
  0
LINE
  5
64F
330
17
100
AcDbEntity
  8
6190-PLAN-1
100
AcDbLine
 10
-22.15727984649345
 20
-3.4130450671673134
 30
0.0
 11
-23.73621177456156
 21
-3.899332457206672
 31
0.0
  0
LINE
  5
650
330
17
100
AcDbEntity
  8
6190-PLAN-1
100
AcDbLine
 10
-22.123985242514486
 20
-3.5283531977028506
 30
0.0
 11
-23.815574848311044
 21
-4.0493374655926395
 31
0.0
  0
LWPOLYLINE
  5
651
330
17
100
AcDbEntity
  8
6190-PLAN-1
100
AcDbPolyline
 90
3
 70
0
 10
-20.932790899292616
 20
3.888991820203018
 10
-20.489015332111556
 20
4.7277768435322365
 42
0.198912367379658
 10
-21.212104764334587
 20
4.7958991110473335
  0
LINE
  5
652
330
17
100
AcDbEntity
  8
6190-PLAN-1
100
AcDbLine
 10
-22.97245276654562
 20
4.83228092049754
 30
0.0
 11
-23.00777373390726
 21
4.9469649615213545
 31
0.0
  0
LINE
  5
653
330
17
100
AcDbEntity
  8
6190-PLAN-1
100
AcDbLine
 10
-23.00777373390726
 20
4.9469649615213545
 30
0.0
 11
-26.276268903488837
 21
3.9403173934147726
 31
0.0
  0
LINE
  5
654
330
17
100
AcDbEntity
  8
6190-PLAN-1
100
AcDbLine
 10
-22.97245276654562
 20
4.83228092049754
 30
0.0
 11
-26.12626389501607
 21
3.86095431975311
 31
0.0
  0
LINE
  5
655
330
17
100
AcDbEntity
  8
6190-PLAN-1
100
AcDbLine
 10
-22.160107475892175
 20
5.082471105529976
 30
0.0
 11
-22.195428443151958
 21
5.197155146554387
 31
0.0
  0
LWPOLYLINE
  5
656
330
17
100
AcDbEntity
  8
6190-PLAN-1
100
AcDbPolyline
 90
3
 70
0
 10
-22.990113250269758
 20
4.889622940950986
 10
-22.238787210114705
 20
4.492119253698915
 42
0.198912367379658
 10
-22.177767959529
 20
5.139813125983933
  0
LWPOLYLINE
  5
657
330
17
100
AcDbEntity
  8
6190-PLAN-1
100
AcDbPolyline
 90
3
 70
0
 10
-24.7974037938425
 20
8.033984576415051
 10
-26.058774294322113
 20
7.870071515899895
 42
0.198912367379658
 10
-25.573423391761814
 20
7.026156905325793
  0
LINE
  5
658
330
17
100
AcDbEntity
  8
6190-PLAN-1
100
AcDbLine
 10
-25.012287761061085
 20
11.279755303549404
 30
0.0
 11
-25.12440655539461
 21
11.64379506224782
 31
0.0
  0
LINE
  5
659
330
17
100
AcDbEntity
  8
6190-PLAN-1
100
AcDbLine
 10
-24.066144422502756
 20
11.571153283817942
 30
0.0
 11
-24.178263216850237
 21
11.935193042414415
 31
0.0
  0
LINE
  5
65A
330
17
100
AcDbEntity
  8
6190-PLAN-1
100
AcDbLine
 10
-26.445838273994585
 20
10.838243212357543
 30
0.0
 11
-26.55795706834207
 21
11.202282970954014
 31
0.0
  0
LINE
  5
65B
330
17
100
AcDbEntity
  8
6190-PLAN-1
100
AcDbLine
 10
-27.430209626314973
 20
10.53507157632553
 30
0.0
 11
-27.542328420662457
 21
10.899111334922003
 31
0.0
  0
LINE
  5
65C
330
17
100
AcDbEntity
  8
6190-PLAN-1
100
AcDbLine
 10
-33.49027861144877
 20
-49.06895696195328
 30
0.0
 11
-38.68414110332536
 21
-50.59756025738611
 31
0.0
  0
LINE
  5
65D
330
17
100
AcDbEntity
  8
6190-PLAN-1
100
AcDbLine
 10
-35.57366132388932
 20
-42.35218536392102
 30
0.0
 11
-33.49027861144877
 21
-49.06895696195328
 31
0.0
  0
LINE
  5
65E
330
17
100
AcDbEntity
  8
6190-PLAN-1
100
AcDbLine
 10
-38.557854391258495
 20
-51.08110594891706
 30
0.0
 11
-38.68414110332536
 21
-50.59756025738611
 31
0.0
  0
LINE
  5
65F
330
17
100
AcDbEntity
  8
6190-PLAN-1
100
AcDbLine
 10
-7.788777936155645
 20
-38.53181790174472
 30
0.0
 11
-8.465880888464598
 21
-36.33522604034887
 31
0.0
  0
LINE
  5
660
330
17
100
AcDbEntity
  8
6190-PLAN-1
100
AcDbLine
 10
-16.010299104360907
 20
-36.365172138886294
 30
0.0
 11
-19.039287031130527
 21
-26.794014338183413
 31
0.0
  0
LINE
  5
661
330
17
100
AcDbEntity
  8
6190-PLAN-1
100
AcDbLine
 10
-23.5877533259174
 20
16.238521143731344
 30
0.0
 11
-23.454205419094887
 21
15.756686154834991
 31
0.0
  0
LINE
  5
662
330
17
100
AcDbEntity
  8
6190-PLAN-1
100
AcDbLine
 10
-22.37352915375641
 20
16.575061868998834
 30
0.0
 11
-22.239981246918752
 21
16.093226880000703
 31
0.0
  0
LINE
  5
663
330
17
100
AcDbEntity
  8
6190-PLAN-1
100
AcDbLine
 10
-21.486952774105664
 20
16.820790017557975
 30
0.0
 11
-21.353404867268004
 21
16.338955028559845
 31
0.0
  0
LINE
  5
664
330
17
100
AcDbEntity
  8
6190-PLAN-1
100
AcDbLine
 10
-20.27272860192953
 20
17.157330742723687
 30
0.0
 11
-20.13918069509246
 21
16.675495753827416
 31
0.0
  0
LINE
  5
665
330
17
100
AcDbEntity
  8
6190-PLAN-1
100
AcDbLine
 10
-23.520979372455212
 20
15.997603649283466
 30
0.0
 11
-22.30675520038094
 21
16.334144374448584
 31
0.0
  0
LINE
  5
666
330
17
100
AcDbEntity
  8
6190-PLAN-1
100
AcDbLine
 10
-21.42017882064288
 20
16.57987252300823
 30
0.0
 11
-20.20595464846734
 21
16.91641324827581
 31
0.0
  0
LINE
  5
667
330
17
100
AcDbEntity
  8
6190-PLAN-1
100
AcDbLine
 10
-19.833143855758095
 20
12.651027906542375
 30
0.0
 11
-19.667544451269944
 21
12.053552520360538
 31
0.0
  0
LINE
  5
668
330
17
100
AcDbEntity
  8
6190-PLAN-1
100
AcDbLine
 10
-18.27985968304126
 20
12.438170491916289
 30
0.0
 11
-16.39106652633837
 21
12.961678286788196
 31
0.0
  0
LINE
  5
669
330
17
100
AcDbEntity
  8
6190-PLAN-1
100
AcDbLine
 10
-20.011324244931174
 20
11.833744755642677
 30
0.0
 11
-19.336755260505097
 21
12.020711825144552
 31
0.0
  0
LWPOLYLINE
  5
66A
330
17
100
AcDbEntity
  8
6190-PLAN-1
100
AcDbPolyline
 90
3
 70
0
 10
-18.379474331603614
 20
12.34829879570186
 10
-19.258459997308925
 20
12.845776634039561
 42
0.198912367379658
 10
-19.35278100933127
 20
12.078532023896475
  0
LINE
  5
66B
330
17
100
AcDbEntity
  8
6190-PLAN-1
100
AcDbLine
 10
-15.42739654835666
 20
13.228774100463426
 30
0.0
 11
-13.50969329243005
 21
13.760294769652948
 31
0.0
  0
LINE
  5
66C
330
17
100
AcDbEntity
  8
6190-PLAN-1
100
AcDbLine
 10
-15.395345050792205
 20
13.113133703060939
 30
0.0
 11
-13.362001397463107
 21
13.67670586981491
 31
0.0
  0
LINE
  5
66D
330
17
100
AcDbEntity
  8
6190-PLAN-1
100
AcDbLine
 10
-14.997372288526385
 20
11.677265435913677
 30
0.0
 11
-14.885192046804312
 21
11.272524045159196
 31
0.0
  0
LINE
  5
66E
330
17
100
AcDbEntity
  8
6190-PLAN-1
100
AcDbLine
 10
-15.961042266421464
 20
11.410169622355363
 30
0.0
 11
-15.848862024684838
 21
11.005428231600968
 31
0.0
  0
LINE
  5
66F
330
17
100
AcDbEntity
  8
6190-PLAN-1
100
AcDbLine
 10
-14.914723524663563
 20
18.642383466717753
 30
0.0
 11
-14.781175617826495
 21
18.160548477821486
 31
0.0
  0
LINE
  5
670
330
17
100
AcDbEntity
  8
6190-PLAN-1
100
AcDbLine
 10
-16.128947696839017
 20
18.30584274143563
 30
0.0
 11
-15.995399790103898
 21
17.824007752553314
 31
0.0
  0
LINE
  5
671
330
17
100
AcDbEntity
  8
6190-PLAN-1
100
AcDbLine
 10
-17.429902167092656
 20
17.945263393125533
 30
0.0
 11
-17.296354260255587
 21
17.463428404229262
 31
0.0
  0
LINE
  5
672
330
17
100
AcDbEntity
  8
6190-PLAN-1
100
AcDbLine
 10
-18.644126339254235
 20
17.608722667959903
 30
0.0
 11
-18.51057843243172
 21
17.126887679063547
 31
0.0
  0
LINE
  5
673
330
17
100
AcDbEntity
  8
6190-PLAN-1
100
AcDbLine
 10
-18.57735238579205
 20
17.36780517351202
 30
0.0
 11
-17.363128213615916
 21
17.704345898677733
 31
0.0
  0
LINE
  5
674
330
17
100
AcDbEntity
  8
6190-PLAN-1
100
AcDbLine
 10
-16.062173743478777
 20
18.064925247001707
 30
0.0
 11
-14.847949571303236
 21
18.401465972269282
 31
0.0
  0
LINE
  5
675
330
17
100
AcDbEntity
  8
6190-PLAN-1
100
AcDbLine
 10
-12.486275180326441
 20
19.31546491715096
 30
0.0
 11
-12.352727273591237
 21
18.833629928254098
 31
0.0
  0
LINE
  5
676
330
17
100
AcDbEntity
  8
6190-PLAN-1
100
AcDbLine
 10
-13.700499352487428
 20
18.97892419188347
 30
0.0
 11
-13.566951445766776
 21
18.49708920298652
 31
0.0
  0
LINE
  5
677
330
17
100
AcDbEntity
  8
6190-PLAN-1
100
AcDbLine
 10
-13.633725399127103
 20
18.738006697434994
 30
0.0
 11
-12.419501226951562
 21
19.07454742270257
 31
0.0
  0
LINE
  5
678
330
17
100
AcDbEntity
  8
6190-PLAN-1
100
AcDbLine
 10
-12.574933413860553
 20
14.019377708893053
 30
0.0
 11
-12.54288191620879
 21
13.90373731149107
 31
0.0
  0
LINE
  5
679
330
17
100
AcDbEntity
  8
6190-PLAN-1
100
AcDbLine
 10
-12.574933413859958
 20
14.019377708791193
 30
0.0
 11
-9.867020775902244
 21
14.76991694525195
 31
0.0
  0
LINE
  5
67A
330
17
100
AcDbEntity
  8
6190-PLAN-1
100
AcDbLine
 10
-12.54288191620879
 20
13.90373731149107
 30
0.0
 11
-9.391681088425146
 21
14.777140622136812
 31
0.0
  0
LWPOLYLINE
  5
67B
330
17
100
AcDbEntity
  8
6190-PLAN-1
100
AcDbPolyline
 90
3
 70
0
 10
-13.37802714628869
 20
13.73452606846497
 10
-12.95935767842892
 20
14.474266480258983
 42
-0.198912367379658
 10
-12.558907665034374
 20
13.961557510141134
  0
LWPOLYLINE
  5
67C
330
17
100
AcDbEntity
  8
6190-PLAN-1
100
AcDbPolyline
 90
3
 70
0
 10
-16.375040777497638
 20
12.903858088036356
 10
-15.882488462376724
 20
13.774140925383676
 42
-0.198912367379658
 10
-15.41137079961779
 20
13.170953901710998
  0
LWPOLYLINE
  5
67D
330
17
100
AcDbEntity
  8
6190-PLAN-1
100
AcDbPolyline
 90
3
 70
0
 10
-14.941282167614418
 20
11.474894740536733
 10
-15.433834482750479
 20
10.604611903291191
 42
-0.198912367379658
 10
-15.904952145509496
 20
11.207798926978422
  0
LINE
  5
67E
330
17
100
AcDbEntity
  8
6190-PLAN-1
100
AcDbLine
 10
-20.441895903171414
 20
3.952411870412146
 30
0.0
 11
-20.308347996334344
 21
3.470576881515877
 31
0.0
  0
LINE
  5
67F
330
17
100
AcDbEntity
  8
6190-PLAN-1
100
AcDbLine
 10
-19.246945130574996
 20
4.283610679404356
 30
0.0
 11
-19.11339722365062
 21
3.8017756905085958
 31
0.0
  0
LINE
  5
680
330
17
100
AcDbEntity
  8
6190-PLAN-1
100
AcDbLine
 10
-16.288478298335548
 20
5.103594827356099
 30
0.0
 11
-16.154930391599837
 21
4.621759838371927
 31
0.0
  0
LINE
  5
681
330
17
100
AcDbEntity
  8
6190-PLAN-1
100
AcDbLine
 10
-17.483429071019362
 20
4.772396018377933
 30
0.0
 11
-17.349881164196844
 21
4.290561029481578
 31
0.0
  0
LINE
  5
682
330
17
100
AcDbEntity
  8
6190-PLAN-1
100
AcDbLine
 10
-20.375121949709225
 20
3.7114943759642656
 30
0.0
 11
-19.180171177112808
 21
4.042693184956477
 31
0.0
  0
LINE
  5
683
330
17
100
AcDbEntity
  8
6190-PLAN-1
100
AcDbLine
 10
-17.416655117557173
 20
4.531478523930053
 30
0.0
 11
-16.22170434497471
 21
4.862677332820315
 31
0.0
  0
LINE
  5
684
330
17
100
AcDbEntity
  8
6190-PLAN-1
100
AcDbLine
 10
-17.498938204889033
 20
10.444314518050186
 30
0.0
 11
-17.38329780748654
 21
10.47636601561464
 31
0.0
  0
LINE
  5
685
330
17
100
AcDbEntity
  8
6190-PLAN-1
100
AcDbLine
 10
-17.271906763198317
 20
9.625195036795953
 30
0.0
 11
-17.156266365898283
 21
9.657246534461674
 31
0.0
  0
LINE
  5
686
330
17
100
AcDbEntity
  8
6190-PLAN-1
100
AcDbLine
 10
-17.271906763198317
 20
9.625195036795953
 30
0.0
 11
-16.03792410414121
 21
5.17303973886113
 31
0.0
  0
LINE
  5
687
330
17
100
AcDbEntity
  8
6190-PLAN-1
100
AcDbLine
 10
-17.156266365898283
 20
9.657246534461674
 30
0.0
 11
-17.129556784507333
 21
9.5608795366389
 31
0.0
  0
LINE
  5
688
330
17
100
AcDbEntity
  8
6190-PLAN-1
100
AcDbLine
 10
-13.297337101148544
 20
11.608852265602264
 30
0.0
 11
-13.181696703833364
 21
11.640903763166207
 31
0.0
  0
LINE
  5
689
330
17
100
AcDbEntity
  8
6190-PLAN-1
100
AcDbLine
 10
-13.070305659559693
 20
10.789732784347436
 30
0.0
 11
-12.95466526225966
 21
10.821784282013159
 31
0.0
  0
LINE
  5
68A
330
17
100
AcDbEntity
  8
6190-PLAN-1
100
AcDbLine
 10
-12.95466526225966
 20
10.821784282013159
 30
0.0
 11
-11.720682603202551
 21
6.369628984078334
 31
0.0
  0
LINE
  5
68B
330
17
100
AcDbEntity
  8
6190-PLAN-1
100
AcDbLine
 10
-13.070305659559693
 20
10.789732784347436
 30
0.0
 11
-13.043596078169337
 21
10.693365786626526
 31
0.0
  0
LINE
  5
68C
330
17
100
AcDbEntity
  8
6190-PLAN-1
100
AcDbLine
 10
-15.20916792315507
 20
5.402742138594601
 30
0.0
 11
-15.075620016318004
 21
4.92090714969833
 31
0.0
  0
LINE
  5
68D
330
17
100
AcDbEntity
  8
6190-PLAN-1
100
AcDbLine
 10
-14.014217150558652
 20
5.733940947586811
 30
0.0
 11
-13.880669243720995
 21
5.252105958588679
 31
0.0
  0
LINE
  5
68E
330
17
100
AcDbEntity
  8
6190-PLAN-1
100
AcDbLine
 10
-15.142393969780192
 20
5.161824644146211
 30
0.0
 11
-13.94744319709587
 21
5.493023453037068
 31
0.0
  0
LINE
  5
68F
330
17
100
AcDbEntity
  8
6190-PLAN-1
100
AcDbLine
 10
-13.031273773084452
 20
6.006378677420489
 30
0.0
 11
-12.897725866262022
 21
5.524543688538685
 31
0.0
  0
LINE
  5
690
330
17
100
AcDbEntity
  8
6190-PLAN-1
100
AcDbLine
 10
-12.964499819724125
 20
5.765461182972015
 30
0.0
 11
-11.76954904703989
 21
6.096659991877424
 31
0.0
  0
LINE
  5
691
330
17
100
AcDbEntity
  8
6190-PLAN-1
100
AcDbLine
 10
-10.901563121947724
 20
6.596660425667185
 30
0.0
 11
-10.768015215110065
 21
6.114825436669054
 31
0.0
  0
LINE
  5
692
330
17
100
AcDbEntity
  8
6190-PLAN-1
100
AcDbLine
 10
-9.706612349350715
 20
6.927859234557534
 30
0.0
 11
-9.573064442426338
 21
6.446024245661775
 31
0.0
  0
LINE
  5
693
330
17
100
AcDbEntity
  8
6190-PLAN-1
100
AcDbLine
 10
-10.834789168485537
 20
6.355742931219307
 30
0.0
 11
-9.639838395888527
 21
6.6869417401096545
 31
0.0
  0
LWPOLYLINE
  5
694
330
17
100
AcDbEntity
  8
6190-PLAN-1
100
AcDbPolyline
 90
3
 70
0
 10
-16.077761546787375
 20
10.595775975785665
 10
-15.713074230285583
 20
9.78573529785691
 42
-0.198912367379658
 10
-16.392673928699548
 20
9.765117844910222
  0
LWPOLYLINE
  5
695
330
17
100
AcDbEntity
  8
6190-PLAN-1
100
AcDbPolyline
 90
3
 70
0
 10
-17.44111800623846
 20
10.46034026678846
 10
-16.701377594532357
 20
10.041670799030042
 42
-0.198912367379658
 10
-17.214086564548342
 20
9.64122078563609
  0
LWPOLYLINE
  5
696
330
17
100
AcDbEntity
  8
6190-PLAN-1
100
AcDbPolyline
 90
3
 70
0
 10
-14.478069383538337
 20
11.039155026499358
 10
-14.373726655245614
 20
10.156955880062101
 42
0.198912367379658
 10
-13.780478934079069
 20
10.489127478369161
  0
LWPOLYLINE
  5
697
330
17
100
AcDbEntity
  8
6190-PLAN-1
100
AcDbPolyline
 90
3
 70
0
 10
-13.012485460909634
 20
10.805758533173021
 10
-12.593815993049354
 20
11.545498944879721
 42
0.198912367379658
 10
-13.239516902484018
 20
11.624878014442485
  0
LINE
  5
698
330
17
100
AcDbEntity
  8
6190-PLAN-1
100
AcDbLine
 10
-12.964028635096017
 20
12.240837602770105
 30
0.0
 11
-12.851848393373944
 21
11.836096212015622
 31
0.0
  0
LINE
  5
699
330
17
100
AcDbEntity
  8
6190-PLAN-1
100
AcDbLine
 10
-12.144909153841192
 20
12.467869044358956
 30
0.0
 11
-12.032728912119712
 21
12.063127653706337
 31
0.0
  0
LINE
  5
69A
330
17
100
AcDbEntity
  8
6190-PLAN-1
100
AcDbLine
 10
-12.144909153841192
 20
12.467869044358956
 30
0.0
 11
-8.945524827255216
 21
13.354627145684987
 31
0.0
  0
LINE
  5
69B
330
17
100
AcDbEntity
  8
6190-PLAN-1
100
AcDbLine
 10
-12.032728912119712
 20
12.063127653706337
 30
0.0
 11
-9.324816274161403
 21
12.81366689006523
 31
0.0
  0
LWPOLYLINE
  5
69C
330
17
100
AcDbEntity
  8
6190-PLAN-1
100
AcDbPolyline
 90
3
 70
0
 10
-12.907938514285911
 20
12.038466907392566
 10
-12.16819810247735
 20
11.619797439532881
 42
0.198912367379658
 10
-12.088819032929818
 20
12.265498349083872
  0
LWPOLYLINE
  5
69D
330
17
100
AcDbEntity
  8
6190-PLAN-1
100
AcDbPolyline
 90
3
 70
0
 10
-7.823783231888342
 20
8.259119733011138
 10
-8.563523643595042
 20
8.677789200871418
 42
-0.198912367379658
 10
-8.050814673477193
 20
9.078239214265967
  0
LINE
  5
69E
330
17
100
AcDbEntity
  8
6190-PLAN-1
100
AcDbLine
 10
-7.196189594486562
 20
18.388931128179312
 30
0.0
 11
-7.182417323812343
 21
18.108986896598882
 31
0.0
  0
LINE
  5
69F
330
17
100
AcDbEntity
  8
6190-PLAN-1
100
AcDbLine
 10
-8.047040478957134
 20
18.38533089940581
 30
0.0
 11
-8.033268208282916
 21
18.10538666782538
 31
0.0
  0
LINE
  5
6A0
330
17
100
AcDbEntity
  8
6190-PLAN-1
100
AcDbLine
 10
-7.182417323812343
 20
18.108986896598882
 30
0.0
 11
-3.6072249497109645
 21
18.124114706652854
 31
0.0
  0
LINE
  5
6A1
330
17
100
AcDbEntity
  8
6190-PLAN-1
100
AcDbLine
 10
-7.196189594486562
 20
18.388931128179312
 30
0.0
 11
-3.626898445101095
 21
18.404033968313342
 31
0.0
  0
LWPOLYLINE
  5
6A2
330
17
100
AcDbEntity
  8
6190-PLAN-1
100
AcDbPolyline
 90
3
 70
0
 10
-7.189303459193404
 20
18.248959012439773
 10
-7.788400143166413
 20
17.64477083597971
 42
-0.198912367379658
 10
-8.040154343663382
 20
18.24535878356441
  0
LWPOLYLINE
  5
6A3
330
17
100
AcDbEntity
  8
6190-PLAN-1
100
AcDbPolyline
 90
3
 70
0
 10
-9.248815860275966
 20
18.100243287547034
 10
-8.509098590867465
 20
17.639046780407238
 42
-0.1954062664944977
 10
-9.04042668988111
 20
17.25380497878679
  0
LINE
  5
6A4
330
17
100
AcDbEntity
  8
6190-PLAN-1
100
AcDbLine
 10
-3.5607418505477844
 20
14.450303084809764
 30
0.0
 11
-3.547571564925145
 21
14.18259519533137
 31
0.0
  0
LINE
  5
6A5
330
17
100
AcDbEntity
  8
6190-PLAN-1
100
AcDbLine
 10
-4.902083245082533
 20
14.444627430030643
 30
0.0
 11
-4.887914072654274
 21
14.156615512956545
 31
0.0
  0
LINE
  5
6A6
330
17
100
AcDbEntity
  8
6190-PLAN-1
100
AcDbLine
 10
-4.894998658861128
 20
14.300621471493635
 30
0.0
 11
-3.5541567077367193
 21
14.316449140114226
 31
0.0
  0
LINE
  5
6A7
330
17
100
AcDbEntity
  8
6190-PLAN-1
100
AcDbLine
 10
-6.551490407954548
 20
9.301954365715332
 30
0.0
 11
-6.440706584672233
 21
9.309923298735182
 31
0.0
  0
LINE
  5
6A8
330
17
100
AcDbEntity
  8
6190-PLAN-1
100
AcDbLine
 10
-6.636151751642201
 20
10.478913352586893
 30
0.0
 11
-6.525367928345419
 21
10.486882285621382
 31
0.0
  0
LINE
  5
6A9
330
17
100
AcDbEntity
  8
6190-PLAN-1
100
AcDbLine
 10
-6.580759839986789
 20
10.482897819147835
 30
0.0
 11
-6.496098496313094
 21
9.305938832174327
 31
0.0
  0
LINE
  5
6AA
330
17
100
AcDbEntity
  8
6190-PLAN-1
100
AcDbLine
 10
-6.77876956351785
 20
14.119965309925348
 30
0.0
 11
25.066395296064094
 21
14.737215947820317
 31
0.0
  0
LINE
  5
6AB
330
17
100
AcDbEntity
  8
6190-PLAN-1
100
AcDbLine
 10
-11.720682603202551
 20
6.369628984078334
 30
0.0
 11
-7.837092592139044
 21
7.446025113052723
 31
0.0
  0
LINE
  5
6AC
330
17
100
AcDbEntity
  8
6190-PLAN-1
100
AcDbLine
 10
-15.922283706841174
 20
5.205091236526851
 30
0.0
 11
-11.836323000502585
 21
6.337577486412615
 31
0.0
  0
LINE
  5
6AD
330
17
100
AcDbEntity
  8
6190-PLAN-1
100
AcDbLine
 10
-20.74138195608083
 20
0.47599545714309865
 30
0.0
 11
-21.557073555509792
 21
3.1244735713358227
 31
0.0
  0
LINE
  5
6AE
330
17
100
AcDbEntity
  8
6190-PLAN-1
100
AcDbLine
 10
-19.770055355335213
 20
-2.677815671531072
 30
0.0
 11
-20.705889509476314
 21
0.36136422903176824
 31
0.0
  0
LINE
  5
6AF
330
17
100
AcDbEntity
  8
6190-PLAN-1
100
AcDbLine
 10
-17.815628498198617
 20
-9.023665942351116
 30
0.0
 11
-19.734734387973567
 21
-2.792499712554888
 31
0.0
  0
LINE
  5
6B0
330
17
100
AcDbEntity
  8
6190-PLAN-1
100
AcDbLine
 10
-28.64122148954426
 20
6.081321030073026
 30
0.0
 11
-29.78915292680681
 21
9.808552363824317
 31
0.0
  0
LINE
  5
6B1
330
17
100
AcDbEntity
  8
6190-PLAN-1
100
AcDbLine
 10
-25.55870632211983
 20
6.978371888210171
 30
0.0
 11
-25.573423391761814
 21
7.026156905325793
 31
0.0
  0
LINE
  5
6B2
330
17
100
AcDbEntity
  8
6190-PLAN-1
100
AcDbLine
 10
-24.7974037938425
 20
8.033984576415051
 30
0.0
 11
-24.758998313436052
 21
8.004040026961517
 31
0.0
  0
LINE
  5
6B3
330
17
100
AcDbEntity
  8
6190-PLAN-1
100
AcDbLine
 10
-22.11271688109337
 20
9.269305442772904
 30
0.0
 11
-20.89952669508176
 21
4.892168475732719
 31
0.0
  0
LINE
  5
6B4
330
17
100
AcDbEntity
  8
6190-PLAN-1
100
AcDbLine
 10
-19.503158509635455
 20
16.851778990779668
 30
0.0
 11
-19.252604315354404
 21
16.921223902387066
 31
0.0
  0
LINE
  5
6B5
330
17
100
AcDbEntity
  8
6190-PLAN-1
100
AcDbLine
 10
-14.617351721621757
 20
18.205954766080776
 30
0.0
 11
-11.090319602510991
 21
19.18352544411524
 31
0.0
  0
LINE
  5
6B6
330
17
100
AcDbEntity
  8
6190-PLAN-1
100
AcDbLine
 10
-22.80309910952061
 20
9.513789345415868
 30
0.0
 11
-21.652982831691634
 21
5.364220272016011
 31
0.0
  0
LINE
  5
6B7
330
17
100
AcDbEntity
  8
6190-PLAN-1
100
AcDbLine
 10
-18.78459530167981
 20
10.62757888833075
 30
0.0
 11
-18.672415059957736
 21
10.222837497576267
 31
0.0
  0
LINE
  5
6B8
330
17
100
AcDbEntity
  8
6190-PLAN-1
100
AcDbLine
 10
-17.96547582042498
 20
10.8546103299196
 30
0.0
 11
-15.961042266421464
 21
11.410169622355363
 31
0.0
  0
LINE
  5
6B9
330
17
100
AcDbEntity
  8
6190-PLAN-1
100
AcDbLine
 10
-17.853295578688357
 20
10.449868939165203
 30
0.0
 11
-17.525647786177526
 21
10.540681515771693
 31
0.0
  0
LINE
  5
6BA
330
17
100
AcDbEntity
  8
6190-PLAN-1
100
AcDbLine
 10
-17.96547582042498
 20
10.8546103299196
 30
0.0
 11
-17.853295578688357
 21
10.449868939165203
 31
0.0
  0
LWPOLYLINE
  5
6BB
330
17
100
AcDbEntity
  8
6190-PLAN-1
100
AcDbPolyline
 90
3
 70
0
 10
-17.909385699600325
 20
10.652239634542147
 10
-18.328055167460604
 20
9.912499222835446
 42
-0.198912367379658
 10
-18.728505180767844
 20
10.425208192953804
  0
LINE
  5
6BC
330
17
100
AcDbEntity
  8
6190-PLAN-1
100
AcDbLine
 10
-17.41000738886294
 20
10.572733013437498
 30
0.0
 11
-16.16687311737637
 21
10.917286613023194
 31
0.0
  0
LINE
  5
6BD
330
17
100
AcDbEntity
  8
6190-PLAN-1
100
AcDbLine
 10
-16.118689618457708
 20
10.930641403718711
 30
0.0
 11
-15.848862024597528
 21
11.005428231601476
 31
0.0
  0
LINE
  5
6BE
330
17
100
AcDbEntity
  8
6190-PLAN-1
100
AcDbLine
 10
-14.567180954025472
 20
11.360665663737478
 30
0.0
 11
-13.324046682524349
 21
11.70521926332326
 31
0.0
  0
LINE
  5
6BF
330
17
100
AcDbEntity
  8
6190-PLAN-1
100
AcDbLine
 10
-13.208406285224315
 20
11.73727076098898
 30
0.0
 11
-12.851848393373944
 21
11.836096212015622
 31
0.0
  0
LINE
  5
6C0
330
17
100
AcDbEntity
  8
6190-PLAN-1
100
AcDbLine
 10
-13.030241287473904
 20
10.645182287722415
 30
0.0
 11
-11.70277509366501
 21
5.855742497429034
 31
0.0
  0
LINE
  5
6C1
330
17
100
AcDbEntity
  8
6190-PLAN-1
100
AcDbLine
 10
-17.116201993914355
 20
9.512696037836058
 30
0.0
 11
-15.922283706841174
 21
5.205091236526851
 31
0.0
  0
LINE
  5
6C2
330
17
100
AcDbEntity
  8
6190-PLAN-1
100
AcDbLine
 10
4.1148177297977995
 20
23.258028881436196
 30
0.0
 11
4.219918700801012
 21
21.76262678840132
 31
0.0
  0
LINE
  5
6C3
330
17
100
AcDbEntity
  8
6190-PLAN-1
100
AcDbLine
 10
3.6373367452930467
 20
22.754694920393394
 30
0.0
 11
3.707558166623531
 21
21.755567515633672
 31
0.0
  0
LINE
  5
6C4
330
17
100
AcDbEntity
  8
6190-PLAN-1
100
AcDbLine
 10
-8.980353535464488
 20
13.293088856187303
 30
0.0
 11
-8.75866401006369
 21
12.493242774512108
 31
0.0
  0
LINE
  5
6C5
330
17
100
AcDbEntity
  8
6190-PLAN-1
100
AcDbLine
 10
-7.636152716797174
 20
8.031365784942077
 30
0.0
 11
-6.474066536612376
 21
8.200348756277842
 31
0.0
  0
LINE
  5
6C6
330
17
100
AcDbEntity
  8
6190-PLAN-1
100
AcDbLine
 10
-7.636152716797174
 20
8.031365784942077
 30
0.0
 11
-7.708160403897766
 21
8.291166360968743
 31
0.0
  0
LINE
  5
6C7
330
17
100
AcDbEntity
  8
6190-PLAN-1
100
AcDbLine
 10
-8.980353535464488
 20
13.293088856187303
 30
0.0
 11
-8.932170036559784
 21
13.306443646780874
 31
0.0
  0
LINE
  5
6C8
330
17
100
AcDbEntity
  8
6190-PLAN-1
100
AcDbLine
 10
-8.75866401006369
 20
12.493242774512108
 30
0.0
 11
-7.843177531087953
 21
12.746983797491316
 31
0.0
  0
LINE
  5
6C9
330
17
100
AcDbEntity
  8
6190-PLAN-1
100
AcDbLine
 10
-8.064867056386802
 20
13.54682987915255
 30
0.0
 11
-7.843177531087953
 21
12.746983797491316
 31
0.0
  0
LINE
  5
6CA
330
17
100
AcDbEntity
  8
6190-PLAN-1
100
AcDbLine
 10
-8.745309219368258
 20
12.445059275607997
 30
0.0
 11
-7.781639241488325
 21
12.712155089268085
 31
0.0
  0
LINE
  5
6CB
330
17
100
AcDbEntity
  8
6190-PLAN-1
100
AcDbLine
 10
-8.945524827255216
 20
13.354627145684987
 30
0.0
 11
-8.932170036560377
 21
13.306443646882737
 31
0.0
  0
LINE
  5
6CC
330
17
100
AcDbEntity
  8
6190-PLAN-1
100
AcDbLine
 10
-8.126405345899121
 20
13.581658587376293
 30
0.0
 11
-8.113050555203689
 21
13.53347508847218
 31
0.0
  0
LINE
  5
6CD
330
17
100
AcDbEntity
  8
6190-PLAN-1
100
AcDbLine
 10
-8.113050555203689
 20
13.53347508847218
 30
0.0
 11
-8.064867056386802
 21
13.54682987915255
 31
0.0
  0
LINE
  5
6CE
330
17
100
AcDbEntity
  8
6190-PLAN-1
100
AcDbLine
 10
-8.126405345899121
 20
13.581658587376293
 30
0.0
 11
-8.030038348177616
 21
13.608368168664786
 31
0.0
  0
LINE
  5
6CF
330
17
100
AcDbEntity
  8
6190-PLAN-1
100
AcDbLine
 10
-8.016683557482098
 20
13.560184669746125
 30
0.0
 11
-6.873048479638726
 21
13.877160552282412
 31
0.0
  0
LINE
  5
6D0
330
17
100
AcDbEntity
  8
6190-PLAN-1
100
AcDbLine
 10
-8.016683557482692
 20
13.560184669847985
 30
0.0
 11
-7.781639241488325
 21
12.712155089268085
 31
0.0
  0
LINE
  5
6D1
330
17
100
AcDbEntity
  8
6190-PLAN-1
100
AcDbLine
 10
-8.745309219368258
 20
12.445059275607997
 30
0.0
 11
-7.829170578607842
 21
9.139671251350928
 31
0.0
  0
LWPOLYLINE
  5
6D2
330
17
100
AcDbEntity
  8
6190-PLAN-1
100
AcDbPolyline
 90
3
 70
0
 10
-8.11972795059506
 20
13.557566837923982
 10
-8.859468362403621
 20
13.976236305783669
 42
0.198912367379658
 10
-8.938847431951155
 20
13.330535396232673
  0
LINE
  5
6D3
330
17
100
AcDbEntity
  8
6190-PLAN-1
100
AcDbLine
 10
-6.735878989438555
 20
11.925479797027217
 30
0.0
 11
-6.625095165952516
 21
11.933448730048257
 31
0.0
  0
LINE
  5
6D4
330
17
100
AcDbEntity
  8
6190-PLAN-1
100
AcDbLine
 10
-6.771389264398317
 20
12.430728596043968
 30
0.0
 11
-6.660605440912279
 21
12.438697529065008
 31
0.0
  0
LINE
  5
6D5
330
17
100
AcDbEntity
  8
6190-PLAN-1
100
AcDbLine
 10
-6.715997352655594
 20
12.43471306260542
 30
0.0
 11
-6.680487077695238
 21
11.929464263486807
 31
0.0
  0
LWPOLYLINE
  5
6D6
330
17
100
AcDbEntity
  8
6190-PLAN-1
100
AcDbPolyline
 90
16
 70
1
 10
-11.344715408013672
 20
-28.335437802971253
 10
-9.633514938160737
 20
-33.891553615080134
 10
-3.1693967435551653
 20
-32.17255801123824
 10
-1.792610747231598
 20
-36.714027730991155
 10
-7.788777936155645
 20
-38.53181790174472
 10
-8.465880888464598
 20
-36.33522604034887
 10
-7.761756212951367
 20
-36.119741416755595
 10
-7.21038496788511
 20
-37.938495980162244
 10
-2.195755805460162
 20
-36.41826758853669
 10
-3.3063272713131933
 20
-32.7549337826818
 10
-8.375587844258149
 20
-34.09495486756707
 10
-8.248905956958831
 20
-34.51282805683797
 10
-10.869351175821526
 20
-35.31476792817101
 10
-11.169152740382147
 20
-34.34133889819706
 10
-10.116419433905065
 20
-34.019168907271805
 10
-11.822828260919783
 20
-28.48175559538648
  0
LWPOLYLINE
  5
6D7
330
17
100
AcDbEntity
  8
6190-PLAN-1
100
AcDbPolyline
 90
32
 70
1
 10
-12.144909153841192
 20
12.467869044358956
 10
-8.945524827255216
 20
13.354627145684987
 10
-8.932170036559784
 20
13.306443646780874
 10
-8.980353535464488
 20
13.293088856187303
 10
-8.75866401006369
 20
12.493242774512108
 10
-7.86126896258242
 20
12.74196948160507
 10
-7.843177531087953
 20
12.746983797491316
 10
-8.064867056386802
 20
13.54682987915255
 10
-8.113050555203689
 20
13.53347508847218
 10
-8.126405345899121
 20
13.581658587376293
 10
-8.030038348177616
 20
13.608368168664786
 10
-8.256216870795194
 20
14.424410355513082
 10
-9.040426689779249
 20
17.253804978787382
 10
-8.845319000308502
 20
17.25194300571714
 10
-8.061922215537429
 20
14.425481774101343
 10
-4.901786915832636
 20
14.438604047508562
 10
-4.887914072654274
 20
14.156615512956545
 10
-6.77876956351785
 20
14.119965309925348
 10
-6.660605440912279
 20
12.438697529065008
 10
-6.771389264398317
 20
12.430728596043968
 10
-6.873048479638132
 20
13.877160552180548
 10
-8.016683557482098
 20
13.560184669746125
 10
-7.781639241488325
 20
12.712155089268085
 10
-8.745309219368258
 20
12.445059275607997
 10
-7.829170578607842
 20
9.139671251350928
 10
-8.27245876843326
 20
9.016807177078633
 10
-8.344574638083504
 20
9.276998071106146
 10
-8.758952728583848
 20
9.162146871239367
 10
-9.23171231881915
 20
10.867842732144437
 10
-8.817334228216943
 20
10.982693932011808
 10
-9.324816274161403
 20
12.81366689006523
 10
-12.032728912119712
 20
12.063127653706337
  0
LWPOLYLINE
  5
6D8
330
17
100
AcDbEntity
  8
6190-PLAN-1
100
AcDbPolyline
 90
4
 70
1
 10
-6.636151751642201
 20
10.478913352586893
 10
-6.735878989438555
 20
11.925479797027217
 10
-6.625095165952516
 20
11.933448730048257
 10
-6.525367928345419
 20
10.486882285621382
  0
LWPOLYLINE
  5
6D9
330
17
100
AcDbEntity
  8
6190-PLAN-1
100
AcDbPolyline
 90
12
 70
1
 10
-6.440706584672233
 20
9.309923298735182
 10
-6.359776558401589
 20
8.158431266942593
 10
-7.716646359022079
 20
7.961124135503663
 10
-7.459108628109963
 20
7.03193930079448
 10
-9.573064442426338
 20
6.446024245661775
 10
-9.706612349350715
 20
6.927859234557534
 10
-7.837092592139044
 20
7.446025113052723
 10
-8.045427326757098
 20
8.197687695824316
 10
-7.708160403897766
 20
8.291166360968743
 10
-7.636152716797174
 20
8.031365784942077
 10
-6.474066536612376
 20
8.200348756277842
 10
-6.551490407954548
 20
9.301954365715332
  0
LWPOLYLINE
  5
6DA
330
17
100
AcDbEntity
  8
6190-PLAN-1
100
AcDbPolyline
 90
13
 70
1
 10
-9.816909341526378
 20
20.055320320959122
 10
-9.780137596253642
 20
20.847904636663863
 10
-9.8893767795336
 20
23.06837212535581
 10
-4.076290337768477
 20
23.14846448294384
 10
-4.076290337768477
 20
23.14846448294384
 10
-3.9912300065466475
 20
21.419472242571185
 10
-6.642637763920556
 20
21.382941304922618
 10
-6.703114184458137
 20
22.61222480533
 10
-9.364527254145406
 20
22.575556015099373
 10
-9.006850283662013
 20
18.381269629705837
 10
-8.047040478957134
 20
18.38533089940581
 10
-8.033268208384778
 20
18.105386667824785
 10
-9.274999253422648
 20
18.100132497068003
  0
LWPOLYLINE
  5
6DB
330
17
100
AcDbEntity
  8
6190-PLAN-1
100
AcDbPolyline
 90
4
 70
1
 10
-7.196189594486562
 20
18.388931128179312
 10
-3.626898445101095
 20
18.404033968313342
 10
-3.6003872664957433
 20
18.124143639110244
 10
-7.182417323812343
 20
18.108986896598882
  0
LINE
  5
6DC
330
17
100
AcDbEntity
  8
6190-PLAN-1
100
AcDbLine
 10
-8.845319000308502
 20
17.25194300571714
 30
0.0
 11
-8.061853200741897
 21
14.42523277188478
 31
0.0
  0
LINE
  5
6DD
330
17
100
AcDbEntity
  8
6190-PLAN-1
100
AcDbLine
 10
-9.04042668988111
 20
17.25380497878679
 30
0.0
 11
-8.030038348177616
 21
13.608368168664786
 31
0.0
  0
LWPOLYLINE
  5
6DE
330
17
100
AcDbEntity
  8
6190-PLAN-1
100
AcDbPolyline
 90
5
 70
1
 10
4.1148177297977995
 20
23.258028881436196
 10
11.451939743919022
 20
23.311995515610338
 10
24.30992113437051
 20
24.394257859000323
 10
25.066395296064094
 20
14.737215947820317
 10
4.7413722912180525
 20
14.343258702730928
  0
LWPOLYLINE
  5
6DF
330
17
100
AcDbEntity
  8
6190-PLAN-1
100
AcDbPolyline
 90
28
 70
1
 10
-6.77876956351785
 20
14.119965309925348
 10
-6.359776558401589
 20
8.158431266942593
 10
4.551686507935779
 20
9.745104856557994
 10
9.553872787405016
 20
10.262352227320411
 10
9.832561689778856
 20
6.983627549425652
 10
10.587088876061525
 20
7.061648874824307
 10
10.758916643057354
 20
5.028539307014011
 10
10.002814943118068
 20
4.950355170143617
 10
10.670842988221741
 20
-2.9539215030239765
 10
18.47305236035137
 20
-2.1589841459288532
 10
21.136639029319287
 20
-11.006939506678002
 10
28.8932243296658
 20
-8.696313984919207
 10
27.614362657636637
 20
-4.353331758861881
 10
27.4644312707674
 20
-4.398467072779152
 10
26.842867392011932
 20
-2.426979731608447
 10
27.02488230910932
 20
-2.3631759921200617
 10
26.75945631963924
 20
-1.4774695472960535
 10
29.26491706676489
 20
-1.2714081383137918
 10
28.805581944230873
 20
3.229257118589422
 10
29.716964407303525
 20
3.388514786184254
 10
29.629378517783007
 20
4.110324287718285
 10
28.685304776961743
 20
4.036771280875209
 10
28.0991292011304
 20
11.560501342358029
 10
28.92270242420175
 20
11.641025009738883
 10
28.91966028408935
 20
12.380986975111277
 10
27.76876478663274
 20
12.896589125479387
 10
27.544751115107587
 20
14.882614100811765
 10
25.066395296064094
 20
14.737215947820317
  0
LWPOLYLINE
  5
6E0
330
17
100
AcDbEntity
  8
6190-PLAN-1
100
AcDbPolyline
 90
12
 70
1
 10
-38.557854391258495
 20
-51.08110594891706
 10
-38.68414110332536
 20
-50.59756025738611
 10
-33.49027861144877
 20
-49.06895696195328
 10
-35.57366132388932
 20
-42.35218536392102
 10
-11.800627186039558
 20
-35.07687817566811
 10
-11.653456254473912
 20
-35.55472910775403
 10
-11.873388166676564
 20
-35.62203529231285
 10
-11.496631182144782
 20
-36.84533173000593
 10
-8.845152813445573
 20
-36.45129535419593
 10
-8.465880888464598
 20
-36.33522604034887
 10
-7.788777936155645
 20
-38.53181790174472
 10
-6.8005795646909855
 20
-41.73763541190962
  0
LWPOLYLINE
  5
6E1
330
17
100
AcDbEntity
  8
6190-PLAN-1
100
AcDbPolyline
 90
5
 70
1
 10
-6.8005795646909855
 20
-41.73763541190962
 10
0.1984749537824495
 20
-39.57515125750694
 10
-0.7512831808146534
 20
-36.398340233447634
 10
-1.792610747231598
 20
-36.714027730991155
 10
-7.788777936155645
 20
-38.53181790174472
  0
LINE
  5
6E2
330
17
100
AcDbEntity
  8
6190-PLAN-1
100
AcDbLine
 10
-10.116419433905065
 20
-34.019168907271805
 30
0.0
 11
-11.169152740382147
 21
-34.34133889819706
 31
0.0
  0
LINE
  5
6E3
330
17
100
AcDbEntity
  8
6190-PLAN-1
100
AcDbLine
 10
-16.010299104360907
 20
-36.365172138886294
 30
0.0
 11
-35.57366132388932
 21
-42.35218536392102
 31
0.0
  0
LINE
  5
6E4
330
17
100
AcDbEntity
  8
6190-PLAN-1
100
AcDbLine
 10
-11.953257819034617
 20
-34.581300077765526
 30
0.0
 11
-15.75903612781284
 21
-35.745989705779266
 31
0.0
  0
LWPOLYLINE
  5
6E5
330
17
100
AcDbEntity
  8
6190-PLAN-1
100
AcDbPolyline
 90
6
 70
1
 10
-11.953257819034617
 20
-34.581300077765526
 10
-11.800627186039558
 20
-35.07687817566811
 10
-16.010299104360907
 20
-36.365172138886294
 10
-20.514363385878333
 20
-22.004572538006002
 10
-20.03625053307459
 20
-21.858254745504055
 10
-15.75903612781284
 20
-35.745989705779266
  0
LINE
  5
6E6
330
17
100
AcDbEntity
  8
6190-PLAN-1
100
AcDbLine
 10
-24.387322735322222
 20
-7.730710083713097
 30
0.0
 11
-28.418942303263204
 21
5.359600271063957
 31
0.0
  0
LINE
  5
6E7
330
17
100
AcDbEntity
  8
6190-PLAN-1
100
AcDbLine
 10
-27.48626902344506
 20
10.71709145562402
 30
0.0
 11
-26.50189767121198
 21
11.020263091655524
 31
0.0
  0
LINE
  5
6E8
330
17
100
AcDbEntity
  8
6190-PLAN-1
100
AcDbLine
 10
-25.06834715817662
 20
11.461775182847978
 30
0.0
 11
-24.12220381963284
 21
11.753173163116434
 31
0.0
  0
LINE
  5
6E9
330
17
100
AcDbEntity
  8
6190-PLAN-1
100
AcDbLine
 10
27.341918095244225
 20
-26.557575900259902
 30
0.0
 11
28.567320748794067
 21
-30.574883304830465
 31
0.0
  0
LINE
  5
6EA
330
17
100
AcDbEntity
  8
6190-PLAN-1
100
AcDbLine
 10
27.341918095244225
 20
-26.557575900259902
 30
0.0
 11
26.479872227530034
 21
-26.816214513631518
 31
0.0
  0
LINE
  5
6EB
330
17
100
AcDbEntity
  8
6190-PLAN-1
100
AcDbLine
 10
28.318987041952905
 20
-29.814159427980684
 30
0.0
 11
27.47186485191951
 21
-30.068320507791242
 31
0.0
  0
LINE
  5
6EC
330
17
100
AcDbEntity
  8
6190-PLAN-1
100
AcDbLine
 10
28.26151239804297
 20
-29.622595691126044
 30
0.0
 11
27.413512344549954
 21
-29.877020155287223
 31
0.0
  0
LINE
  5
6ED
330
17
100
AcDbEntity
  8
6190-PLAN-1
100
AcDbLine
 10
28.204037754132358
 20
-29.431031954154985
 30
0.0
 11
27.355159837194357
 21
-29.68571980268126
 31
0.0
  0
LINE
  5
6EE
330
17
100
AcDbEntity
  8
6190-PLAN-1
100
AcDbLine
 10
28.146563110221745
 20
-29.239468217183934
 30
0.0
 11
27.296807329926068
 21
-29.494419450074783
 31
0.0
  0
LINE
  5
6EF
330
17
100
AcDbEntity
  8
6190-PLAN-1
100
AcDbLine
 10
28.089088466311726
 20
-29.04790448031474
 30
0.0
 11
27.238454822570475
 21
-29.30311909746882
 31
0.0
  0
LINE
  5
6F0
330
17
100
AcDbEntity
  8
6190-PLAN-1
100
AcDbLine
 10
28.031613822299335
 20
-28.85634074335883
 30
0.0
 11
27.180102315302186
 21
-29.11181874486234
 31
0.0
  0
LINE
  5
6F1
330
17
100
AcDbEntity
  8
6190-PLAN-1
100
AcDbLine
 10
27.974139178389315
 20
-28.664777006489636
 30
0.0
 11
27.121749807932122
 21
-28.920518392271013
 31
0.0
  0
LINE
  5
6F2
330
17
100
AcDbEntity
  8
6190-PLAN-1
100
AcDbLine
 10
27.9166645344787
 20
-28.473213269518585
 30
0.0
 11
27.063397300663834
 21
-28.729218039664538
 31
0.0
  0
LINE
  5
6F3
330
17
100
AcDbEntity
  8
6190-PLAN-1
100
AcDbLine
 10
27.859189890553615
 20
-28.281649532562163
 30
0.0
 11
27.00504479330824
 21
-28.53791768705857
 31
0.0
  0
LINE
  5
6F4
330
17
100
AcDbEntity
  8
6190-PLAN-1
100
AcDbLine
 10
27.801715246643596
 20
-28.09008579569297
 30
0.0
 11
26.94669228603995
 21
-28.346617334452095
 31
0.0
  0
LINE
  5
6F5
330
17
100
AcDbEntity
  8
6190-PLAN-1
100
AcDbLine
 10
27.744240602732983
 20
-27.898522058721916
 30
0.0
 11
26.888339778684355
 21
-28.155316981846127
 31
0.0
  0
LINE
  5
6F6
330
17
100
AcDbEntity
  8
6190-PLAN-1
100
AcDbLine
 10
27.68676595882237
 20
-27.706958321750864
 30
0.0
 11
26.82998727141615
 21
-27.964016629254207
 31
0.0
  0
LINE
  5
6F7
330
17
100
AcDbEntity
  8
6190-PLAN-1
100
AcDbLine
 10
27.629291314912436
 20
-27.51539458489622
 30
0.0
 11
26.771634764046006
 21
-27.772716276648325
 31
0.0
  0
LINE
  5
6F8
330
17
100
AcDbEntity
  8
6190-PLAN-1
100
AcDbLine
 10
27.571816671001823
 20
-27.323830847925166
 30
0.0
 11
26.71328225679227
 21
-27.581415924041767
 31
0.0
  0
LINE
  5
6F9
330
17
100
AcDbEntity
  8
6190-PLAN-1
100
AcDbLine
 10
27.5143420270918
 20
-27.132267111055974
 30
0.0
 11
26.654929749422124
 21
-27.390115571435885
 31
0.0
  0
LINE
  5
6FA
330
17
100
AcDbEntity
  8
6190-PLAN-1
100
AcDbLine
 10
27.45686738307941
 20
-26.94070337410006
 30
0.0
 11
26.59657724215384
 21
-27.198815218829406
 31
0.0
  0
LINE
  5
6FB
330
17
100
AcDbEntity
  8
6190-PLAN-1
100
AcDbLine
 10
27.399392739154244
 20
-26.749139637129094
 30
0.0
 11
26.538224734798323
 21
-27.007514866237994
 31
0.0
  0
LINE
  5
6FC
330
17
100
AcDbEntity
  8
6190-PLAN-1
100
AcDbLine
 10
32.724557244609656
 20
-21.94623722712237
 30
0.0
 11
32.72292889288376
 21
-21.94672577956956
 31
0.0
  0
LINE
  5
6FD
330
17
100
AcDbEntity
  8
6190-PLAN-1
100
AcDbLine
 10
26.479872227530034
 20
-26.816214513631518
 30
0.0
 11
27.70399059845565
 21
-30.82931158081798
 31
0.0
  0
LWPOLYLINE
  5
6FE
330
17
100
AcDbEntity
  8
6190-PLAN-1
100
AcDbPolyline
 90
2
 70
0
 10
34.30316333674221
 20
-28.84249305706547
 10
28.51251907006512
 20
-9.310431850502335
  0
LINE
  5
6FF
330
17
100
AcDbEntity
  8
6190-PLAN-1
100
AcDbLine
 10
0.6248288064850067
 20
-39.447685998507026
 30
0.0
 11
0.6245826538997115
 21
-39.446862651436945
 31
0.0
  0
LINE
  5
700
330
17
100
AcDbEntity
  8
6190-PLAN-1
100
AcDbLine
 10
0.07018658693942204
 20
-39.14904435189653
 30
0.0
 11
0.07100945713814166
 21
-39.148796609677106
 31
0.0
  0
LINE
  5
701
330
17
100
AcDbEntity
  8
6190-PLAN-1
100
AcDbLine
 10
0.49711715716809346
 20
-39.02050800360763
 30
0.0
 11
34.30316333674221
 21
-28.84249305706547
 31
0.0
  0
LINE
  5
702
330
17
100
AcDbEntity
  8
6190-PLAN-1
100
AcDbLine
 10
0.49711715716868765
 20
-39.020508003709494
 30
0.0
 11
-0.4710459333692163
 21
-35.7821349197956
 31
0.0
  0
LINE
  5
703
330
17
100
AcDbEntity
  8
6190-PLAN-1
100
AcDbLine
 10
25.642513747558286
 20
-24.07105445380964
 30
0.0
 11
-3.0199626693412753
 21
-32.67062372731614
 31
0.0
  0
LINE
  5
704
330
17
100
AcDbEntity
  8
6190-PLAN-1
100
AcDbLine
 10
21.753677267392966
 20
-11.32206003881561
 30
0.0
 11
25.642513747558286
 21
-24.07105445380964
 31
0.0
  0
LINE
  5
705
330
17
100
AcDbEntity
  8
6190-PLAN-1
100
AcDbLine
 10
28.51251907006512
 20
-9.310431850502335
 30
0.0
 11
21.753677267392966
 21
-11.32206003881561
 31
0.0
  0
LINE
  5
706
330
17
100
AcDbEntity
  8
6190-PLAN-1
100
AcDbLine
 10
-0.4710459333692163
 20
-35.7821349197956
 30
0.0
 11
-1.0452443553682598
 21
-35.956208159399196
 31
0.0
  0
LINE
  5
707
330
17
100
AcDbEntity
  8
6190-PLAN-1
100
AcDbLine
 10
-1.0452443553682598
 20
-35.956208159399196
 30
0.0
 11
-1.1884648058199014
 21
-35.477155346688775
 31
0.0
  0
LINE
  5
708
330
17
100
AcDbEntity
  8
6190-PLAN-1
100
AcDbLine
 10
-1.1884648057180398
 20
-35.477155346688185
 30
0.0
 11
-2.0851677051872173
 21
-35.748998620062025
 31
0.0
  0
LINE
  5
709
330
17
100
AcDbEntity
  8
6190-PLAN-1
100
AcDbLine
 10
29.793347558950817
 20
-13.613869822872582
 30
0.0
 11
29.788758539671388
 21
-13.615235648649445
 31
0.0
  0
LINE
  5
70A
330
17
100
AcDbEntity
  8
6190-PLAN-1
100
AcDbLine
 10
30.05864165572407
 20
-14.505227799376392
 30
0.0
 11
30.05310212682186
 21
-14.506876524425273
 31
0.0
  0
LINE
  5
70B
330
17
100
AcDbEntity
  8
6190-PLAN-1
100
AcDbLine
 10
23.335050017522335
 20
-16.50636451200055
 30
0.0
 11
22.855855143955743
 21
-16.64898686411107
 31
0.0
  0
LINE
  5
70C
330
17
100
AcDbEntity
  8
6190-PLAN-1
100
AcDbLine
 10
23.063707460795026
 20
-15.616806733367719
 30
0.0
 11
22.584858190371346
 21
-15.759326223990406
 31
0.0
  0
LINE
  5
70D
330
17
100
AcDbEntity
  8
6190-PLAN-1
100
AcDbLine
 10
31.473543505248056
 20
-19.25913700717804
 30
0.0
 11
31.462934592042682
 21
-19.26229452876432
 31
0.0
  0
LINE
  5
70E
330
17
100
AcDbEntity
  8
6190-PLAN-1
100
AcDbLine
 10
31.738837602035264
 20
-20.150494983579904
 30
0.0
 11
31.727278179295094
 21
-20.153935404554105
 31
0.0
  0
LINE
  5
70F
330
17
100
AcDbEntity
  8
6190-PLAN-1
100
AcDbLine
 10
25.053552877007597
 20
-22.14023044315142
 30
0.0
 11
24.57431712556893
 21
-22.282864961660085
 31
0.0
  0
LINE
  5
710
330
17
100
AcDbEntity
  8
6190-PLAN-1
100
AcDbLine
 10
24.782210320280292
 20
-21.250672664518586
 30
0.0
 11
24.302974568842217
 21
-21.393307183129114
 31
0.0
  0
LINE
  5
711
330
17
100
AcDbEntity
  8
6190-PLAN-1
100
AcDbLine
 10
22.82428282553251
 20
-15.688066478723016
 30
0.0
 11
23.09545258073904
 21
-16.577675688055812
 31
0.0
  0
LINE
  5
712
330
17
100
AcDbEntity
  8
6190-PLAN-1
100
AcDbLine
 10
24.542592444604907
 20
-21.321989923823594
 30
0.0
 11
24.81393500134677
 21
-22.211547702456343
 31
0.0
  0
LINE
  5
713
330
17
100
AcDbEntity
  8
6190-PLAN-1
100
AcDbLine
 10
28.466712526767807
 20
-8.823256320683326
 30
0.0
 11
21.136627158930917
 21
-11.00490323287266
 31
0.0
  0
LINE
  5
714
330
17
100
AcDbEntity
  8
6190-PLAN-1
100
AcDbLine
 10
-0.3285913303953141
 20
22.700052600365403
 30
0.0
 11
-0.14671784907309693
 21
20.112312622036427
 31
0.0
  0
LINE
  5
715
330
17
100
AcDbEntity
  8
6190-PLAN-1
100
AcDbLine
 10
-0.5689506076603994
 20
22.69674094453542
 30
0.0
 11
-0.38707712644004433
 21
20.10900096620585
 31
0.0
  0
LINE
  5
716
330
17
100
AcDbEntity
  8
6190-PLAN-1
100
AcDbLine
 10
-3.4833068450269806
 20
22.656587118516065
 30
0.0
 11
-2.907136645388064
 21
14.45869785295211
 31
0.0
  0
LINE
  5
717
330
17
100
AcDbEntity
  8
6190-PLAN-1
100
AcDbLine
 10
-2.907136645388064
 20
14.45869785295211
 30
0.0
 11
0.006073102154354526
 21
14.515164213922525
 31
0.0
  0
LINE
  5
718
330
17
100
AcDbEntity
  8
6190-PLAN-1
100
AcDbLine
 10
-0.3308999893347928
 20
19.309699042377943
 30
0.0
 11
2.9239652242479557
 21
19.354544380878203
 31
0.0
  0
LINE
  5
719
330
17
100
AcDbEntity
  8
6190-PLAN-1
100
AcDbLine
 10
-0.07719864187356373
 20
19.12317649127647
 30
0.0
 11
2.937307294342238
 21
19.16471017394616
 31
0.0
  0
LINE
  5
71A
330
17
100
AcDbEntity
  8
6190-PLAN-1
100
AcDbLine
 10
3.707558166623531
 20
21.755567515633672
 30
0.0
 11
4.219918700801012
 21
21.76262678840132
 31
0.0
  0
LINE
  5
71B
330
17
100
AcDbEntity
  8
6190-PLAN-1
100
AcDbLine
 10
3.762330875262647
 20
20.976248139891414
 30
0.0
 11
4.274691409440127
 21
20.98330741265906
 31
0.0
  0
LINE
  5
71C
330
17
100
AcDbEntity
  8
6190-PLAN-1
100
AcDbLine
 10
3.762330875262647
 20
20.976248139891414
 30
0.0
 11
3.875387363604101
 21
19.367653018235828
 31
0.0
  0
LINE
  5
71D
330
17
100
AcDbEntity
  8
6190-PLAN-1
100
AcDbLine
 10
4.274691409440127
 20
20.98330741265906
 30
0.0
 11
4.722864702227721
 21
14.60658916452444
 31
0.0
  0
LINE
  5
71E
330
17
100
AcDbEntity
  8
6190-PLAN-1
100
AcDbLine
 10
3.888729433712935
 20
19.17781881130387
 30
0.0
 11
4.210705727460185
 21
14.59666205458787
 31
0.0
  0
LINE
  5
71F
330
17
100
AcDbEntity
  8
6190-PLAN-1
100
AcDbLine
 10
3.170901034202578
 20
14.576507657107705
 30
0.0
 11
3.176010167527249
 21
14.312917494786642
 31
0.0
  0
LINE
  5
720
330
17
100
AcDbEntity
  8
6190-PLAN-1
100
AcDbLine
 10
1.8911414115827045
 20
14.551702244840346
 30
0.0
 11
1.8962505449941758
 21
14.288112082607107
 31
0.0
  0
LINE
  5
721
330
17
100
AcDbEntity
  8
6190-PLAN-1
100
AcDbLine
 10
1.8936959783393283
 20
14.419907163731299
 30
0.0
 11
3.173455600871893
 21
14.444712575998146
 31
0.0
  0
LINE
  5
722
330
17
100
AcDbEntity
  8
6190-PLAN-1
100
AcDbLine
 10
-0.16389497279109744
 20
14.51186974510049
 30
0.0
 11
-0.15878583937971014
 21
14.2482795828818
 31
0.0
  0
LINE
  5
723
330
17
100
AcDbEntity
  8
6190-PLAN-1
100
AcDbLine
 10
-1.443654595324255
 20
14.487064332935503
 30
0.0
 11
-1.4385454618982314
 21
14.223474170702346
 31
0.0
  0
LINE
  5
724
330
17
100
AcDbEntity
  8
6190-PLAN-1
100
AcDbLine
 10
-1.4411000285676305
 20
14.355269251826453
 30
0.0
 11
-0.16100424631743016
 21
14.362731526325216
 31
0.0
  0
LINE
  5
725
330
17
100
AcDbEntity
  8
6190-PLAN-1
100
AcDbLine
 10
0.24633782359154255
 20
14.5198212334111
 30
0.0
 11
4.210705727460185
 21
14.59666205458787
 31
0.0
  0
LINE
  5
726
330
17
100
AcDbEntity
  8
6190-PLAN-1
100
AcDbLine
 10
-3.838979171048904
 20
21.42156994544814
 30
0.0
 11
-3.626898445100501
 21
18.404033968211483
 31
0.0
  0
LINE
  5
727
330
17
100
AcDbEntity
  8
6190-PLAN-1
100
AcDbLine
 10
-3.6072249497109645
 20
18.124114706652854
 30
0.0
 11
-3.3491013917641896
 21
14.451470155071586
 31
0.0
  0
LINE
  5
728
330
17
100
AcDbEntity
  8
6190-PLAN-1
100
AcDbLine
 10
-0.3870771263381827
 20
20.109000966206445
 30
0.0
 11
-0.14671784907309693
 21
20.112312622036427
 31
0.0
  0
LINE
  5
729
330
17
100
AcDbEntity
  8
6190-PLAN-1
100
AcDbLine
 10
-0.3308999893347928
 20
19.309699042377943
 30
0.0
 11
0.006073102154354526
 21
14.515164213922525
 31
0.0
  0
LINE
  5
72A
330
17
100
AcDbEntity
  8
6190-PLAN-1
100
AcDbLine
 10
-0.07719864197542536
 20
19.123176491275878
 30
0.0
 11
0.24633782359154255
 21
14.5198212334111
 31
0.0
  0
LINE
  5
72B
330
17
100
AcDbEntity
  8
6190-PLAN-1
100
AcDbLine
 10
-0.3285913303953141
 20
22.700052600365403
 30
0.0
 11
3.6373367452930467
 21
22.754694920393394
 31
0.0
  0
LINE
  5
72C
330
17
100
AcDbEntity
  8
6190-PLAN-1
100
AcDbLine
 10
4.722864702227721
 20
14.60658916452444
 30
0.0
 11
25.061286162638154
 21
15.000806110038923
 31
0.0
  0
LINE
  5
72D
330
17
100
AcDbEntity
  8
6190-PLAN-1
100
AcDbLine
 10
-23.150323667251097
 20
10.766560316662853
 30
0.0
 11
-19.960576040396433
 21
11.650647459844262
 31
0.0
  0
LINE
  5
72E
330
17
100
AcDbEntity
  8
6190-PLAN-1
100
AcDbLine
 10
-20.011324244931174
 20
11.833744755642677
 30
0.0
 11
-19.960576040396433
 21
11.650647459844262
 31
0.0
  0
LINE
  5
72F
330
17
100
AcDbEntity
  8
6190-PLAN-1
100
AcDbLine
 10
-19.667544451269944
 20
12.053552520360538
 30
0.0
 11
-19.36880675817141
 21
12.13635222254645
 31
0.0
  0
LINE
  5
730
330
17
100
AcDbEntity
  8
6190-PLAN-1
100
AcDbLine
 10
-25.53792294921235
 20
11.117867536775217
 30
0.0
 11
-23.427818145034554
 21
11.767748218573262
 31
0.0
  0
LINE
  5
731
330
17
100
AcDbEntity
  8
6190-PLAN-1
100
AcDbLine
 10
-23.36101727632787
 20
11.526733614882168
 30
0.0
 11
-23.354232796519725
 21
11.528823133113349
 31
0.0
  0
LINE
  5
732
330
17
100
AcDbEntity
  8
6190-PLAN-1
100
AcDbLine
 10
-23.15259856599174
 20
10.774768051400715
 30
0.0
 11
-23.150323667251097
 21
10.766560316662853
 31
0.0
  0
LINE
  5
733
330
17
100
AcDbEntity
  8
6190-PLAN-1
100
AcDbLine
 10
-23.15259856599174
 20
10.774768051400715
 30
0.0
 11
-23.14581408618351
 21
10.776857569617345
 31
0.0
  0
LWPOLYLINE
  5
734
330
17
100
AcDbEntity
  8
6190-PLAN-1
100
AcDbPolyline
 90
3
 70
0
 10
-23.357625036474392
 20
11.527778373939256
 10
-23.7419707021547
 20
10.848684141394555
 42
0.198912367379658
 10
-23.1492063260364
 20
10.775812810458394
  0
LWPOLYLINE
  5
735
330
17
100
AcDbEntity
  8
6190-PLAN-1
100
AcDbPolyline
 90
3
 70
0
 10
-22.80309910952061
 20
9.513789345415868
 10
-22.16278109986277
 20
10.645157033855334
 42
0.198912367379658
 10
-23.150323667251097
 20
10.766560316662853
  0
LINE
  5
736
330
17
100
AcDbEntity
  8
6190-PLAN-1
100
AcDbLine
 10
-18.363448582777433
 20
12.290478596949939
 30
0.0
 11
-16.359015028672054
 21
12.846037889386297
 31
0.0
  0
LINE
  5
737
330
17
100
AcDbEntity
  8
6190-PLAN-1
100
AcDbLine
 10
-9.82440158352983
 20
20.05324373194325
 30
0.0
 11
-9.283057602978017
 21
18.100098399509942
 31
0.0
  0
LINE
  5
738
330
17
100
AcDbEntity
  8
6190-PLAN-1
100
AcDbLine
 10
-21.993388075462114
 20
-17.202310845610054
 30
0.0
 11
-26.96659335427064
 21
-18.724270386144376
 31
0.0
  0
LINE
  5
739
330
17
100
AcDbEntity
  8
6190-PLAN-1
100
AcDbLine
 10
-29.65211198974542
 20
-10.00463010014955
 30
0.0
 11
-26.96659335427064
 21
-18.724270386144376
 31
0.0
  0
LINE
  5
73A
330
17
100
AcDbEntity
  8
6190-PLAN-1
100
AcDbLine
 10
-27.17263265839615
 20
-18.05527908113057
 30
0.0
 11
-26.96659335427064
 21
-18.724270386144376
 31
0.0
  0
LINE
  5
73B
330
17
100
AcDbEntity
  8
6190-PLAN-1
100
AcDbLine
 10
-24.678906710952038
 20
-8.48267055951345
 30
0.0
 11
-29.65211198974542
 21
-10.00463010014955
 31
0.0
  0
LINE
  5
73C
330
17
100
AcDbEntity
  8
6190-PLAN-1
100
AcDbLine
 10
-29.78915292680681
 20
9.808552363824317
 30
0.0
 11
-25.729063017571193
 21
11.058999257902286
 31
0.0
  0
LINE
  5
73D
330
17
100
AcDbEntity
  8
6190-PLAN-1
100
AcDbLine
 10
-28.892427270229213
 20
5.1982561444958115
 30
0.0
 11
-19.039287031130527
 21
-26.794014338183413
 31
0.0
  0
LINE
  5
73E
330
17
100
AcDbEntity
  8
6190-PLAN-1
100
AcDbLine
 10
-3.4833068450263873
 20
22.6565871184142
 30
0.0
 11
-0.5689506076603994
 21
22.69674094453542
 31
0.0
  0
LWPOLYLINE
  5
73F
330
17
100
AcDbEntity
  8
6190-PLAN-1
100
AcDbPolyline
 90
18
 70
1
 10
-3.547571564925145
 20
14.18259519533137
 10
-3.5607418505477844
 20
14.450303084809764
 10
-3.349106076391776
 20
14.451536808303281
 10
-3.838979171048904
 20
21.42156994544814
 10
-3.9912300065466475
 20
21.419472242571185
 10
-4.076290337768477
 20
23.14846448294384
 10
4.1148177297977995
 20
23.258028881436196
 10
4.219918700801012
 20
21.76262678840132
 10
3.707558166623531
 20
21.755567515633672
 10
3.6373367452930467
 20
22.754694920393394
 10
-0.3285913303953141
 20
22.700052600365403
 10
-0.14671784907309693
 20
20.112312622036427
 10
-0.3870771263381827
 20
20.109000966206445
 10
-0.5689506076603994
 20
22.69674094453542
 10
-3.4833068450269806
 20
22.656587118516065
 10
-2.907136645388064
 20
14.45869785295211
 10
-1.4505317716171091
 20
14.486931033480971
 10
-1.4385454618982314
 20
14.223474170702346
  0
LWPOLYLINE
  5
740
330
17
100
AcDbEntity
  8
6190-PLAN-1
100
AcDbPolyline
 90
18
 70
1
 10
-2.0851677051872173
 20
-35.748998620062025
 10
-1.1884648058199014
 20
-35.477155346688775
 10
-1.0452443553682598
 20
-35.956208159399196
 10
-0.4710459333692163
 20
-35.7821349197956
 10
0.49711715716809346
 20
-39.02050800360763
 10
34.30316333674221
 20
-28.84249305706547
 10
28.51251907006512
 20
-9.310431850502335
 10
21.753677267392966
 20
-11.32206003881561
 10
23.063707460795026
 20
-15.616806733367719
 10
22.584858190371346
 20
-15.759326223990406
 10
21.136627158930917
 20
-11.00490323287266
 10
28.8932243296658
 20
-8.696313984919207
 10
29.02555657404437
 20
-9.14571097420891
 10
28.939029312143546
 20
-9.183489979348751
 10
34.85576208784847
 20
-29.140852475909853
 10
0.1984749537824495
 20
-39.57515125750694
 10
-0.7512831808146534
 20
-36.398340233447634
 10
-1.792610747231598
 20
-36.714027730991155
  0
LWPOLYLINE
  5
741
330
17
100
AcDbEntity
  8
6190-PLAN-1
100
AcDbPolyline
 90
6
 70
1
 10
6.897547205312307
 20
-29.152184593389904
 10
25.011882857648743
 20
-23.717361655544163
 10
24.57431712556893
 20
-22.282864961660085
 10
25.053552877007597
 20
-22.14023044315142
 10
25.642513747558286
 20
-24.07105445380964
 10
7.050657391852358
 20
-29.649147369704355
  0
LWPOLYLINE
  5
742
330
17
100
AcDbEntity
  8
6190-PLAN-1
100
AcDbPolyline
 90
4
 70
1
 10
23.335050017522335
 20
-16.50636451200055
 10
24.782210320280292
 20
-21.250672664518586
 10
24.302974568842217
 20
-21.393307183129114
 10
22.855855143955743
 20
-16.64898686411107
  0
LINE
  5
743
330
17
100
AcDbEntity
  8
6190-PLAN-1
100
AcDbLine
 10
-33.966269444883714
 20
28.892358253720978
 30
0.0
 11
-21.178368838053014
 21
32.43671970091085
 31
0.0
  0
LINE
  5
744
330
17
100
AcDbEntity
  8
6190-PLAN-1
100
AcDbLine
 10
-34.67801933851267
 20
29.21393575440336
 30
0.0
 11
-20.868628554963397
 21
33.04141876418187
 31
0.0
  0
LINE
  5
745
330
17
100
AcDbEntity
  8
6190-PLAN-1
100
AcDbLine
 10
-33.966269444971026
 20
28.89235825372047
 30
0.0
 11
-32.87541517212576
 21
24.95660389426631
 31
0.0
  0
LINE
  5
746
330
17
100
AcDbEntity
  8
6190-PLAN-1
100
AcDbLine
 10
-21.178368838053014
 20
32.43671970091085
 30
0.0
 11
-17.93048374405889
 21
20.718492769528723
 31
0.0
  0
LINE
  5
747
330
17
100
AcDbEntity
  8
6190-PLAN-1
100
AcDbLine
 10
-20.868628555065257
 20
33.04141876418127
 30
0.0
 11
-17.348305731222904
 21
20.34024845532503
 31
0.0
  0
LINE
  5
748
330
17
100
AcDbEntity
  8
6190-PLAN-1
100
AcDbLine
 10
-34.67801933851267
 20
29.21393575440336
 30
0.0
 11
-33.44906651205907
 21
24.779927871676676
 31
0.0
  0
LINE
  5
749
330
17
100
AcDbEntity
  8
6190-PLAN-1
100
AcDbLine
 10
-30.718384350889078
 20
17.17413132225154
 30
0.0
 11
-17.93048374405889
 21
20.718492769528723
 31
0.0
  0
LWPOLYLINE
  5
74A
330
17
100
AcDbEntity
  8
6190-PLAN-1
100
AcDbPolyline
 90
2
 70
0
 10
-31.157696514481138
 20
16.51276544554822
 10
-17.348305731222904
 20
20.34024845532503
  0
LINE
  5
74B
330
17
100
AcDbEntity
  8
6190-PLAN-1
100
AcDbLine
 10
-35.62597218485615
 20
24.371061793555683
 30
0.0
 11
-33.51586738067844
 21
25.020942475368276
 31
0.0
  0
LINE
  5
74C
330
17
100
AcDbEntity
  8
6190-PLAN-1
100
AcDbLine
 10
-33.44906651205907
 20
24.779927871676676
 30
0.0
 11
-32.87541517212517
 21
24.956603894164445
 31
0.0
  0
LINE
  5
74D
330
17
100
AcDbEntity
  8
6190-PLAN-1
100
AcDbLine
 10
-33.240647801635546
 20
24.027962308181177
 30
0.0
 11
-32.666996461701736
 21
24.2046383306835
 31
0.0
  0
LINE
  5
74E
330
17
100
AcDbEntity
  8
6190-PLAN-1
100
AcDbLine
 10
-33.240647801635546
 20
24.027962308181177
 30
0.0
 11
-31.157696514481138
 21
16.51276544554822
 31
0.0
  0
LINE
  5
74F
330
17
100
AcDbEntity
  8
6190-PLAN-1
100
AcDbLine
 10
-32.666996461701736
 20
24.2046383306835
 30
0.0
 11
-30.718384350889078
 21
17.17413132225154
 31
0.0
  0
LINE
  5
750
330
17
100
AcDbEntity
  8
6190-PLAN-1
100
AcDbLine
 10
-31.728112492461776
 20
25.30995593925521
 30
0.0
 11
-31.519693782038335
 21
24.557990375774263
 31
0.0
  0
LINE
  5
751
330
17
100
AcDbEntity
  8
6190-PLAN-1
100
AcDbLine
 10
-31.535378496830187
 20
25.363375101935166
 30
0.0
 11
-31.326959786493973
 21
24.61140953843916
 31
0.0
  0
LINE
  5
752
330
17
100
AcDbEntity
  8
6190-PLAN-1
100
AcDbLine
 10
-31.34264450128642
 20
25.41679426470192
 30
0.0
 11
-31.134225790862978
 21
24.664828701220976
 31
0.0
  0
LINE
  5
753
330
17
100
AcDbEntity
  8
6190-PLAN-1
100
AcDbLine
 10
-31.14991050565474
 20
25.470213427367323
 30
0.0
 11
-30.941491795318612
 21
24.718247863885868
 31
0.0
  0
LINE
  5
754
330
17
100
AcDbEntity
  8
6190-PLAN-1
100
AcDbLine
 10
-30.95717651011106
 20
25.52363259014863
 30
0.0
 11
-30.74875779968762
 21
24.771667026667682
 31
0.0
  0
LINE
  5
755
330
17
100
AcDbEntity
  8
6190-PLAN-1
100
AcDbLine
 10
-30.764442514479384
 20
25.577051752814032
 30
0.0
 11
-30.556023804157807
 21
24.825086189332495
 31
0.0
  0
LINE
  5
756
330
17
100
AcDbEntity
  8
6190-PLAN-1
100
AcDbLine
 10
-30.571708518935704
 20
25.63047091559534
 30
0.0
 11
-30.363289808512178
 21
24.878505352099843
 31
0.0
  0
LINE
  5
757
330
17
100
AcDbEntity
  8
6190-PLAN-1
100
AcDbLine
 10
-30.378974523304027
 20
25.68389007826074
 30
0.0
 11
-30.17055581298245
 21
24.9319245147792
 31
0.0
  0
LINE
  5
758
330
17
100
AcDbEntity
  8
6190-PLAN-1
100
AcDbLine
 10
-30.186240527774892
 20
25.737309241041963
 30
0.0
 11
-29.977821817438677
 21
24.98534367754596
 31
0.0
  0
LINE
  5
759
330
17
100
AcDbEntity
  8
6190-PLAN-1
100
AcDbLine
 10
-29.99350653212867
 20
25.79072840370745
 30
0.0
 11
-29.785087821807092
 21
25.03876284022591
 31
0.0
  0
LINE
  5
75A
330
17
100
AcDbEntity
  8
6190-PLAN-1
100
AcDbLine
 10
-29.800772536599535
 20
25.844147566488676
 30
0.0
 11
-29.59235382626332
 21
25.092182002992665
 31
0.0
  0
LINE
  5
75B
330
17
100
AcDbEntity
  8
6190-PLAN-1
100
AcDbLine
 10
-29.608038540953313
 20
25.89756672915416
 30
0.0
 11
-29.399619830631732
 21
25.145601165672623
 31
0.0
  0
LINE
  5
75C
330
17
100
AcDbEntity
  8
6190-PLAN-1
100
AcDbLine
 10
-29.415304545424178
 20
25.95098589193538
 30
0.0
 11
-29.206885835087963
 21
25.199020328439378
 31
0.0
  0
LINE
  5
75D
330
17
100
AcDbEntity
  8
6190-PLAN-1
100
AcDbLine
 10
-29.415304545424178
 20
25.95098589193538
 30
0.0
 11
-31.728112492461776
 21
25.30995593925521
 31
0.0
  0
LINE
  5
75E
330
17
100
AcDbEntity
  8
6190-PLAN-1
100
AcDbLine
 10
-31.519693782038335
 20
24.557990375774263
 30
0.0
 11
-29.206885835087963
 21
25.199020328439378
 31
0.0
  0
MTEXT
  5
75F
330
17
100
AcDbEntity
  8
6190-AIRES-1
100
AcDbMText
 10
14.411140456150015
 20
-31.886407736719033
 30
0.0
 40
0.45
 71
1
  1
F19\PNd:/\PAire:348.37\PHsp:5.61\PP:114.61
  0
MTEXT
  5
760
330
17
100
AcDbEntity
  8
6190-AIRES-1
100
AcDbMText
 10
-19.470507961235857
 20
-18.905515628603744
 30
0.0
 40
0.45
 71
1
  1
F18\PNd:101.26\PAire:158.26\PHsp:5.40\PP:70.03
  0
MTEXT
  5
761
330
17
100
AcDbEntity
  8
6190-AIRES-1
100
AcDbMText
 10
-22.051800548764508
 20
-7.371232839435672
 30
0.0
 40
0.45
 71
1
  1
F17\PNd:101.26\PAire:27.05\PHsp:2.65\PP:21.34
  0
MTEXT
  5
762
330
17
100
AcDbEntity
  8
6190-AIRES-1
100
AcDbMText
 10
-24.52511402703404
 20
1.0670082916957084
 30
0.0
 40
0.45
 71
1
  1
F15\PNd:101.26\PAire:20.00\PHsp:2.65\PP:17.94
  0
MTEXT
  5
763
330
17
100
AcDbEntity
  8
6190-AIRES-1
100
AcDbMText
 10
-23.222035418159702
 20
-2.9514999534546362
 30
0.0
 40
0.45
 71
1
  1
F16\PNd:101.26\PAire:13.19\PHsp:2.65\PP:14.66
  0
MTEXT
  5
764
330
17
100
AcDbEntity
  8
6190-AIRES-1
100
AcDbMText
 10
-25.010536559815694
 20
5.333073603655848
 30
0.0
 40
0.45
 71
1
  1
F13\PNd:101.26\PAire:42.99\PHsp:2.70\PP:49.03
  0
MTEXT
  5
765
330
17
100
AcDbEntity
  8
6190-AIRES-1
100
AcDbMText
 10
-20.13125508971053
 20
6.2183394446654425
 30
0.0
 40
0.45
 71
1
  1
F12\PNd:101.56\PAire:26.51\PHsp:3.45\PP:20.66
  0
MTEXT
  5
766
330
17
100
AcDbEntity
  8
6190-AIRES-1
100
AcDbMText
 10
-15.668061480274652
 20
6.882135402500422
 30
0.0
 40
0.45
 71
1
  1
F11\PNd:101.56\PAire:22.35\PHsp:3.45\PP:19.25
  0
MTEXT
  5
767
330
17
100
AcDbEntity
  8
6190-AIRES-1
100
AcDbMText
 10
-11.966580453954247
 20
8.16014929179106
 30
0.0
 40
0.45
 71
1
  1
F10\PNd:101.56\PAire:21.68\PHsp:3.45\PP:20.06
  0
MTEXT
  5
768
330
17
100
AcDbEntity
  8
6190-AIRES-1
100
AcDbMText
 10
-22.359323584660867
 20
12.996605296166528
 30
0.0
 40
0.45
 71
1
  1
F9\PNd:101.56\PAire:17.55\PHsp:3.45\PP:18.00
  0
MTEXT
  5
769
330
17
100
AcDbEntity
  8
6190-AIRES-1
100
AcDbMText
 10
-17.908007063149956
 20
14.072959626231935
 30
0.0
 40
0.45
 71
1
  1
F8\PNd:101.56\PAire:22.67\PHsp:3.45\PP:19.06
  0
MTEXT
  5
76A
330
17
100
AcDbEntity
  8
6190-AIRES-1
100
AcDbMText
 10
-13.457263329995886
 20
15.149310617159927
 30
0.0
 40
0.45
 71
1
  1
F6\PNd:101.56\PAire:16.76\PHsp:3.45\PP:16.48
  0
MTEXT
  5
76B
330
17
100
AcDbEntity
  8
6190-AIRES-1
100
AcDbMText
 10
-7.5846853715466676
 20
18.78695849389017
 30
0.0
 40
0.45
 71
1
  1
F3\PNd:100.42\PAire:19.38\PHsp:2.52\PP:19.29
  0
MTEXT
  5
76C
330
17
100
AcDbEntity
  8
6190-AIRES-1
100
AcDbMText
 10
-2.9796388547488726
 20
17.566008090390945
 30
0.0
 40
0.45
 71
1
  1
F4\PNd:/\PAire:23.89\PHsp:5.13\PP:22.24
  0
MTEXT
  5
76D
330
17
100
AcDbEntity
  8
6190-AIRES-1
100
AcDbMText
 10
0.952521958128679
 20
15.895992093663995
 30
0.0
 40
0.45
 71
1
  1
F5\PNd:/\PAire:18.23\PHsp:2.34\PP:17.13
  0
MTEXT
  5
76E
330
17
100
AcDbEntity
  8
6190-AIRES-1
100
AcDbMText
 10
0.7814136216157186
 20
19.826727945767
 30
0.0
 40
0.45
 71
1
  1
F2\PNd:/\PAire:13.44\PHsp:7.91\PP:14.72
  0
LWPOLYLINE
  5
76F
330
17
100
AcDbEntity
  8
6190-PLAN-1
100
AcDbPolyline
 90
3
 70
0
 10
-0.2668974878002679
 20
20.11065679412816
 10
-0.7858265085953087
 20
19.499379947930258
 42
0.198912367379658
 10
-0.20159771419245542
 20
19.311480561421693
  0
LINE
  5
770
330
17
100
AcDbEntity
  8
6190-PLAN-1
100
AcDbLine
 10
3.7752376647689236
 20
19.366273161672893
 30
0.0
 11
3.7885797347613432
 21
19.176438954740256
 31
0.0
  0
LINE
  5
771
330
17
100
AcDbEntity
  8
6190-PLAN-1
100
AcDbLine
 10
2.9239652242479557
 20
19.354544380878203
 30
0.0
 11
2.937307294342238
 21
19.16471017394616
 31
0.0
  0
LINE
  5
772
330
17
100
AcDbEntity
  8
6190-PLAN-1
100
AcDbLine
 10
3.7752376647689236
 20
19.366273161672893
 30
0.0
 11
3.875387363604101
 21
19.367653018235828
 31
0.0
  0
LINE
  5
773
330
17
100
AcDbEntity
  8
6190-PLAN-1
100
AcDbLine
 10
3.7885797347613432
 20
19.176438954740256
 30
0.0
 11
3.888729433712935
 21
19.17781881130387
 31
0.0
  0
LWPOLYLINE
  5
774
330
17
100
AcDbEntity
  8
6190-PLAN-1
100
AcDbPolyline
 90
10
 70
1
 10
-0.15878583937971014
 20
14.2482795828818
 10
-0.16032283282099602
 20
14.511938983492477
 10
0.006073102154354526
 20
14.515164213922525
 10
-0.3308999893347928
 20
19.309699042377943
 10
2.9239652242479557
 20
19.354544380878203
 10
2.937307294342238
 20
19.16471017394616
 10
-0.07719864187356373
 20
19.12317649127647
 10
0.24633782359154255
 20
14.5198212334111
 10
1.8911414115827045
 20
14.551702244840346
 10
1.8962505449941758
 20
14.288112082607107
  0
LWPOLYLINE
  5
775
330
17
100
AcDbEntity
  8
6190-PLAN-1
100
AcDbPolyline
 90
10
 70
1
 10
3.176010167527249
 20
14.312917494786642
 10
3.170901034202578
 20
14.576507657107705
 10
4.210705727460185
 20
14.59666205458787
 10
3.888729433712935
 20
19.17781881130387
 10
3.7885797347613432
 20
19.176438954740256
 10
3.7752376647689236
 20
19.366273161672893
 10
3.875387363604101
 20
19.367653018235828
 10
3.762330875262647
 20
20.976248139891414
 10
4.274977517682746
 20
20.97923659592701
 10
4.741372291217459
 20
14.343258702832792
  0
MTEXT
  5
776
330
17
100
AcDbEntity
  8
6190-AIRES-1
100
AcDbMText
 10
-35.629245472899356
 20
4.708168387054412
 30
0.0
 40
0.45
 71
1
  1
F14\PNd:/\PAire:53.54\PHsp:2.42\PP:34.65
  0
MTEXT
  5
777
330
17
100
AcDbEntity
  8
6190-AIRES-1
100
AcDbMText
 10
-6.9699256563843095
 20
14.931314483224089
 30
0.0
 40
0.45
 71
1
  1
F7\PNd:100.42\PAire:18.72\PHsp:/\PP:17.68
  0
MTEXT
  5
778
330
17
100
AcDbEntity
  8
6190-AIRES-1
100
AcDbMText
 10
-6.402116535105226
 20
-36.578450942794326
 30
0.0
 40
0.45
 71
1
  1
F20\PNd:/\PAire:20.55\PHsp:3.77\PP:18.32
  0
MTEXT
  5
779
330
17
100
AcDbEntity
  8
6190-AIRES-1
100
AcDbMText
 10
-27.823669861245733
 20
24.57797969711653
 30
0.0
 40
0.45
 71
1
  1
F1\PGrenier\PAire:161.36\PHsp:5.74\PP:50.86
  0
LINE
  5
77A
330
17
100
AcDbEntity
  8
6190-PLAN-1
100
AcDbLine
 10
-21.964512469054203
 20
6.314626892492811
 30
0.0
 11
-23.832357439480347
 21
5.739358611710465
 31
0.0
  0
LINE
  5
77B
330
17
100
AcDbEntity
  8
6190-PLAN-1
100
AcDbLine
 10
-24.193082130522466
 20
7.040837471613115
 30
0.0
 11
-23.832357439480347
 21
5.739358611710465
 31
0.0
  0
LINE
  5
77C
330
17
100
AcDbEntity
  8
6190-PLAN-1
100
AcDbLine
 10
-24.193082130522466
 20
7.040837471613115
 30
0.0
 11
-23.981137324717242
 21
7.391806700091356
 31
0.0
  0
LINE
  5
77D
330
17
100
AcDbEntity
  8
6190-PLAN-1
100
AcDbLine
 10
-23.981137324717242
 20
7.391806700091356
 30
0.0
 11
-23.077342459380272
 21
7.6423072142985955
 31
0.0
  0
LINE
  5
77E
330
17
100
AcDbEntity
  8
6190-PLAN-1
100
AcDbLine
 10
-22.22514093312391
 20
5.487781799856947
 30
0.0
 11
-22.876657097481225
 21
6.03370000587258
 31
0.0
  0
LINE
  5
77F
330
17
100
AcDbEntity
  8
6190-PLAN-1
100
AcDbLine
 10
-22.876657097481225
 20
6.03370000587258
 30
0.0
 11
-22.093293296184946
 21
5.712046979043706
 31
0.0
  0
LINE
  5
780
330
17
100
AcDbEntity
  8
6190-PLAN-1
100
AcDbLine
 10
-22.876657097481225
 20
6.03370000587258
 30
0.0
 11
-21.990571614477926
 21
6.026028364517945
 31
0.0
  0
LINE
  5
781
330
17
100
AcDbEntity
  8
6190-PLAN-1
100
AcDbLine
 10
-41.52935116744072
 20
3.091160607362052
 30
0.0
 11
-42.364535241682994
 21
7.41426353945635
 31
0.0
  0
LINE
  5
782
330
17
100
AcDbEntity
  8
6190-PLAN-1
100
AcDbLine
 10
-41.673307254345396
 20
2.6640902118385212
 30
0.0
 11
-42.61899205514055
 21
7.615675043255459
 31
0.0
  0
LINE
  5
783
330
17
100
AcDbEntity
  8
6190-PLAN-1
100
AcDbLine
 10
-28.90807533658992
 20
5.194122004139453
 30
0.0
 11
-33.964582176832245
 21
3.8582183494046185
 31
0.0
  0
LWPOLYLINE
  5
784
330
17
100
AcDbEntity
  8
6190-PLAN-1
100
AcDbPolyline
 90
3
 70
0
 10
-28.95325873641995
 20
5.182184777409235
 10
-33.964582176832245
 20
3.8582183494046185
 10
-41.673307254345396
 20
2.6640902118385212
  0
LWPOLYLINE
  5
785
330
17
100
AcDbEntity
  8
6190-PLAN-1
100
AcDbPolyline
 90
3
 70
0
 10
-29.01026032342591
 20
5.580849593823494
 10
-34.04650834135821
 20
4.250298217937173
 10
-41.52935116744072
 20
3.091160607362052
  0
LINE
  5
786
330
17
100
AcDbEntity
  8
6190-PLAN-1
100
AcDbLine
 10
-41.02197347136301
 20
5.315041333934547
 30
0.0
 11
-41.28012127605473
 21
6.651273149310374
 31
0.0
  0
LWPOLYLINE
  5
787
330
17
100
AcDbEntity
  8
6190-PLAN-1
100
AcDbPolyline
 90
2
 70
0
 10
-41.28012127605473
 20
6.651273149310374
 10
-42.189905844364105
 20
6.51034201720876
  0
LWPOLYLINE
  5
788
330
17
100
AcDbEntity
  8
6190-PLAN-1
100
AcDbPolyline
 90
2
 70
0
 10
-40.27041230621719
 20
5.431462703963922
 10
-41.02197347136301
 20
5.315041333934547
  0
LINE
  5
789
330
17
100
AcDbEntity
  8
6190-PLAN-1
100
AcDbLine
 10
-40.09388476324849
 20
4.517715947853198
 30
0.0
 11
-40.27041230621719
 21
5.431462703963922
 31
0.0
  0
LWPOLYLINE
  5
78A
330
17
100
AcDbEntity
  8
6190-PLAN-1
100
AcDbPolyline
 90
2
 70
0
 10
-40.09388476324849
 20
4.517715947853198
 10
-41.75523049661646
 20
4.260363445737273
  0
LWPOLYLINE
  5
78B
330
17
100
AcDbEntity
  8
6190-PLAN-1
100
AcDbPolyline
 90
2
 70
0
 10
-41.242158363602954
 20
6.454768470560214
 10
-42.15194293191293
 20
6.313837338560461
  0
LWPOLYLINE
  5
78C
330
17
100
AcDbEntity
  8
6190-PLAN-1
100
AcDbPolyline
 90
2
 70
0
 10
-41.20419545115169
 20
6.258263791897363
 10
-42.11398001946107
 20
6.11733265979575
  0
LWPOLYLINE
  5
78D
330
17
100
AcDbEntity
  8
6190-PLAN-1
100
AcDbPolyline
 90
2
 70
0
 10
-41.166232538699916
 20
6.061759113147204
 10
-42.076017107009285
 20
5.920827981045591
  0
LWPOLYLINE
  5
78E
330
17
100
AcDbEntity
  8
6190-PLAN-1
100
AcDbPolyline
 90
2
 70
0
 10
-41.12826962624814
 20
5.865254434397041
 10
-42.03805419445565
 20
5.724323302296023
  0
LWPOLYLINE
  5
78F
330
17
100
AcDbEntity
  8
6190-PLAN-1
100
AcDbPolyline
 90
2
 70
0
 10
-41.090306713796274
 20
5.66874975563233
 10
-42.00009128200379
 20
5.527818623531312
  0
LWPOLYLINE
  5
790
330
17
100
AcDbEntity
  8
6190-PLAN-1
100
AcDbPolyline
 90
2
 70
0
 10
-41.0523438013445
 20
5.472245076882171
 10
-41.96212836955261
 20
5.3313139448830125
  0
LINE
  5
791
330
17
100
AcDbEntity
  8
6190-PLAN-1
100
AcDbLine
 10
-30.264059683760216
 20
9.651824663339738
 30
0.0
 11
-29.01016534470343
 21
5.580541206457097
 31
0.0
  0
LWPOLYLINE
  5
792
330
17
100
AcDbEntity
  8
6190-PLAN-1
100
AcDbPolyline
 90
3
 70
0
 10
-30.36721389582078
 20
10.019472710896986
 10
-34.996440159747884
 20
8.796454433737184
 10
-42.6107503567044
 20
7.616951732125756
  0
LINE
  5
793
330
17
100
AcDbEntity
  8
6190-PLAN-1
100
AcDbLine
 10
-30.36721389582078
 20
10.019472710896986
 30
0.0
 11
-23.529599722734527
 21
12.134971685194813
 31
0.0
  0
LINE
  5
794
330
17
100
AcDbEntity
  8
6190-PLAN-1
100
AcDbLine
 10
-30.664890031917224
 20
5.143704753637953
 30
0.0
 11
-30.54705697870597
 21
4.761111304310358
 31
0.0
  0
LINE
  5
795
330
17
100
AcDbEntity
  8
6190-PLAN-1
100
AcDbLine
 10
-32.56142466857121
 20
4.642649849038197
 30
0.0
 11
-32.443591615272645
 21
4.260056399711109
 31
0.0
  0
LINE
  5
796
330
17
100
AcDbEntity
  8
6190-PLAN-1
100
AcDbLine
 10
-32.50250814197286
 20
4.451353124374355
 30
0.0
 11
-30.60597350531887
 21
4.952408028974114
 31
0.0
  0
LINE
  5
797
330
17
100
AcDbEntity
  8
6190-PLAN-1
100
AcDbLine
 10
-34.43481327443872
 20
4.190147435390443
 30
0.0
 11
-34.373581159417014
 21
3.794861933375915
 31
0.0
  0
LINE
  5
798
330
17
100
AcDbEntity
  8
6190-PLAN-1
100
AcDbLine
 10
-36.37171223429319
 20
3.890110071910781
 30
0.0
 11
-36.31048011927208
 21
3.4948245699981144
 31
0.0
  0
LINE
  5
799
330
17
100
AcDbEntity
  8
6190-PLAN-1
100
AcDbLine
 10
-36.3410961767314
 20
3.692467320903814
 30
0.0
 11
-34.404197216978794
 21
3.9925046843828835
 31
0.0
  0
LINE
  5
79A
330
17
100
AcDbEntity
  8
6190-PLAN-1
100
AcDbLine
 10
-40.761197953673836
 20
2.8053814590716173
 30
0.0
 11
-40.83712377857688
 21
3.1983908164846278
 31
0.0
  0
LINE
  5
79B
330
17
100
AcDbEntity
  8
6190-PLAN-1
100
AcDbLine
 10
-38.82296126467852
 20
3.105626044781753
 30
0.0
 11
-38.89888708968393
 21
3.49863540228148
 31
0.0
  0
LINE
  5
79C
330
17
100
AcDbEntity
  8
6190-PLAN-1
100
AcDbLine
 10
-40.79916086612562
 20
3.0018861378217774
 30
0.0
 11
-38.86092417713029
 21
3.302130723531913
 31
0.0
  0
LWPOLYLINE
  5
79D
330
17
100
AcDbEntity
  8
6190-PLAN-1
100
AcDbPolyline
 90
3
 70
0
 10
-30.264059683760216
 20
9.651824663339738
 10
-34.918241441610505
 20
8.422213270244612
 10
-36.012068899283605
 20
8.252772781464778
  0
LINE
  5
79E
330
17
100
AcDbEntity
  8
6190-PLAN-1
100
AcDbLine
 10
-36.48175446484101
 20
7.718385770949123
 30
0.0
 11
-36.57360263732255
 21
8.31131402395666
 31
0.0
  0
LINE
  5
79F
330
17
100
AcDbEntity
  8
6190-PLAN-1
100
AcDbLine
 10
-35.94223535712225
 20
7.801960543784597
 30
0.0
 11
-36.012068899283605
 21
8.252772781464778
 31
0.0
  0
LWPOLYLINE
  5
7A0
330
17
100
AcDbEntity
  8
6190-PLAN-1
100
AcDbPolyline
 90
2
 70
0
 10
-35.94223535712225
 20
7.801960543784597
 10
-36.48175446484101
 20
7.718385770949123
  0
LWPOLYLINE
  5
7A1
330
17
100
AcDbEntity
  8
6190-PLAN-1
100
AcDbPolyline
 90
2
 70
0
 10
-36.57360263732255
 20
8.31131402395666
 10
-42.364535241682994
 20
7.41426353945635
  0
LINE
  5
7A2
330
17
100
AcDbEntity
  8
6190-PLAN-1
100
AcDbLine
 10
-23.354232796519725
 20
11.528823133113349
 30
0.0
 11
-22.78286910936248
 21
11.687185282368354
 31
0.0
  0
LINE
  5
7A3
330
17
100
AcDbEntity
  8
6190-PLAN-1
100
AcDbLine
 10
-22.78286910936248
 20
11.687185282368354
 30
0.0
 11
-22.57212168053197
 21
10.926817804876318
 31
0.0
  0
MTEXT
  5
7A4
330
17
100
AcDbEntity
  8
OVERLAY-NOTES
100
AcDbMText
 10
-45.0
 20
32.0
 30
0.0
 40
0.8
 41
55.0
 71
1
  3
SUPERPOSITION — Document de travail (2026-06-11, rev. B recalage ICP)\PNavVis (existant, scan 3D ImmoPass) vs plan 6190 (Immo-Géo / J. Albert).\PCadre: NavVis-local, métres. 6190 = NavVis-local + (117027.344, 121045.953) (Lambert 2008 - 500000).\PRec
  3
alage par feuille (ICP contours -> emprises NavVis, valide vs orthophotos): sol rot 0.003° d=(+5.960, -3.136) rms70=0.64 m; étage (déport feuille -3205.5 m en X) rot 0.334° d=(-3.023, -3.073) rms70=0.46 m.\PCalques: NAVVIS-MURS-x (murs scannés), 6190
  1
-PLAN-x (linéaire Albert), 6190-AIRES-x (aires mesurées G*/F*), NAVVIS-PLAN-x (orthophotos).\PNE PAS UTILISER POUR ACTE — valeurs à confirmer par le géométre.
  0
ENDSEC
  0
SECTION
  2
OBJECTS
  0
DICTIONARY
  5
A
330
0
100
AcDbDictionary
281
1
  3
ACAD_COLOR
350
B
  3
ACAD_GROUP
350
C
  3
ACAD_LAYOUT
350
D
  3
ACAD_MATERIAL
350
E
  3
ACAD_MLEADERSTYLE
350
F
  3
ACAD_MLINESTYLE
350
10
  3
ACAD_PLOTSETTINGS
350
11
  3
ACAD_PLOTSTYLENAME
350
12
  3
ACAD_SCALELIST
350
14
  3
ACAD_TABLESTYLE
350
15
  3
ACAD_VISUALSTYLE
350
16
  3
EZDXF_META
350
2D
  3
ACAD_IMAGE_VARS
350
37
  3
ACAD_IMAGE_DICT
350
38
  0
DICTIONARY
  5
B
330
A
100
AcDbDictionary
281
1
  0
DICTIONARY
  5
C
330
A
100
AcDbDictionary
281
1
  0
DICTIONARY
  5
D
330
A
100
AcDbDictionary
281
1
  3
Model
350
1A
  3
Layout1
350
1E
  0
DICTIONARY
  5
E
330
A
100
AcDbDictionary
281
1
  3
ByBlock
350
1F
  3
ByLayer
350
20
  3
Global
350
21
  0
DICTIONARY
  5
F
330
A
100
AcDbDictionary
281
1
  3
Standard
350
2C
  0
DICTIONARY
  5
10
330
A
100
AcDbDictionary
281
1
  3
Standard
350
22
  0
DICTIONARY
  5
11
330
A
100
AcDbDictionary
281
1
  0
ACDBDICTIONARYWDFLT
  5
12
330
A
100
AcDbDictionary
281
1
  3
Normal
350
13
100
AcDbDictionaryWithDefault
340
13
  0
ACDBPLACEHOLDER
  5
13
330
12
  0
DICTIONARY
  5
14
330
A
100
AcDbDictionary
281
1
  0
DICTIONARY
  5
15
330
A
100
AcDbDictionary
281
1
  0
DICTIONARY
  5
16
330
A
100
AcDbDictionary
281
1
  0
LAYOUT
  5
1A
330
D
100
AcDbPlotSettings
  1

  4
A3
  6

 40
7.5
 41
20.0
 42
7.5
 43
20.0
 44
420.0
 45
297.0
 46
0.0
 47
0.0
 48
0.0
 49
0.0
140
0.0
141
0.0
142
1.0
143
1.0
 70
1024
 72
1
 73
0
 74
5
  7

 75
16
 76
0
 77
2
 78
300
147
1.0
148
0.0
149
0.0
100
AcDbLayout
  1
Model
 70
1
 71
0
 10
0.0
 20
0.0
 11
420.0
 21
297.0
 12
0.0
 22
0.0
 32
0.0
 14
1e+20
 24
1e+20
 34
1e+20
 15
-1e+20
 25
-1e+20
 35
-1e+20
146
0.0
 13
0.0
 23
0.0
 33
0.0
 16
1.0
 26
0.0
 36
0.0
 17
0.0
 27
1.0
 37
0.0
 76
1
330
17
  0
LAYOUT
  5
1E
330
D
100
AcDbPlotSettings
  1

  4
A3
  6

 40
7.5
 41
20.0
 42
7.5
 43
20.0
 44
420.0
 45
297.0
 46
0.0
 47
0.0
 48
0.0
 49
0.0
140
0.0
141
0.0
142
1.0
143
1.0
 70
0
 72
1
 73
0
 74
5
  7

 75
16
 76
0
 77
2
 78
300
147
1.0
148
0.0
149
0.0
100
AcDbLayout
  1
Layout1
 70
1
 71
1
 10
0.0
 20
0.0
 11
420.0
 21
297.0
 12
0.0
 22
0.0
 32
0.0
 14
1e+20
 24
1e+20
 34
1e+20
 15
-1e+20
 25
-1e+20
 35
-1e+20
146
0.0
 13
0.0
 23
0.0
 33
0.0
 16
1.0
 26
0.0
 36
0.0
 17
0.0
 27
1.0
 37
0.0
 76
1
330
1B
  0
MATERIAL
  5
1F
102
{ACAD_REACTORS
330
E
102
}
330
E
100
AcDbMaterial
  1
ByBlock
  2

 70
0
 40
1.0
 71
1
 41
1.0
 91
-1023410177
 42
1.0
 72
1
  3

 73
1
 74
1
 75
1
 44
0.5
 73
0
 45
1.0
 46
1.0
 77
1
  4

 78
1
 79
1
170
1
 48
1.0
171
1
  6

172
1
173
1
174
1
140
1.0
141
1.0
175
1
  7

176
1
177
1
178
1
143
1.0
179
1
  8

270
1
271
1
272
1
145
1.0
146
1.0
273
1
  9

274
1
275
1
276
1
 42
1.0
 72
1
  3

 73
1
 74
1
 75
1
 94
63
  0
MATERIAL
  5
20
102
{ACAD_REACTORS
330
E
102
}
330
E
100
AcDbMaterial
  1
ByLayer
  2

 70
0
 40
1.0
 71
1
 41
1.0
 91
-1023410177
 42
1.0
 72
1
  3

 73
1
 74
1
 75
1
 44
0.5
 73
0
 45
1.0
 46
1.0
 77
1
  4

 78
1
 79
1
170
1
 48
1.0
171
1
  6

172
1
173
1
174
1
140
1.0
141
1.0
175
1
  7

176
1
177
1
178
1
143
1.0
179
1
  8

270
1
271
1
272
1
145
1.0
146
1.0
273
1
  9

274
1
275
1
276
1
 42
1.0
 72
1
  3

 73
1
 74
1
 75
1
 94
63
  0
MATERIAL
  5
21
102
{ACAD_REACTORS
330
E
102
}
330
E
100
AcDbMaterial
  1
Global
  2

 70
0
 40
1.0
 71
1
 41
1.0
 91
-1023410177
 42
1.0
 72
1
  3

 73
1
 74
1
 75
1
 44
0.5
 73
0
 45
1.0
 46
1.0
 77
1
  4

 78
1
 79
1
170
1
 48
1.0
171
1
  6

172
1
173
1
174
1
140
1.0
141
1.0
175
1
  7

176
1
177
1
178
1
143
1.0
179
1
  8

270
1
271
1
272
1
145
1.0
146
1.0
273
1
  9

274
1
275
1
276
1
 42
1.0
 72
1
  3

 73
1
 74
1
 75
1
 94
63
  0
MLINESTYLE
  5
22
102
{ACAD_REACTORS
330
10
102
}
330
10
100
AcDbMlineStyle
  2
Standard
 70
0
  3

 62
256
 51
90.0
 52
90.0
 71
2
 49
0.5
 62
256
  6
BYLAYER
 49
-0.5
 62
256
  6
BYLAYER
  0
MLEADERSTYLE
  5
2C
102
{ACAD_REACTORS
330
F
102
}
330
F
100
AcDbMLeaderStyle
179
2
170
2
171
1
172
0
 90
2
 40
0.0
 41
0.0
173
1
 91
-1056964608
 92
-2
290
1
 42
2.0
291
1
 43
8.0
  3
Standard
 44
4.0
300

342
29
174
1
175
1
176
0
178
1
 93
-1056964608
 45
4.0
292
0
297
0
 46
4.0
 94
-1056964608
 47
1.0
 49
1.0
140
1.0
294
1
141
0.0
177
0
142
1.0
295
0
296
0
143
3.75
271
0
272
9
273
9
  0
DICTIONARY
  5
2D
330
A
100
AcDbDictionary
280
1
281
1
  3
CREATED_BY_EZDXF
350
2E
  3
WRITTEN_BY_EZDXF
350
B9
  0
DICTIONARYVAR
  5
2E
330
2D
100
DictionaryVariables
280
0
  1
1.4.4 @ 2026-06-09T00:17:50.055431+00:00
  0
RASTERVARIABLES
  5
37
102
{ACAD_REACTORS
330
A
102
}
330
A
100
AcDbRasterVariables
 90
0
 70
0
 71
1
 72
3
  0
DICTIONARY
  5
38
330
A
100
AcDbDictionary
281
1
  3
orthophotos/underlay/plan_AileOuest_0.png
350
39
  3
orthophotos/underlay/plan_AileOuest_1.png
350
3C
  3
orthophotos/underlay/plan_AileSudEst_0.png
350
3F
  3
orthophotos/underlay/plan_AileSudEst_1.png
350
42
  3
orthophotos/underlay/plan_Atelier_0.png
350
45
  3
orthophotos/underlay/plan_Atelier_1.png
350
48
  3
orthophotos/underlay/plan_Chapelle_0.png
350
4B
  3
orthophotos/underlay/plan_Chapelle_1.png
350
4E
  3
orthophotos/underlay/plan_Maisonprincipale_0.png
350
51
  3
orthophotos/underlay/plan_Maisonprincipale_1.png
350
54
  0
IMAGEDEF
  5
39
102
{ACAD_REACTORS
330
38
330
3B
102
}
330
38
100
AcDbRasterImageDef
 90
0
  1
orthophotos/underlay/plan_AileOuest_0.png
 10
1632.0
 20
2740.0
 11
0.01
 21
0.01
280
1
281
0
  0
IMAGEDEF_REACTOR
  5
3B
330
3A
100
AcDbRasterImageDefReactor
 90
2
330
3A
  0
IMAGEDEF
  5
3C
102
{ACAD_REACTORS
330
38
330
3E
102
}
330
38
100
AcDbRasterImageDef
 90
0
  1
orthophotos/underlay/plan_AileOuest_1.png
 10
1632.0
 20
2740.0
 11
0.01
 21
0.01
280
1
281
0
  0
IMAGEDEF_REACTOR
  5
3E
330
3D
100
AcDbRasterImageDefReactor
 90
2
330
3D
  0
IMAGEDEF
  5
3F
102
{ACAD_REACTORS
330
38
330
41
102
}
330
38
100
AcDbRasterImageDef
 90
0
  1
orthophotos/underlay/plan_AileSudEst_0.png
 10
2796.0
 20
2789.0
 11
0.01
 21
0.01
280
1
281
0
  0
IMAGEDEF_REACTOR
  5
41
330
40
100
AcDbRasterImageDefReactor
 90
2
330
40
  0
IMAGEDEF
  5
42
102
{ACAD_REACTORS
330
38
330
44
102
}
330
38
100
AcDbRasterImageDef
 90
0
  1
orthophotos/underlay/plan_AileSudEst_1.png
 10
2796.0
 20
2789.0
 11
0.01
 21
0.01
280
1
281
0
  0
IMAGEDEF_REACTOR
  5
44
330
43
100
AcDbRasterImageDefReactor
 90
2
330
43
  0
IMAGEDEF
  5
45
102
{ACAD_REACTORS
330
38
330
47
102
}
330
38
100
AcDbRasterImageDef
 90
0
  1
orthophotos/underlay/plan_Atelier_0.png
 10
2790.0
 20
1229.0
 11
0.01
 21
0.01
280
1
281
0
  0
IMAGEDEF_REACTOR
  5
47
330
46
100
AcDbRasterImageDefReactor
 90
2
330
46
  0
IMAGEDEF
  5
48
102
{ACAD_REACTORS
330
38
330
4A
102
}
330
38
100
AcDbRasterImageDef
 90
0
  1
orthophotos/underlay/plan_Atelier_1.png
 10
2790.0
 20
1229.0
 11
0.01
 21
0.01
280
1
281
0
  0
IMAGEDEF_REACTOR
  5
4A
330
49
100
AcDbRasterImageDefReactor
 90
2
330
49
  0
IMAGEDEF
  5
4B
102
{ACAD_REACTORS
330
38
330
4D
102
}
330
38
100
AcDbRasterImageDef
 90
0
  1
orthophotos/underlay/plan_Chapelle_0.png
 10
2116.0
 20
1663.0
 11
0.01
 21
0.01
280
1
281
0
  0
IMAGEDEF_REACTOR
  5
4D
330
4C
100
AcDbRasterImageDefReactor
 90
2
330
4C
  0
IMAGEDEF
  5
4E
102
{ACAD_REACTORS
330
38
330
50
102
}
330
38
100
AcDbRasterImageDef
 90
0
  1
orthophotos/underlay/plan_Chapelle_1.png
 10
2116.0
 20
1663.0
 11
0.01
 21
0.01
280
1
281
0
  0
IMAGEDEF_REACTOR
  5
50
330
4F
100
AcDbRasterImageDefReactor
 90
2
330
4F
  0
IMAGEDEF
  5
51
102
{ACAD_REACTORS
330
38
330
53
102
}
330
38
100
AcDbRasterImageDef
 90
0
  1
orthophotos/underlay/plan_Maisonprincipale_0.png
 10
1883.0
 20
1937.0
 11
0.01
 21
0.01
280
1
281
0
  0
IMAGEDEF_REACTOR
  5
53
330
52
100
AcDbRasterImageDefReactor
 90
2
330
52
  0
IMAGEDEF
  5
54
102
{ACAD_REACTORS
330
38
330
56
102
}
330
38
100
AcDbRasterImageDef
 90
0
  1
orthophotos/underlay/plan_Maisonprincipale_1.png
 10
1883.0
 20
1937.0
 11
0.01
 21
0.01
280
1
281
0
  0
IMAGEDEF_REACTOR
  5
56
330
55
100
AcDbRasterImageDefReactor
 90
2
330
55
  0
DICTIONARYVAR
  5
B9
330
2D
100
DictionaryVariables
280
0
  1
1.4.4 @ 2026-06-11T21:14:37.959116+00:00
  0
ENDSEC
  0
EOF
